fecha,metrica,procesadora,valor,origen
01/02/2018,Cantidad de Tarjetas de Crédito Activas por Operadora,1005539,1002112,OMP 01
01/03/2018,Cantidad de Tarjetas de Crédito Activas por Operadora,1005539,1000466,OMP 01
01/04/2018,Cantidad de Tarjetas de Crédito Activas por Operadora,1005539,996605,OMP 01
01/05/2018,Cantidad de Tarjetas de Crédito Activas por Operadora,1005539,996007,OMP 01
01/06/2018,Cantidad de Tarjetas de Crédito Activas por Operadora,1005539,992426,OMP 01
01/07/2018,Cantidad de Tarjetas de Crédito Activas por Operadora,1005539,993651,OMP 01
01/08/2018,Cantidad de Tarjetas de Crédito Activas por Operadora,1005539,994186,OMP 01
01/09/2018,Cantidad de Tarjetas de Crédito Activas por Operadora,1005539,994392,OMP 01
01/10/2018,Cantidad de Tarjetas de Crédito Activas por Operadora,1005539,995160,OMP 01
01/11/2018,Cantidad de Tarjetas de Crédito Activas por Operadora,1005539,999531,OMP 01
01/12/2018,Cantidad de Tarjetas de Crédito Activas por Operadora,1005539,995563,OMP 01
01/01/2019,Cantidad de Tarjetas de Crédito Activas por Operadora,1005539,993087,OMP 01
01/02/2019,Cantidad de Tarjetas de Crédito Activas por Operadora,1005539,992405,OMP 01
01/03/2019,Cantidad de Tarjetas de Crédito Activas por Operadora,1005539,992534,OMP 01
01/04/2019,Cantidad de Tarjetas de Crédito Activas por Operadora,1005539,991901,OMP 01
01/05/2019,Cantidad de Tarjetas de Crédito Activas por Operadora,1005539,992299,OMP 01
01/06/2019,Cantidad de Tarjetas de Crédito Activas por Operadora,1005539,991109,OMP 01
01/07/2019,Cantidad de Tarjetas de Crédito Activas por Operadora,1005539,990083,OMP 01
01/08/2019,Cantidad de Tarjetas de Crédito Activas por Operadora,1005539,990822,OMP 01
01/09/2019,Cantidad de Tarjetas de Crédito Activas por Operadora,1005539,991919,OMP 01
01/10/2019,Cantidad de Tarjetas de Crédito Activas por Operadora,1005539,991633,OMP 01
01/11/2019,Cantidad de Tarjetas de Crédito Activas por Operadora,1005539,994335,OMP 01
01/12/2019,Cantidad de Tarjetas de Crédito Activas por Operadora,1005539,995074,OMP 01
01/01/2020,Cantidad de Tarjetas de Crédito Activas por Operadora,1005539,993979,OMP 01
01/02/2020,Cantidad de Tarjetas de Crédito Activas por Operadora,1005539,995533,OMP 01
01/03/2020,Cantidad de Tarjetas de Crédito Activas por Operadora,1005539,994239,OMP 01
01/04/2020,Cantidad de Tarjetas de Crédito Activas por Operadora,1005539,990341,OMP 01
01/05/2020,Cantidad de Tarjetas de Crédito Activas por Operadora,1005539,989999,OMP 01
01/06/2020,Cantidad de Tarjetas de Crédito Activas por Operadora,1005539,983099,OMP 01
01/07/2020,Cantidad de Tarjetas de Crédito Activas por Operadora,1005539,974953,OMP 01
01/08/2020,Cantidad de Tarjetas de Crédito Activas por Operadora,1005539,965754,OMP 01
01/09/2020,Cantidad de Tarjetas de Crédito Activas por Operadora,1005539,954582,OMP 01
01/10/2020,Cantidad de Tarjetas de Crédito Activas por Operadora,1005539,946099,OMP 01
01/11/2020,Cantidad de Tarjetas de Crédito Activas por Operadora,1005539,942052,OMP 01
01/12/2020,Cantidad de Tarjetas de Crédito Activas por Operadora,1005539,935427,OMP 01
01/01/2021,Cantidad de Tarjetas de Crédito Activas por Operadora,1005539,928765,OMP 01
01/02/2021,Cantidad de Tarjetas de Crédito Activas por Operadora,1005539,931022,OMP 01
01/03/2021,Cantidad de Tarjetas de Crédito Activas por Operadora,1005539,932584,OMP 01
01/04/2021,Cantidad de Tarjetas de Crédito Activas por Operadora,1005539,934831,OMP 01
01/05/2021,Cantidad de Tarjetas de Crédito Activas por Operadora,1005539,938543,OMP 01
01/06/2021,Cantidad de Tarjetas de Crédito Activas por Operadora,1005539,936292,OMP 01
01/07/2021,Cantidad de Tarjetas de Crédito Activas por Operadora,1005539,939741,OMP 01
01/08/2021,Cantidad de Tarjetas de Crédito Activas por Operadora,1005539,940685,OMP 01
01/09/2021,Cantidad de Tarjetas de Crédito Activas por Operadora,1005539,947403,OMP 01
01/10/2021,Cantidad de Tarjetas de Crédito Activas por Operadora,1005539,954024,OMP 01
01/11/2021,Cantidad de Tarjetas de Crédito Activas por Operadora,1005539,960582,OMP 01
01/12/2021,Cantidad de Tarjetas de Crédito Activas por Operadora,1005539,964857,OMP 01
01/01/2022,Cantidad de Tarjetas de Crédito Activas por Operadora,1005539,969013,OMP 01
01/02/2022,Cantidad de Tarjetas de Crédito Activas por Operadora,1005539,978929,OMP 01
01/03/2022,Cantidad de Tarjetas de Crédito Activas por Operadora,1005539,987948,OMP 01
01/04/2022,Cantidad de Tarjetas de Crédito Activas por Operadora,1005539,998978,OMP 01
01/05/2022,Cantidad de Tarjetas de Crédito Activas por Operadora,1005539,1010250,OMP 01
01/06/2022,Cantidad de Tarjetas de Crédito Activas por Operadora,1005539,1019722,OMP 01
01/07/2022,Cantidad de Tarjetas de Crédito Activas por Operadora,1005539,1030944,OMP 01
01/08/2022,Cantidad de Tarjetas de Crédito Activas por Operadora,1005539,1040316,OMP 01
01/09/2022,Cantidad de Tarjetas de Crédito Activas por Operadora,1005539,1047404,OMP 01
01/10/2022,Cantidad de Tarjetas de Crédito Activas por Operadora,1005539,1053882,OMP 01
01/11/2022,Cantidad de Tarjetas de Crédito Activas por Operadora,1005539,1056726,OMP 01
01/12/2022,Cantidad de Tarjetas de Crédito Activas por Operadora,1005539,1056850,OMP 01
01/01/2023,Cantidad de Tarjetas de Crédito Activas por Operadora,1005539,1062501,OMP 01
01/02/2023,Cantidad de Tarjetas de Crédito Activas por Operadora,1005539,1040086,OMP 01
01/03/2023,Cantidad de Tarjetas de Crédito Activas por Operadora,1005539,1045526,OMP 01
01/04/2023,Cantidad de Tarjetas de Crédito Activas por Operadora,1005539,1050308,OMP 01
01/05/2023,Cantidad de Tarjetas de Crédito Activas por Operadora,1005539,1059386,OMP 01
01/06/2023,Cantidad de Tarjetas de Crédito Activas por Operadora,1005539,1066072,OMP 01
01/07/2023,Cantidad de Tarjetas de Crédito Activas por Operadora,1005539,1071360,OMP 01
01/08/2023,Cantidad de Tarjetas de Crédito Activas por Operadora,1005539,1076805,OMP 01
01/09/2023,Cantidad de Tarjetas de Crédito Activas por Operadora,1005539,1077553,OMP 01
01/10/2023,Cantidad de Tarjetas de Crédito Activas por Operadora,1005539,1080464,OMP 01
01/11/2023,Cantidad de Tarjetas de Crédito Activas por Operadora,1005539,1082504,OMP 01
01/12/2023,Cantidad de Tarjetas de Crédito Activas por Operadora,1005539,1079008,OMP 01
01/01/2024,Cantidad de Tarjetas de Crédito Activas por Operadora,1005539,1081958,OMP 01
01/02/2024,Cantidad de Tarjetas de Crédito Activas por Operadora,1005539,1087704,OMP 01
01/03/2024,Cantidad de Tarjetas de Crédito Activas por Operadora,1005539,1080036,OMP 01
01/04/2024,Cantidad de Tarjetas de Crédito Activas por Operadora,1005539,1080370,OMP 01
01/05/2024,Cantidad de Tarjetas de Crédito Activas por Operadora,1005539,1084417,OMP 01
01/06/2024,Cantidad de Tarjetas de Crédito Activas por Operadora,1005539,1023142,OMP 01
01/07/2024,Cantidad de Tarjetas de Crédito Activas por Operadora,1005539,1031698,OMP 01
01/08/2024,Cantidad de Tarjetas de Crédito Activas por Operadora,1005539,1036053,OMP 01
01/09/2024,Cantidad de Tarjetas de Crédito Activas por Operadora,1005539,1045263,OMP 01
01/10/2024,Cantidad de Tarjetas de Crédito Activas por Operadora,1005539,1057468,OMP 01
01/11/2024,Cantidad de Tarjetas de Crédito Activas por Operadora,1005539,1068776,OMP 01
01/12/2024,Cantidad de Tarjetas de Crédito Activas por Operadora,1005539,1088719,OMP 01
01/01/2025,Cantidad de Tarjetas de Crédito Activas por Operadora,1005539,1097206,OMP 01
01/02/2025,Cantidad de Tarjetas de Crédito Activas por Operadora,1005539,1104068,OMP 01
01/03/2025,Cantidad de Tarjetas de Crédito Activas por Operadora,1005539,1110969,OMP 01
01/04/2025,Cantidad de Tarjetas de Crédito Activas por Operadora,1005539,1116401,OMP 01
01/05/2025,Cantidad de Tarjetas de Crédito Activas por Operadora,1005539,1125865,OMP 01
01/06/2025,Cantidad de Tarjetas de Crédito Activas por Operadora,1005539,1139356,OMP 01
01/07/2025,Cantidad de Tarjetas de Crédito Activas por Operadora,1005539,1153000,OMP 01
01/08/2025,Cantidad de Tarjetas de Crédito Activas por Operadora,1005539,1161230,OMP 01
01/09/2025,Cantidad de Tarjetas de Crédito Activas por Operadora,1005539,1170262,OMP 01
01/10/2025,Cantidad de Tarjetas de Crédito Activas por Operadora,1005539,1181104,OMP 01
01/11/2025,Cantidad de Tarjetas de Crédito Activas por Operadora,1005539,1205643,OMP 01
01/12/2025,Cantidad de Tarjetas de Crédito Activas por Operadora,1005539,1210425,OMP 01
01/01/2026,Cantidad de Tarjetas de Crédito Activas por Operadora,1005539,1218264,OMP 01
01/02/2026,Cantidad de Tarjetas de Crédito Activas por Operadora,1005539,1224806,OMP 01
01/03/2026,Cantidad de Tarjetas de Crédito Activas por Operadora,1005539,1228454,OMP 01
01/02/2018,Cantidad de Tarjetas de Crédito Activas por Operadora,4454,4305,OMP 01
01/03/2018,Cantidad de Tarjetas de Crédito Activas por Operadora,4454,4352,OMP 01
01/04/2018,Cantidad de Tarjetas de Crédito Activas por Operadora,4454,4359,OMP 01
01/05/2018,Cantidad de Tarjetas de Crédito Activas por Operadora,4454,5954,OMP 01
01/06/2018,Cantidad de Tarjetas de Crédito Activas por Operadora,4454,7096,OMP 01
01/07/2018,Cantidad de Tarjetas de Crédito Activas por Operadora,4454,6335,OMP 01
01/08/2018,Cantidad de Tarjetas de Crédito Activas por Operadora,4454,6569,OMP 01
01/09/2018,Cantidad de Tarjetas de Crédito Activas por Operadora,4454,6603,OMP 01
01/10/2018,Cantidad de Tarjetas de Crédito Activas por Operadora,4454,7054,OMP 01
01/11/2018,Cantidad de Tarjetas de Crédito Activas por Operadora,4454,7179,OMP 01
01/12/2018,Cantidad de Tarjetas de Crédito Activas por Operadora,4454,7782,OMP 01
01/01/2019,Cantidad de Tarjetas de Crédito Activas por Operadora,4454,7761,OMP 01
01/02/2019,Cantidad de Tarjetas de Crédito Activas por Operadora,4454,7522,OMP 01
01/03/2019,Cantidad de Tarjetas de Crédito Activas por Operadora,4454,7426,OMP 01
01/04/2019,Cantidad de Tarjetas de Crédito Activas por Operadora,4454,7347,OMP 01
01/05/2019,Cantidad de Tarjetas de Crédito Activas por Operadora,4454,7210,OMP 01
01/06/2019,Cantidad de Tarjetas de Crédito Activas por Operadora,4454,5434,OMP 01
01/07/2019,Cantidad de Tarjetas de Crédito Activas por Operadora,4454,5559,OMP 01
01/08/2019,Cantidad de Tarjetas de Crédito Activas por Operadora,4454,5571,OMP 01
01/09/2019,Cantidad de Tarjetas de Crédito Activas por Operadora,4454,5440,OMP 01
01/10/2019,Cantidad de Tarjetas de Crédito Activas por Operadora,4454,5553,OMP 01
01/11/2019,Cantidad de Tarjetas de Crédito Activas por Operadora,4454,5531,OMP 01
01/12/2019,Cantidad de Tarjetas de Crédito Activas por Operadora,4454,5219,OMP 01
01/01/2020,Cantidad de Tarjetas de Crédito Activas por Operadora,4454,5215,OMP 01
01/02/2020,Cantidad de Tarjetas de Crédito Activas por Operadora,4454,5203,OMP 01
01/03/2020,Cantidad de Tarjetas de Crédito Activas por Operadora,4454,5156,OMP 01
01/04/2020,Cantidad de Tarjetas de Crédito Activas por Operadora,4454,5073,OMP 01
01/05/2020,Cantidad de Tarjetas de Crédito Activas por Operadora,4454,5030,OMP 01
01/06/2020,Cantidad de Tarjetas de Crédito Activas por Operadora,4454,5096,OMP 01
01/07/2020,Cantidad de Tarjetas de Crédito Activas por Operadora,4454,5047,OMP 01
01/08/2020,Cantidad de Tarjetas de Crédito Activas por Operadora,4454,4972,OMP 01
01/09/2020,Cantidad de Tarjetas de Crédito Activas por Operadora,4454,4875,OMP 01
01/10/2020,Cantidad de Tarjetas de Crédito Activas por Operadora,4454,4867,OMP 01
01/11/2020,Cantidad de Tarjetas de Crédito Activas por Operadora,4454,4846,OMP 01
01/12/2020,Cantidad de Tarjetas de Crédito Activas por Operadora,4454,4638,OMP 01
01/01/2021,Cantidad de Tarjetas de Crédito Activas por Operadora,4454,4335,OMP 01
01/02/2021,Cantidad de Tarjetas de Crédito Activas por Operadora,4454,4338,OMP 01
01/03/2021,Cantidad de Tarjetas de Crédito Activas por Operadora,4454,4340,OMP 01
01/04/2021,Cantidad de Tarjetas de Crédito Activas por Operadora,4454,4618,OMP 01
01/05/2021,Cantidad de Tarjetas de Crédito Activas por Operadora,4454,4527,OMP 01
01/06/2021,Cantidad de Tarjetas de Crédito Activas por Operadora,4454,4586,OMP 01
01/07/2021,Cantidad de Tarjetas de Crédito Activas por Operadora,4454,4728,OMP 01
01/08/2021,Cantidad de Tarjetas de Crédito Activas por Operadora,4454,4941,OMP 01
01/09/2021,Cantidad de Tarjetas de Crédito Activas por Operadora,4454,4851,OMP 01
01/10/2021,Cantidad de Tarjetas de Crédito Activas por Operadora,4454,4675,OMP 01
01/11/2021,Cantidad de Tarjetas de Crédito Activas por Operadora,4454,4450,OMP 01
01/12/2021,Cantidad de Tarjetas de Crédito Activas por Operadora,4454,4463,OMP 01
01/01/2022,Cantidad de Tarjetas de Crédito Activas por Operadora,4454,4996,OMP 01
01/02/2022,Cantidad de Tarjetas de Crédito Activas por Operadora,4454,4886,OMP 01
01/03/2022,Cantidad de Tarjetas de Crédito Activas por Operadora,4454,4699,OMP 01
01/04/2022,Cantidad de Tarjetas de Crédito Activas por Operadora,4454,5306,OMP 01
01/05/2022,Cantidad de Tarjetas de Crédito Activas por Operadora,4454,5037,OMP 01
01/06/2022,Cantidad de Tarjetas de Crédito Activas por Operadora,4454,4788,OMP 01
01/07/2022,Cantidad de Tarjetas de Crédito Activas por Operadora,4454,5139,OMP 01
01/08/2022,Cantidad de Tarjetas de Crédito Activas por Operadora,4454,4556,OMP 01
01/09/2022,Cantidad de Tarjetas de Crédito Activas por Operadora,4454,5852,OMP 01
01/10/2022,Cantidad de Tarjetas de Crédito Activas por Operadora,4454,7979,OMP 01
01/11/2022,Cantidad de Tarjetas de Crédito Activas por Operadora,4454,8517,OMP 01
01/12/2022,Cantidad de Tarjetas de Crédito Activas por Operadora,4454,10193,OMP 01
01/01/2023,Cantidad de Tarjetas de Crédito Activas por Operadora,4454,26892,OMP 01
01/02/2023,Cantidad de Tarjetas de Crédito Activas por Operadora,4454,52281,OMP 01
01/03/2023,Cantidad de Tarjetas de Crédito Activas por Operadora,4454,32164,OMP 01
01/04/2023,Cantidad de Tarjetas de Crédito Activas por Operadora,4454,32527,OMP 01
01/05/2023,Cantidad de Tarjetas de Crédito Activas por Operadora,4454,33719,OMP 01
01/06/2023,Cantidad de Tarjetas de Crédito Activas por Operadora,4454,34661,OMP 01
01/07/2023,Cantidad de Tarjetas de Crédito Activas por Operadora,4454,35651,OMP 01
01/08/2023,Cantidad de Tarjetas de Crédito Activas por Operadora,4454,38310,OMP 01
01/09/2023,Cantidad de Tarjetas de Crédito Activas por Operadora,4454,37343,OMP 01
01/10/2023,Cantidad de Tarjetas de Crédito Activas por Operadora,4454,38763,OMP 01
01/11/2023,Cantidad de Tarjetas de Crédito Activas por Operadora,4454,40823,OMP 01
01/12/2023,Cantidad de Tarjetas de Crédito Activas por Operadora,4454,56613,OMP 01
01/01/2024,Cantidad de Tarjetas de Crédito Activas por Operadora,4454,68190,OMP 01
01/02/2024,Cantidad de Tarjetas de Crédito Activas por Operadora,4454,79636,OMP 01
01/03/2024,Cantidad de Tarjetas de Crédito Activas por Operadora,4454,176159,OMP 01
01/04/2024,Cantidad de Tarjetas de Crédito Activas por Operadora,4454,130619,OMP 01
01/05/2024,Cantidad de Tarjetas de Crédito Activas por Operadora,4454,137625,OMP 01
01/06/2024,Cantidad de Tarjetas de Crédito Activas por Operadora,4454,161735,OMP 01
01/07/2024,Cantidad de Tarjetas de Crédito Activas por Operadora,4454,173429,OMP 01
01/08/2024,Cantidad de Tarjetas de Crédito Activas por Operadora,4454,180070,OMP 01
01/09/2024,Cantidad de Tarjetas de Crédito Activas por Operadora,4454,194080,OMP 01
01/10/2024,Cantidad de Tarjetas de Crédito Activas por Operadora,4454,204124,OMP 01
01/11/2024,Cantidad de Tarjetas de Crédito Activas por Operadora,4454,216868,OMP 01
01/12/2024,Cantidad de Tarjetas de Crédito Activas por Operadora,4454,224299,OMP 01
01/01/2025,Cantidad de Tarjetas de Crédito Activas por Operadora,4454,228638,OMP 01
01/02/2025,Cantidad de Tarjetas de Crédito Activas por Operadora,4454,257252,OMP 01
01/03/2025,Cantidad de Tarjetas de Crédito Activas por Operadora,4454,262845,OMP 01
01/04/2025,Cantidad de Tarjetas de Crédito Activas por Operadora,4454,280984,OMP 01
01/05/2025,Cantidad de Tarjetas de Crédito Activas por Operadora,4454,284625,OMP 01
01/06/2025,Cantidad de Tarjetas de Crédito Activas por Operadora,4454,280882,OMP 01
01/07/2025,Cantidad de Tarjetas de Crédito Activas por Operadora,4454,290233,OMP 01
01/08/2025,Cantidad de Tarjetas de Crédito Activas por Operadora,4454,292020,OMP 01
01/09/2025,Cantidad de Tarjetas de Crédito Activas por Operadora,4454,303691,OMP 01
01/10/2025,Cantidad de Tarjetas de Crédito Activas por Operadora,4454,319776,OMP 01
01/11/2025,Cantidad de Tarjetas de Crédito Activas por Operadora,4454,353107,OMP 01
01/12/2025,Cantidad de Tarjetas de Crédito Activas por Operadora,4454,365600,OMP 01
01/01/2026,Cantidad de Tarjetas de Crédito Activas por Operadora,4454,368143,OMP 01
01/02/2026,Cantidad de Tarjetas de Crédito Activas por Operadora,4454,373450,OMP 01
01/03/2026,Cantidad de Tarjetas de Crédito Activas por Operadora,4454,381405,OMP 01
01/02/2018,Cantidad de Tarjetas de Crédito Activas por Operadora,107726,107143,OMP 01
01/03/2018,Cantidad de Tarjetas de Crédito Activas por Operadora,107726,106633,OMP 01
01/04/2018,Cantidad de Tarjetas de Crédito Activas por Operadora,107726,106319,OMP 01
01/05/2018,Cantidad de Tarjetas de Crédito Activas por Operadora,107726,105751,OMP 01
01/06/2018,Cantidad de Tarjetas de Crédito Activas por Operadora,107726,104936,OMP 01
01/07/2018,Cantidad de Tarjetas de Crédito Activas por Operadora,107726,105338,OMP 01
01/08/2018,Cantidad de Tarjetas de Crédito Activas por Operadora,107726,105578,OMP 01
01/09/2018,Cantidad de Tarjetas de Crédito Activas por Operadora,107726,105918,OMP 01
01/10/2018,Cantidad de Tarjetas de Crédito Activas por Operadora,107726,106276,OMP 01
01/11/2018,Cantidad de Tarjetas de Crédito Activas por Operadora,107726,106898,OMP 01
01/12/2018,Cantidad de Tarjetas de Crédito Activas por Operadora,107726,107346,OMP 01
01/01/2019,Cantidad de Tarjetas de Crédito Activas por Operadora,107726,107114,OMP 01
01/02/2019,Cantidad de Tarjetas de Crédito Activas por Operadora,107726,107369,OMP 01
01/03/2019,Cantidad de Tarjetas de Crédito Activas por Operadora,107726,107670,OMP 01
01/04/2019,Cantidad de Tarjetas de Crédito Activas por Operadora,107726,107975,OMP 01
01/05/2019,Cantidad de Tarjetas de Crédito Activas por Operadora,107726,108407,OMP 01
01/06/2019,Cantidad de Tarjetas de Crédito Activas por Operadora,107726,108910,OMP 01
01/07/2019,Cantidad de Tarjetas de Crédito Activas por Operadora,107726,109936,OMP 01
01/08/2019,Cantidad de Tarjetas de Crédito Activas por Operadora,107726,110376,OMP 01
01/09/2019,Cantidad de Tarjetas de Crédito Activas por Operadora,107726,110832,OMP 01
01/10/2019,Cantidad de Tarjetas de Crédito Activas por Operadora,107726,111866,OMP 01
01/11/2019,Cantidad de Tarjetas de Crédito Activas por Operadora,107726,112496,OMP 01
01/12/2019,Cantidad de Tarjetas de Crédito Activas por Operadora,107726,113786,OMP 01
01/01/2020,Cantidad de Tarjetas de Crédito Activas por Operadora,107726,111632,OMP 01
01/02/2020,Cantidad de Tarjetas de Crédito Activas por Operadora,107726,111558,OMP 01
01/03/2020,Cantidad de Tarjetas de Crédito Activas por Operadora,107726,111337,OMP 01
01/04/2020,Cantidad de Tarjetas de Crédito Activas por Operadora,107726,111509,OMP 01
01/05/2020,Cantidad de Tarjetas de Crédito Activas por Operadora,107726,139857,OMP 01
01/06/2020,Cantidad de Tarjetas de Crédito Activas por Operadora,107726,137928,OMP 01
01/07/2020,Cantidad de Tarjetas de Crédito Activas por Operadora,107726,137243,OMP 01
01/08/2020,Cantidad de Tarjetas de Crédito Activas por Operadora,107726,136903,OMP 01
01/09/2020,Cantidad de Tarjetas de Crédito Activas por Operadora,107726,136183,OMP 01
01/10/2020,Cantidad de Tarjetas de Crédito Activas por Operadora,107726,136402,OMP 01
01/11/2020,Cantidad de Tarjetas de Crédito Activas por Operadora,107726,137187,OMP 01
01/12/2020,Cantidad de Tarjetas de Crédito Activas por Operadora,107726,138767,OMP 01
01/01/2021,Cantidad de Tarjetas de Crédito Activas por Operadora,107726,139900,OMP 01
01/02/2021,Cantidad de Tarjetas de Crédito Activas por Operadora,107726,141897,OMP 01
01/03/2021,Cantidad de Tarjetas de Crédito Activas por Operadora,107726,143966,OMP 01
01/04/2021,Cantidad de Tarjetas de Crédito Activas por Operadora,107726,146248,OMP 01
01/05/2021,Cantidad de Tarjetas de Crédito Activas por Operadora,107726,148518,OMP 01
01/06/2021,Cantidad de Tarjetas de Crédito Activas por Operadora,107726,148526,OMP 01
01/07/2021,Cantidad de Tarjetas de Crédito Activas por Operadora,107726,149492,OMP 01
01/08/2021,Cantidad de Tarjetas de Crédito Activas por Operadora,107726,151305,OMP 01
01/09/2021,Cantidad de Tarjetas de Crédito Activas por Operadora,107726,138524,OMP 01
01/10/2021,Cantidad de Tarjetas de Crédito Activas por Operadora,107726,155407,OMP 01
01/11/2021,Cantidad de Tarjetas de Crédito Activas por Operadora,107726,158473,OMP 01
01/12/2021,Cantidad de Tarjetas de Crédito Activas por Operadora,107726,159069,OMP 01
01/01/2022,Cantidad de Tarjetas de Crédito Activas por Operadora,107726,160999,OMP 01
01/02/2022,Cantidad de Tarjetas de Crédito Activas por Operadora,107726,163644,OMP 01
01/03/2022,Cantidad de Tarjetas de Crédito Activas por Operadora,107726,166065,OMP 01
01/04/2022,Cantidad de Tarjetas de Crédito Activas por Operadora,107726,168811,OMP 01
01/05/2022,Cantidad de Tarjetas de Crédito Activas por Operadora,107726,171559,OMP 01
01/06/2022,Cantidad de Tarjetas de Crédito Activas por Operadora,107726,174489,OMP 01
01/07/2022,Cantidad de Tarjetas de Crédito Activas por Operadora,107726,176155,OMP 01
01/08/2022,Cantidad de Tarjetas de Crédito Activas por Operadora,107726,177162,OMP 01
01/09/2022,Cantidad de Tarjetas de Crédito Activas por Operadora,107726,178659,OMP 01
01/10/2022,Cantidad de Tarjetas de Crédito Activas por Operadora,107726,180300,OMP 01
01/11/2022,Cantidad de Tarjetas de Crédito Activas por Operadora,107726,181853,OMP 01
01/12/2022,Cantidad de Tarjetas de Crédito Activas por Operadora,107726,183308,OMP 01
01/01/2023,Cantidad de Tarjetas de Crédito Activas por Operadora,107726,185581,OMP 01
01/02/2023,Cantidad de Tarjetas de Crédito Activas por Operadora,107726,187099,OMP 01
01/03/2023,Cantidad de Tarjetas de Crédito Activas por Operadora,107726,189227,OMP 01
01/04/2023,Cantidad de Tarjetas de Crédito Activas por Operadora,107726,189094,OMP 01
01/05/2023,Cantidad de Tarjetas de Crédito Activas por Operadora,107726,190502,OMP 01
01/06/2023,Cantidad de Tarjetas de Crédito Activas por Operadora,107726,191661,OMP 01
01/07/2023,Cantidad de Tarjetas de Crédito Activas por Operadora,107726,193349,OMP 01
01/08/2023,Cantidad de Tarjetas de Crédito Activas por Operadora,107726,194932,OMP 01
01/09/2023,Cantidad de Tarjetas de Crédito Activas por Operadora,107726,196458,OMP 01
01/10/2023,Cantidad de Tarjetas de Crédito Activas por Operadora,107726,198572,OMP 01
01/11/2023,Cantidad de Tarjetas de Crédito Activas por Operadora,107726,200711,OMP 01
01/12/2023,Cantidad de Tarjetas de Crédito Activas por Operadora,107726,204014,OMP 01
01/01/2024,Cantidad de Tarjetas de Crédito Activas por Operadora,107726,207012,OMP 01
01/02/2024,Cantidad de Tarjetas de Crédito Activas por Operadora,107726,209446,OMP 01
01/03/2024,Cantidad de Tarjetas de Crédito Activas por Operadora,107726,137899,OMP 01
01/04/2024,Cantidad de Tarjetas de Crédito Activas por Operadora,107726,213611,OMP 01
01/05/2024,Cantidad de Tarjetas de Crédito Activas por Operadora,107726,218759,OMP 01
01/06/2024,Cantidad de Tarjetas de Crédito Activas por Operadora,107726,223976,OMP 01
01/07/2024,Cantidad de Tarjetas de Crédito Activas por Operadora,107726,228001,OMP 01
01/08/2024,Cantidad de Tarjetas de Crédito Activas por Operadora,107726,230775,OMP 01
01/09/2024,Cantidad de Tarjetas de Crédito Activas por Operadora,107726,235807,OMP 01
01/10/2024,Cantidad de Tarjetas de Crédito Activas por Operadora,107726,239727,OMP 01
01/11/2024,Cantidad de Tarjetas de Crédito Activas por Operadora,107726,137317,OMP 01
01/12/2024,Cantidad de Tarjetas de Crédito Activas por Operadora,107726,135826,OMP 01
01/01/2025,Cantidad de Tarjetas de Crédito Activas por Operadora,107726,135169,OMP 01
01/02/2025,Cantidad de Tarjetas de Crédito Activas por Operadora,107726,136709,OMP 01
01/03/2025,Cantidad de Tarjetas de Crédito Activas por Operadora,107726,137059,OMP 01
01/04/2025,Cantidad de Tarjetas de Crédito Activas por Operadora,107726,135999,OMP 01
01/05/2025,Cantidad de Tarjetas de Crédito Activas por Operadora,107726,135185,OMP 01
01/06/2025,Cantidad de Tarjetas de Crédito Activas por Operadora,107726,134501,OMP 01
01/07/2025,Cantidad de Tarjetas de Crédito Activas por Operadora,107726,135927,OMP 01
01/08/2025,Cantidad de Tarjetas de Crédito Activas por Operadora,107726,136680,OMP 01
01/09/2025,Cantidad de Tarjetas de Crédito Activas por Operadora,107726,136449,OMP 01
01/10/2025,Cantidad de Tarjetas de Crédito Activas por Operadora,107726,137634,OMP 01
01/11/2025,Cantidad de Tarjetas de Crédito Activas por Operadora,107726,138690,OMP 01
01/12/2025,Cantidad de Tarjetas de Crédito Activas por Operadora,107726,138952,OMP 01
01/01/2026,Cantidad de Tarjetas de Crédito Activas por Operadora,107726,138326,OMP 01
01/02/2026,Cantidad de Tarjetas de Crédito Activas por Operadora,107726,138500,OMP 01
01/03/2026,Cantidad de Tarjetas de Crédito Activas por Operadora,107726,138215,OMP 01
01/02/2018,Cantidad de Tarjetas de Crédito Activas por Operadora,68691,68862,OMP 01
01/03/2018,Cantidad de Tarjetas de Crédito Activas por Operadora,68691,69063,OMP 01
01/04/2018,Cantidad de Tarjetas de Crédito Activas por Operadora,68691,73343,OMP 01
01/05/2018,Cantidad de Tarjetas de Crédito Activas por Operadora,68691,69339,OMP 01
01/06/2018,Cantidad de Tarjetas de Crédito Activas por Operadora,68691,69486,OMP 01
01/07/2018,Cantidad de Tarjetas de Crédito Activas por Operadora,68691,69580,OMP 01
01/08/2018,Cantidad de Tarjetas de Crédito Activas por Operadora,68691,69710,OMP 01
01/09/2018,Cantidad de Tarjetas de Crédito Activas por Operadora,68691,69747,OMP 01
01/10/2018,Cantidad de Tarjetas de Crédito Activas por Operadora,68691,69944,OMP 01
01/11/2018,Cantidad de Tarjetas de Crédito Activas por Operadora,68691,70178,OMP 01
01/12/2018,Cantidad de Tarjetas de Crédito Activas por Operadora,68691,70426,OMP 01
01/01/2019,Cantidad de Tarjetas de Crédito Activas por Operadora,68691,70352,OMP 01
01/02/2019,Cantidad de Tarjetas de Crédito Activas por Operadora,68691,70438,OMP 01
01/03/2019,Cantidad de Tarjetas de Crédito Activas por Operadora,68691,70511,OMP 01
01/04/2019,Cantidad de Tarjetas de Crédito Activas por Operadora,68691,70779,OMP 01
01/05/2019,Cantidad de Tarjetas de Crédito Activas por Operadora,68691,71137,OMP 01
01/06/2019,Cantidad de Tarjetas de Crédito Activas por Operadora,68691,71351,OMP 01
01/07/2019,Cantidad de Tarjetas de Crédito Activas por Operadora,68691,71651,OMP 01
01/08/2019,Cantidad de Tarjetas de Crédito Activas por Operadora,68691,71784,OMP 01
01/09/2019,Cantidad de Tarjetas de Crédito Activas por Operadora,68691,72026,OMP 01
01/10/2019,Cantidad de Tarjetas de Crédito Activas por Operadora,68691,72421,OMP 01
01/11/2019,Cantidad de Tarjetas de Crédito Activas por Operadora,68691,72722,OMP 01
01/12/2019,Cantidad de Tarjetas de Crédito Activas por Operadora,68691,72840,OMP 01
01/01/2020,Cantidad de Tarjetas de Crédito Activas por Operadora,68691,73057,OMP 01
01/02/2020,Cantidad de Tarjetas de Crédito Activas por Operadora,68691,73191,OMP 01
01/03/2020,Cantidad de Tarjetas de Crédito Activas por Operadora,68691,73273,OMP 01
01/04/2020,Cantidad de Tarjetas de Crédito Activas por Operadora,68691,73343,OMP 01
01/05/2020,Cantidad de Tarjetas de Crédito Activas por Operadora,68691,44423,OMP 01
01/06/2020,Cantidad de Tarjetas de Crédito Activas por Operadora,68691,44422,OMP 01
01/07/2020,Cantidad de Tarjetas de Crédito Activas por Operadora,68691,44588,OMP 01
01/08/2020,Cantidad de Tarjetas de Crédito Activas por Operadora,68691,44720,OMP 01
01/09/2020,Cantidad de Tarjetas de Crédito Activas por Operadora,68691,44858,OMP 01
01/10/2020,Cantidad de Tarjetas de Crédito Activas por Operadora,68691,45117,OMP 01
01/11/2020,Cantidad de Tarjetas de Crédito Activas por Operadora,68691,45226,OMP 01
01/12/2020,Cantidad de Tarjetas de Crédito Activas por Operadora,68691,45172,OMP 01
01/01/2021,Cantidad de Tarjetas de Crédito Activas por Operadora,68691,45022,OMP 01
01/02/2021,Cantidad de Tarjetas de Crédito Activas por Operadora,68691,44945,OMP 01
01/03/2021,Cantidad de Tarjetas de Crédito Activas por Operadora,68691,44870,OMP 01
01/04/2021,Cantidad de Tarjetas de Crédito Activas por Operadora,68691,44775,OMP 01
01/05/2021,Cantidad de Tarjetas de Crédito Activas por Operadora,68691,44574,OMP 01
01/06/2021,Cantidad de Tarjetas de Crédito Activas por Operadora,68691,44420,OMP 01
01/07/2021,Cantidad de Tarjetas de Crédito Activas por Operadora,68691,44406,OMP 01
01/08/2021,Cantidad de Tarjetas de Crédito Activas por Operadora,68691,44409,OMP 01
01/09/2021,Cantidad de Tarjetas de Crédito Activas por Operadora,68691,44550,OMP 01
01/10/2021,Cantidad de Tarjetas de Crédito Activas por Operadora,68691,44932,OMP 01
01/11/2021,Cantidad de Tarjetas de Crédito Activas por Operadora,68691,45255,OMP 01
01/12/2021,Cantidad de Tarjetas de Crédito Activas por Operadora,68691,45292,OMP 01
01/01/2022,Cantidad de Tarjetas de Crédito Activas por Operadora,68691,45494,OMP 01
01/02/2022,Cantidad de Tarjetas de Crédito Activas por Operadora,68691,45669,OMP 01
01/03/2022,Cantidad de Tarjetas de Crédito Activas por Operadora,68691,45955,OMP 01
01/04/2022,Cantidad de Tarjetas de Crédito Activas por Operadora,68691,46068,OMP 01
01/05/2022,Cantidad de Tarjetas de Crédito Activas por Operadora,68691,46304,OMP 01
01/06/2022,Cantidad de Tarjetas de Crédito Activas por Operadora,68691,46461,OMP 01
01/07/2022,Cantidad de Tarjetas de Crédito Activas por Operadora,68691,46741,OMP 01
01/08/2022,Cantidad de Tarjetas de Crédito Activas por Operadora,68691,46938,OMP 01
01/09/2022,Cantidad de Tarjetas de Crédito Activas por Operadora,68691,47166,OMP 01
01/10/2022,Cantidad de Tarjetas de Crédito Activas por Operadora,68691,47267,OMP 01
01/11/2022,Cantidad de Tarjetas de Crédito Activas por Operadora,68691,47254,OMP 01
01/12/2022,Cantidad de Tarjetas de Crédito Activas por Operadora,68691,47077,OMP 01
01/01/2023,Cantidad de Tarjetas de Crédito Activas por Operadora,68691,47095,OMP 01
01/02/2023,Cantidad de Tarjetas de Crédito Activas por Operadora,68691,47162,OMP 01
01/03/2023,Cantidad de Tarjetas de Crédito Activas por Operadora,68691,47305,OMP 01
01/04/2023,Cantidad de Tarjetas de Crédito Activas por Operadora,68691,47429,OMP 01
01/05/2023,Cantidad de Tarjetas de Crédito Activas por Operadora,68691,47383,OMP 01
01/06/2023,Cantidad de Tarjetas de Crédito Activas por Operadora,68691,47221,OMP 01
01/07/2023,Cantidad de Tarjetas de Crédito Activas por Operadora,68691,47209,OMP 01
01/08/2023,Cantidad de Tarjetas de Crédito Activas por Operadora,68691,47167,OMP 01
01/09/2023,Cantidad de Tarjetas de Crédito Activas por Operadora,68691,47068,OMP 01
01/10/2023,Cantidad de Tarjetas de Crédito Activas por Operadora,68691,47129,OMP 01
01/11/2023,Cantidad de Tarjetas de Crédito Activas por Operadora,68691,47008,OMP 01
01/12/2023,Cantidad de Tarjetas de Crédito Activas por Operadora,68691,46794,OMP 01
01/01/2024,Cantidad de Tarjetas de Crédito Activas por Operadora,68691,46753,OMP 01
01/02/2024,Cantidad de Tarjetas de Crédito Activas por Operadora,68691,46692,OMP 01
01/03/2024,Cantidad de Tarjetas de Crédito Activas por Operadora,68691,46638,OMP 01
01/04/2024,Cantidad de Tarjetas de Crédito Activas por Operadora,68691,46843,OMP 01
01/05/2024,Cantidad de Tarjetas de Crédito Activas por Operadora,68691,47082,OMP 01
01/06/2024,Cantidad de Tarjetas de Crédito Activas por Operadora,68691,47089,OMP 01
01/07/2024,Cantidad de Tarjetas de Crédito Activas por Operadora,68691,47261,OMP 01
01/08/2024,Cantidad de Tarjetas de Crédito Activas por Operadora,68691,47420,OMP 01
01/09/2024,Cantidad de Tarjetas de Crédito Activas por Operadora,68691,47587,OMP 01
01/10/2024,Cantidad de Tarjetas de Crédito Activas por Operadora,68691,47928,OMP 01
01/11/2024,Cantidad de Tarjetas de Crédito Activas por Operadora,68691,48170,OMP 01
01/12/2024,Cantidad de Tarjetas de Crédito Activas por Operadora,68691,48117,OMP 01
01/01/2025,Cantidad de Tarjetas de Crédito Activas por Operadora,68691,48303,OMP 01
01/02/2025,Cantidad de Tarjetas de Crédito Activas por Operadora,68691,48638,OMP 01
01/03/2025,Cantidad de Tarjetas de Crédito Activas por Operadora,68691,48978,OMP 01
01/04/2025,Cantidad de Tarjetas de Crédito Activas por Operadora,68691,49218,OMP 01
01/05/2025,Cantidad de Tarjetas de Crédito Activas por Operadora,68691,49456,OMP 01
01/06/2025,Cantidad de Tarjetas de Crédito Activas por Operadora,68691,49676,OMP 01
01/07/2025,Cantidad de Tarjetas de Crédito Activas por Operadora,68691,50020,OMP 01
01/08/2025,Cantidad de Tarjetas de Crédito Activas por Operadora,68691,50321,OMP 01
01/09/2025,Cantidad de Tarjetas de Crédito Activas por Operadora,68691,50562,OMP 01
01/10/2025,Cantidad de Tarjetas de Crédito Activas por Operadora,68691,51124,OMP 01
01/11/2025,Cantidad de Tarjetas de Crédito Activas por Operadora,68691,51390,OMP 01
01/12/2025,Cantidad de Tarjetas de Crédito Activas por Operadora,68691,51505,OMP 01
01/01/2026,Cantidad de Tarjetas de Crédito Activas por Operadora,68691,51873,OMP 01
01/02/2026,Cantidad de Tarjetas de Crédito Activas por Operadora,68691,54530,OMP 01
01/03/2026,Cantidad de Tarjetas de Crédito Activas por Operadora,68691,57162,OMP 01
01/02/2018,Cantidad de Tarjetas de Crédito Activas por Operadora,284773,283097,OMP 01
01/03/2018,Cantidad de Tarjetas de Crédito Activas por Operadora,284773,281741,OMP 01
01/04/2018,Cantidad de Tarjetas de Crédito Activas por Operadora,284773,281129,OMP 01
01/05/2018,Cantidad de Tarjetas de Crédito Activas por Operadora,284773,281809,OMP 01
01/06/2018,Cantidad de Tarjetas de Crédito Activas por Operadora,284773,281286,OMP 01
01/07/2018,Cantidad de Tarjetas de Crédito Activas por Operadora,284773,280248,OMP 01
01/08/2018,Cantidad de Tarjetas de Crédito Activas por Operadora,284773,277704,OMP 01
01/09/2018,Cantidad de Tarjetas de Crédito Activas por Operadora,284773,276827,OMP 01
01/10/2018,Cantidad de Tarjetas de Crédito Activas por Operadora,284773,275103,OMP 01
01/11/2018,Cantidad de Tarjetas de Crédito Activas por Operadora,284773,270268,OMP 01
01/12/2018,Cantidad de Tarjetas de Crédito Activas por Operadora,284773,269647,OMP 01
01/01/2019,Cantidad de Tarjetas de Crédito Activas por Operadora,284773,269016,OMP 01
01/02/2019,Cantidad de Tarjetas de Crédito Activas por Operadora,284773,268542,OMP 01
01/03/2019,Cantidad de Tarjetas de Crédito Activas por Operadora,284773,269646,OMP 01
01/04/2019,Cantidad de Tarjetas de Crédito Activas por Operadora,284773,269197,OMP 01
01/05/2019,Cantidad de Tarjetas de Crédito Activas por Operadora,284773,268352,OMP 01
01/06/2019,Cantidad de Tarjetas de Crédito Activas por Operadora,284773,267912,OMP 01
01/07/2019,Cantidad de Tarjetas de Crédito Activas por Operadora,284773,267972,OMP 01
01/08/2019,Cantidad de Tarjetas de Crédito Activas por Operadora,284773,268088,OMP 01
01/09/2019,Cantidad de Tarjetas de Crédito Activas por Operadora,284773,243128,OMP 01
01/10/2019,Cantidad de Tarjetas de Crédito Activas por Operadora,284773,243448,OMP 01
01/11/2019,Cantidad de Tarjetas de Crédito Activas por Operadora,284773,243410,OMP 01
01/12/2019,Cantidad de Tarjetas de Crédito Activas por Operadora,284773,243647,OMP 01
01/01/2020,Cantidad de Tarjetas de Crédito Activas por Operadora,284773,243837,OMP 01
01/02/2020,Cantidad de Tarjetas de Crédito Activas por Operadora,284773,243864,OMP 01
01/03/2020,Cantidad de Tarjetas de Crédito Activas por Operadora,284773,243703,OMP 01
01/04/2020,Cantidad de Tarjetas de Crédito Activas por Operadora,284773,242444,OMP 01
01/05/2020,Cantidad de Tarjetas de Crédito Activas por Operadora,284773,241656,OMP 01
01/06/2020,Cantidad de Tarjetas de Crédito Activas por Operadora,284773,241611,OMP 01
01/07/2020,Cantidad de Tarjetas de Crédito Activas por Operadora,284773,241528,OMP 01
01/08/2020,Cantidad de Tarjetas de Crédito Activas por Operadora,284773,240596,OMP 01
01/09/2020,Cantidad de Tarjetas de Crédito Activas por Operadora,284773,240069,OMP 01
01/10/2020,Cantidad de Tarjetas de Crédito Activas por Operadora,284773,239638,OMP 01
01/11/2020,Cantidad de Tarjetas de Crédito Activas por Operadora,284773,239368,OMP 01
01/12/2020,Cantidad de Tarjetas de Crédito Activas por Operadora,284773,238924,OMP 01
01/01/2021,Cantidad de Tarjetas de Crédito Activas por Operadora,284773,237706,OMP 01
01/02/2021,Cantidad de Tarjetas de Crédito Activas por Operadora,284773,236883,OMP 01
01/03/2021,Cantidad de Tarjetas de Crédito Activas por Operadora,284773,236989,OMP 01
01/04/2021,Cantidad de Tarjetas de Crédito Activas por Operadora,284773,234838,OMP 01
01/05/2021,Cantidad de Tarjetas de Crédito Activas por Operadora,284773,232738,OMP 01
01/06/2021,Cantidad de Tarjetas de Crédito Activas por Operadora,284773,232898,OMP 01
01/07/2021,Cantidad de Tarjetas de Crédito Activas por Operadora,284773,232456,OMP 01
01/08/2021,Cantidad de Tarjetas de Crédito Activas por Operadora,284773,231405,OMP 01
01/09/2021,Cantidad de Tarjetas de Crédito Activas por Operadora,284773,229518,OMP 01
01/10/2021,Cantidad de Tarjetas de Crédito Activas por Operadora,284773,229466,OMP 01
01/11/2021,Cantidad de Tarjetas de Crédito Activas por Operadora,284773,229387,OMP 01
01/12/2021,Cantidad de Tarjetas de Crédito Activas por Operadora,284773,229696,OMP 01
01/01/2022,Cantidad de Tarjetas de Crédito Activas por Operadora,284773,229294,OMP 01
01/02/2022,Cantidad de Tarjetas de Crédito Activas por Operadora,284773,229023,OMP 01
01/03/2022,Cantidad de Tarjetas de Crédito Activas por Operadora,284773,230597,OMP 01
01/04/2022,Cantidad de Tarjetas de Crédito Activas por Operadora,284773,230023,OMP 01
01/05/2022,Cantidad de Tarjetas de Crédito Activas por Operadora,284773,230390,OMP 01
01/06/2022,Cantidad de Tarjetas de Crédito Activas por Operadora,284773,230817,OMP 01
01/07/2022,Cantidad de Tarjetas de Crédito Activas por Operadora,284773,231614,OMP 01
01/08/2022,Cantidad de Tarjetas de Crédito Activas por Operadora,284773,228646,OMP 01
01/09/2022,Cantidad de Tarjetas de Crédito Activas por Operadora,284773,225762,OMP 01
01/10/2022,Cantidad de Tarjetas de Crédito Activas por Operadora,284773,224544,OMP 01
01/11/2022,Cantidad de Tarjetas de Crédito Activas por Operadora,284773,224799,OMP 01
01/12/2022,Cantidad de Tarjetas de Crédito Activas por Operadora,284773,225385,OMP 01
01/01/2023,Cantidad de Tarjetas de Crédito Activas por Operadora,284773,224151,OMP 01
01/02/2023,Cantidad de Tarjetas de Crédito Activas por Operadora,284773,223542,OMP 01
01/03/2023,Cantidad de Tarjetas de Crédito Activas por Operadora,284773,224092,OMP 01
01/04/2023,Cantidad de Tarjetas de Crédito Activas por Operadora,284773,221586,OMP 01
01/05/2023,Cantidad de Tarjetas de Crédito Activas por Operadora,284773,221281,OMP 01
01/06/2023,Cantidad de Tarjetas de Crédito Activas por Operadora,284773,211127,OMP 01
01/07/2023,Cantidad de Tarjetas de Crédito Activas por Operadora,284773,211413,OMP 01
01/08/2023,Cantidad de Tarjetas de Crédito Activas por Operadora,284773,207620,OMP 01
01/09/2023,Cantidad de Tarjetas de Crédito Activas por Operadora,284773,203619,OMP 01
01/10/2023,Cantidad de Tarjetas de Crédito Activas por Operadora,284773,203577,OMP 01
01/11/2023,Cantidad de Tarjetas de Crédito Activas por Operadora,284773,203157,OMP 01
01/12/2023,Cantidad de Tarjetas de Crédito Activas por Operadora,284773,202342,OMP 01
01/01/2024,Cantidad de Tarjetas de Crédito Activas por Operadora,284773,203074,OMP 01
01/02/2024,Cantidad de Tarjetas de Crédito Activas por Operadora,284773,210165,OMP 01
01/03/2024,Cantidad de Tarjetas de Crédito Activas por Operadora,284773,209826,OMP 01
01/04/2024,Cantidad de Tarjetas de Crédito Activas por Operadora,284773,209957,OMP 01
01/05/2024,Cantidad de Tarjetas de Crédito Activas por Operadora,284773,209598,OMP 01
01/06/2024,Cantidad de Tarjetas de Crédito Activas por Operadora,284773,210038,OMP 01
01/07/2024,Cantidad de Tarjetas de Crédito Activas por Operadora,284773,211647,OMP 01
01/08/2024,Cantidad de Tarjetas de Crédito Activas por Operadora,284773,211219,OMP 01
01/09/2024,Cantidad de Tarjetas de Crédito Activas por Operadora,284773,211477,OMP 01
01/10/2024,Cantidad de Tarjetas de Crédito Activas por Operadora,284773,215114,OMP 01
01/11/2024,Cantidad de Tarjetas de Crédito Activas por Operadora,284773,214567,OMP 01
01/12/2024,Cantidad de Tarjetas de Crédito Activas por Operadora,284773,214385,OMP 01
01/01/2025,Cantidad de Tarjetas de Crédito Activas por Operadora,284773,215321,OMP 01
01/02/2025,Cantidad de Tarjetas de Crédito Activas por Operadora,284773,216245,OMP 01
01/03/2025,Cantidad de Tarjetas de Crédito Activas por Operadora,284773,217895,OMP 01
01/04/2025,Cantidad de Tarjetas de Crédito Activas por Operadora,284773,216785,OMP 01
01/05/2025,Cantidad de Tarjetas de Crédito Activas por Operadora,284773,218060,OMP 01
01/06/2025,Cantidad de Tarjetas de Crédito Activas por Operadora,284773,218996,OMP 01
01/07/2025,Cantidad de Tarjetas de Crédito Activas por Operadora,284773,220090,OMP 01
01/08/2025,Cantidad de Tarjetas de Crédito Activas por Operadora,284773,221875,OMP 01
01/09/2025,Cantidad de Tarjetas de Crédito Activas por Operadora,284773,220979,OMP 01
01/10/2025,Cantidad de Tarjetas de Crédito Activas por Operadora,284773,214261,OMP 01
01/11/2025,Cantidad de Tarjetas de Crédito Activas por Operadora,284773,214642,OMP 01
01/12/2025,Cantidad de Tarjetas de Crédito Activas por Operadora,284773,215052,OMP 01
01/01/2026,Cantidad de Tarjetas de Crédito Activas por Operadora,284773,227988,OMP 01
01/02/2026,Cantidad de Tarjetas de Crédito Activas por Operadora,284773,228795,OMP 01
01/03/2026,Cantidad de Tarjetas de Crédito Activas por Operadora,284773,229824,OMP 01
01/02/2018,Cantidad de Tarjetas de Crédito Activas por Operadora,284773,,OMP 01
01/03/2018,Cantidad de Tarjetas de Crédito Activas por Operadora,284773,,OMP 01
01/04/2018,Cantidad de Tarjetas de Crédito Activas por Operadora,284773,,OMP 01
01/05/2018,Cantidad de Tarjetas de Crédito Activas por Operadora,284773,,OMP 01
01/06/2018,Cantidad de Tarjetas de Crédito Activas por Operadora,284773,,OMP 01
01/07/2018,Cantidad de Tarjetas de Crédito Activas por Operadora,284773,,OMP 01
01/08/2018,Cantidad de Tarjetas de Crédito Activas por Operadora,284773,,OMP 01
01/09/2018,Cantidad de Tarjetas de Crédito Activas por Operadora,284773,,OMP 01
01/10/2018,Cantidad de Tarjetas de Crédito Activas por Operadora,284773,,OMP 01
01/11/2018,Cantidad de Tarjetas de Crédito Activas por Operadora,284773,,OMP 01
01/12/2018,Cantidad de Tarjetas de Crédito Activas por Operadora,284773,,OMP 01
01/01/2019,Cantidad de Tarjetas de Crédito Activas por Operadora,284773,,OMP 01
01/02/2019,Cantidad de Tarjetas de Crédito Activas por Operadora,284773,,OMP 01
01/03/2019,Cantidad de Tarjetas de Crédito Activas por Operadora,284773,,OMP 01
01/04/2019,Cantidad de Tarjetas de Crédito Activas por Operadora,284773,,OMP 01
01/05/2019,Cantidad de Tarjetas de Crédito Activas por Operadora,284773,,OMP 01
01/06/2019,Cantidad de Tarjetas de Crédito Activas por Operadora,284773,,OMP 01
01/07/2019,Cantidad de Tarjetas de Crédito Activas por Operadora,284773,,OMP 01
01/08/2019,Cantidad de Tarjetas de Crédito Activas por Operadora,284773,,OMP 01
01/09/2019,Cantidad de Tarjetas de Crédito Activas por Operadora,284773,,OMP 01
01/10/2019,Cantidad de Tarjetas de Crédito Activas por Operadora,284773,,OMP 01
01/11/2019,Cantidad de Tarjetas de Crédito Activas por Operadora,284773,,OMP 01
01/12/2019,Cantidad de Tarjetas de Crédito Activas por Operadora,284773,,OMP 01
01/01/2020,Cantidad de Tarjetas de Crédito Activas por Operadora,284773,,OMP 01
01/02/2020,Cantidad de Tarjetas de Crédito Activas por Operadora,284773,,OMP 01
01/03/2020,Cantidad de Tarjetas de Crédito Activas por Operadora,284773,,OMP 01
01/04/2020,Cantidad de Tarjetas de Crédito Activas por Operadora,284773,,OMP 01
01/05/2020,Cantidad de Tarjetas de Crédito Activas por Operadora,284773,,OMP 01
01/06/2020,Cantidad de Tarjetas de Crédito Activas por Operadora,284773,,OMP 01
01/07/2020,Cantidad de Tarjetas de Crédito Activas por Operadora,284773,,OMP 01
01/08/2020,Cantidad de Tarjetas de Crédito Activas por Operadora,284773,,OMP 01
01/09/2020,Cantidad de Tarjetas de Crédito Activas por Operadora,284773,,OMP 01
01/10/2020,Cantidad de Tarjetas de Crédito Activas por Operadora,284773,,OMP 01
01/11/2020,Cantidad de Tarjetas de Crédito Activas por Operadora,284773,,OMP 01
01/12/2020,Cantidad de Tarjetas de Crédito Activas por Operadora,284773,,OMP 01
01/01/2021,Cantidad de Tarjetas de Crédito Activas por Operadora,284773,,OMP 01
01/02/2021,Cantidad de Tarjetas de Crédito Activas por Operadora,284773,,OMP 01
01/03/2021,Cantidad de Tarjetas de Crédito Activas por Operadora,284773,,OMP 01
01/04/2021,Cantidad de Tarjetas de Crédito Activas por Operadora,284773,,OMP 01
01/05/2021,Cantidad de Tarjetas de Crédito Activas por Operadora,284773,,OMP 01
01/06/2021,Cantidad de Tarjetas de Crédito Activas por Operadora,284773,,OMP 01
01/07/2021,Cantidad de Tarjetas de Crédito Activas por Operadora,284773,,OMP 01
01/08/2021,Cantidad de Tarjetas de Crédito Activas por Operadora,284773,,OMP 01
01/09/2021,Cantidad de Tarjetas de Crédito Activas por Operadora,284773,,OMP 01
01/10/2021,Cantidad de Tarjetas de Crédito Activas por Operadora,284773,,OMP 01
01/11/2021,Cantidad de Tarjetas de Crédito Activas por Operadora,284773,,OMP 01
01/12/2021,Cantidad de Tarjetas de Crédito Activas por Operadora,284773,,OMP 01
01/01/2022,Cantidad de Tarjetas de Crédito Activas por Operadora,284773,,OMP 01
01/02/2022,Cantidad de Tarjetas de Crédito Activas por Operadora,284773,,OMP 01
01/03/2022,Cantidad de Tarjetas de Crédito Activas por Operadora,284773,,OMP 01
01/04/2022,Cantidad de Tarjetas de Crédito Activas por Operadora,284773,,OMP 01
01/05/2022,Cantidad de Tarjetas de Crédito Activas por Operadora,284773,,OMP 01
01/06/2022,Cantidad de Tarjetas de Crédito Activas por Operadora,284773,,OMP 01
01/07/2022,Cantidad de Tarjetas de Crédito Activas por Operadora,284773,,OMP 01
01/08/2022,Cantidad de Tarjetas de Crédito Activas por Operadora,284773,,OMP 01
01/09/2022,Cantidad de Tarjetas de Crédito Activas por Operadora,284773,,OMP 01
01/10/2022,Cantidad de Tarjetas de Crédito Activas por Operadora,284773,,OMP 01
01/11/2022,Cantidad de Tarjetas de Crédito Activas por Operadora,284773,,OMP 01
01/12/2022,Cantidad de Tarjetas de Crédito Activas por Operadora,284773,,OMP 01
01/01/2023,Cantidad de Tarjetas de Crédito Activas por Operadora,284773,,OMP 01
01/02/2023,Cantidad de Tarjetas de Crédito Activas por Operadora,284773,,OMP 01
01/03/2023,Cantidad de Tarjetas de Crédito Activas por Operadora,284773,,OMP 01
01/04/2023,Cantidad de Tarjetas de Crédito Activas por Operadora,284773,,OMP 01
01/05/2023,Cantidad de Tarjetas de Crédito Activas por Operadora,284773,,OMP 01
01/06/2023,Cantidad de Tarjetas de Crédito Activas por Operadora,284773,,OMP 01
01/07/2023,Cantidad de Tarjetas de Crédito Activas por Operadora,284773,,OMP 01
01/08/2023,Cantidad de Tarjetas de Crédito Activas por Operadora,284773,,OMP 01
01/09/2023,Cantidad de Tarjetas de Crédito Activas por Operadora,284773,,OMP 01
01/10/2023,Cantidad de Tarjetas de Crédito Activas por Operadora,284773,,OMP 01
01/11/2023,Cantidad de Tarjetas de Crédito Activas por Operadora,284773,,OMP 01
01/12/2023,Cantidad de Tarjetas de Crédito Activas por Operadora,284773,,OMP 01
01/01/2024,Cantidad de Tarjetas de Crédito Activas por Operadora,284773,,OMP 01
01/02/2024,Cantidad de Tarjetas de Crédito Activas por Operadora,284773,,OMP 01
01/03/2024,Cantidad de Tarjetas de Crédito Activas por Operadora,284773,,OMP 01
01/04/2024,Cantidad de Tarjetas de Crédito Activas por Operadora,284773,,OMP 01
01/05/2024,Cantidad de Tarjetas de Crédito Activas por Operadora,284773,,OMP 01
01/06/2024,Cantidad de Tarjetas de Crédito Activas por Operadora,284773,,OMP 01
01/07/2024,Cantidad de Tarjetas de Crédito Activas por Operadora,284773,175926,OMP 01
01/08/2024,Cantidad de Tarjetas de Crédito Activas por Operadora,284773,179331,OMP 01
01/09/2024,Cantidad de Tarjetas de Crédito Activas por Operadora,284773,180104,OMP 01
01/10/2024,Cantidad de Tarjetas de Crédito Activas por Operadora,284773,566714,OMP 01
01/11/2024,Cantidad de Tarjetas de Crédito Activas por Operadora,284773,595000,OMP 01
01/12/2024,Cantidad de Tarjetas de Crédito Activas por Operadora,284773,1011678,OMP 01
01/01/2025,Cantidad de Tarjetas de Crédito Activas por Operadora,284773,1009224,OMP 01
01/02/2025,Cantidad de Tarjetas de Crédito Activas por Operadora,284773,1004434,OMP 01
01/03/2025,Cantidad de Tarjetas de Crédito Activas por Operadora,284773,1001211,OMP 01
01/04/2025,Cantidad de Tarjetas de Crédito Activas por Operadora,284773,1024387,OMP 01
01/05/2025,Cantidad de Tarjetas de Crédito Activas por Operadora,284773,1022968,OMP 01
01/06/2025,Cantidad de Tarjetas de Crédito Activas por Operadora,284773,1024452,OMP 01
01/07/2025,Cantidad de Tarjetas de Crédito Activas por Operadora,284773,1077481,OMP 01
01/08/2025,Cantidad de Tarjetas de Crédito Activas por Operadora,284773,1081277,OMP 01
01/09/2025,Cantidad de Tarjetas de Crédito Activas por Operadora,284773,1085198,OMP 01
01/10/2025,Cantidad de Tarjetas de Crédito Activas por Operadora,284773,1085405,OMP 01
01/11/2025,Cantidad de Tarjetas de Crédito Activas por Operadora,284773,1083442,OMP 01
01/12/2025,Cantidad de Tarjetas de Crédito Activas por Operadora,284773,1080448,OMP 01
01/01/2026,Cantidad de Tarjetas de Crédito Activas por Operadora,284773,1079105,OMP 01
01/02/2026,Cantidad de Tarjetas de Crédito Activas por Operadora,284773,1080212,OMP 01
01/03/2026,Cantidad de Tarjetas de Crédito Activas por Operadora,284773,1082262,OMP 01
01/02/2018,Compras en POS con Tarjeta de Crédito,1560599,1436405,OMP 01
01/03/2018,Compras en POS con Tarjeta de Crédito,1560599,1443955,OMP 01
01/04/2018,Compras en POS con Tarjeta de Crédito,1560599,1607149,OMP 01
01/05/2018,Compras en POS con Tarjeta de Crédito,1560599,1582679,OMP 01
01/06/2018,Compras en POS con Tarjeta de Crédito,1560599,1513014,OMP 01
01/07/2018,Compras en POS con Tarjeta de Crédito,1560599,1797169,OMP 01
01/08/2018,Compras en POS con Tarjeta de Crédito,1560599,1671581,OMP 01
01/09/2018,Compras en POS con Tarjeta de Crédito,1560599,1531158,OMP 01
01/10/2018,Compras en POS con Tarjeta de Crédito,1560599,1783306,OMP 01
01/11/2018,Compras en POS con Tarjeta de Crédito,1560599,1735737,OMP 01
01/12/2018,Compras en POS con Tarjeta de Crédito,1560599,1621623,OMP 01
01/01/2019,Compras en POS con Tarjeta de Crédito,1560599,1718665,OMP 01
01/02/2019,Compras en POS con Tarjeta de Crédito,1560599,1565041,OMP 01
01/03/2019,Compras en POS con Tarjeta de Crédito,1560599,1599283,OMP 01
01/04/2019,Compras en POS con Tarjeta de Crédito,1560599,1739694,OMP 01
01/05/2019,Compras en POS con Tarjeta de Crédito,1560599,1746323,OMP 01
01/06/2019,Compras en POS con Tarjeta de Crédito,1560599,1594638,OMP 01
01/07/2019,Compras en POS con Tarjeta de Crédito,1560599,1864487,OMP 01
01/08/2019,Compras en POS con Tarjeta de Crédito,1560599,1748297,OMP 01
01/09/2019,Compras en POS con Tarjeta de Crédito,1560599,1784883,OMP 01
01/10/2019,Compras en POS con Tarjeta de Crédito,1560599,1815023,OMP 01
01/11/2019,Compras en POS con Tarjeta de Crédito,1560599,1790542,OMP 01
01/12/2019,Compras en POS con Tarjeta de Crédito,1560599,1848978,OMP 01
01/01/2020,Compras en POS con Tarjeta de Crédito,1560599,1696792,OMP 01
01/02/2020,Compras en POS con Tarjeta de Crédito,1560599,1661104,OMP 01
01/03/2020,Compras en POS con Tarjeta de Crédito,1560599,1367317,OMP 01
01/04/2020,Compras en POS con Tarjeta de Crédito,1560599,640695,OMP 01
01/05/2020,Compras en POS con Tarjeta de Crédito,1560599,795444,OMP 01
01/06/2020,Compras en POS con Tarjeta de Crédito,1560599,958225,OMP 01
01/07/2020,Compras en POS con Tarjeta de Crédito,1560599,1090698,OMP 01
01/08/2020,Compras en POS con Tarjeta de Crédito,1560599,1106891,OMP 01
01/09/2020,Compras en POS con Tarjeta de Crédito,1560599,1134699,OMP 01
01/10/2020,Compras en POS con Tarjeta de Crédito,1560599,1298620,OMP 01
01/11/2020,Compras en POS con Tarjeta de Crédito,1560599,1429871,OMP 01
01/12/2020,Compras en POS con Tarjeta de Crédito,1560599,1466840,OMP 01
01/01/2021,Compras en POS con Tarjeta de Crédito,1560599,1361907.4,OMP 01
01/02/2021,Compras en POS con Tarjeta de Crédito,1560599,1424916.4,OMP 01
01/03/2021,Compras en POS con Tarjeta de Crédito,1560599,1568163.8,OMP 01
01/04/2021,Compras en POS con Tarjeta de Crédito,1560599,1365750.4,OMP 01
01/05/2021,Compras en POS con Tarjeta de Crédito,1560599,1526530.4,OMP 01
01/06/2021,Compras en POS con Tarjeta de Crédito,1560599,1518994.8,OMP 01
01/07/2021,Compras en POS con Tarjeta de Crédito,1560599,1630960,OMP 01
01/08/2021,Compras en POS con Tarjeta de Crédito,1560599,1889117.8,OMP 01
01/09/2021,Compras en POS con Tarjeta de Crédito,1560599,1840004.4,OMP 01
01/10/2021,Compras en POS con Tarjeta de Crédito,1560599,1829779.4,OMP 01
01/11/2021,Compras en POS con Tarjeta de Crédito,1560599,2143380.2,OMP 01
01/12/2021,Compras en POS con Tarjeta de Crédito,1560599,2025060,OMP 01
01/01/2022,Compras en POS con Tarjeta de Crédito,1560599,1852549,OMP 01
01/02/2022,Compras en POS con Tarjeta de Crédito,1560599,1638791,OMP 01
01/03/2022,Compras en POS con Tarjeta de Crédito,1560599,2226331,OMP 01
01/04/2022,Compras en POS con Tarjeta de Crédito,1560599,1961017,OMP 01
01/05/2022,Compras en POS con Tarjeta de Crédito,1560599,2279510,OMP 01
01/06/2022,Compras en POS con Tarjeta de Crédito,1560599,2218341,OMP 01
01/07/2022,Compras en POS con Tarjeta de Crédito,1560599,2267334,OMP 01
01/08/2022,Compras en POS con Tarjeta de Crédito,1560599,2598241,OMP 01
01/09/2022,Compras en POS con Tarjeta de Crédito,1560599,2374146,OMP 01
01/10/2022,Compras en POS con Tarjeta de Crédito,1560599,2426569,OMP 01
01/11/2022,Compras en POS con Tarjeta de Crédito,1560599,2421746,OMP 01
01/12/2022,Compras en POS con Tarjeta de Crédito,1560599,2329978,OMP 01
01/01/2023,Compras en POS con Tarjeta de Crédito,1560599,2427234,OMP 01
01/02/2023,Compras en POS con Tarjeta de Crédito,1560599,2229239,OMP 01
01/03/2023,Compras en POS con Tarjeta de Crédito,1560599,2518047,OMP 01
01/04/2023,Compras en POS con Tarjeta de Crédito,1560599,2223291,OMP 01
01/05/2023,Compras en POS con Tarjeta de Crédito,1560599,2701451,OMP 01
01/06/2023,Compras en POS con Tarjeta de Crédito,1560599,2595731,OMP 01
01/07/2023,Compras en POS con Tarjeta de Crédito,1560599,2806895,OMP 01
01/08/2023,Compras en POS con Tarjeta de Crédito,1560599,2927812,OMP 01
01/09/2023,Compras en POS con Tarjeta de Crédito,1560599,2807694,OMP 01
01/10/2023,Compras en POS con Tarjeta de Crédito,1560599,3247176,OMP 01
01/11/2023,Compras en POS con Tarjeta de Crédito,1560599,3085899,OMP 01
01/12/2023,Compras en POS con Tarjeta de Crédito,1560599,2980156,OMP 01
01/01/2024,Compras en POS con Tarjeta de Crédito,1560599,3255096,OMP 01
01/02/2024,Compras en POS con Tarjeta de Crédito,1560599,3071045,OMP 01
01/03/2024,Compras en POS con Tarjeta de Crédito,1560599,3072384,OMP 01
01/04/2024,Compras en POS con Tarjeta de Crédito,1560599,3655253,OMP 01
01/05/2024,Compras en POS con Tarjeta de Crédito,1560599,3533548,OMP 01
01/06/2024,Compras en POS con Tarjeta de Crédito,1560599,3354425,OMP 01
01/07/2024,Compras en POS con Tarjeta de Crédito,1560599,4113979,OMP 01
01/08/2024,Compras en POS con Tarjeta de Crédito,1560599,4009247,OMP 01
01/09/2024,Compras en POS con Tarjeta de Crédito,1560599,3787188,OMP 01
01/10/2024,Compras en POS con Tarjeta de Crédito,1560599,4666923,OMP 01
01/11/2024,Compras en POS con Tarjeta de Crédito,1560599,4807631,OMP 01
01/12/2024,Compras en POS con Tarjeta de Crédito,1560599,5656026,OMP 01
01/01/2025,Compras en POS con Tarjeta de Crédito,1560599,5604923,OMP 01
01/02/2025,Compras en POS con Tarjeta de Crédito,1560599,5559964,OMP 01
01/03/2025,Compras en POS con Tarjeta de Crédito,1560599,6355833,OMP 01
01/04/2025,Compras en POS con Tarjeta de Crédito,1560599,6042524,OMP 01
01/05/2025,Compras en POS con Tarjeta de Crédito,1560599,6180114,OMP 01
01/06/2025,Compras en POS con Tarjeta de Crédito,1560599,6374737,OMP 01
01/07/2025,Compras en POS con Tarjeta de Crédito,1560599,7079715,OMP 01
01/08/2025,Compras en POS con Tarjeta de Crédito,1560599,7064276,OMP 01
01/09/2025,Compras en POS con Tarjeta de Crédito,1560599,7974624,OMP 01
01/10/2025,Compras en POS con Tarjeta de Crédito,1560599,7617230,OMP 01
01/11/2025,Compras en POS con Tarjeta de Crédito,1560599,7018990,OMP 01
01/12/2025,Compras en POS con Tarjeta de Crédito,1560599,8000225,OMP 01
01/01/2026,Compras en POS con Tarjeta de Crédito,1560599,7140317,OMP 01
01/02/2026,Compras en POS con Tarjeta de Crédito,1560599,6840838,OMP 01
01/03/2026,Compras en POS con Tarjeta de Crédito,1560599,7761676,OMP 01
01/02/2018,Compras en POS con Tarjeta de Crédito,373273317348,326504040734,OMP 01
01/03/2018,Compras en POS con Tarjeta de Crédito,373273317348,334525086374,OMP 01
01/04/2018,Compras en POS con Tarjeta de Crédito,373273317348,356240542419,OMP 01
01/05/2018,Compras en POS con Tarjeta de Crédito,373273317348,364316428520,OMP 01
01/06/2018,Compras en POS con Tarjeta de Crédito,373273317348,352251338771,OMP 01
01/07/2018,Compras en POS con Tarjeta de Crédito,373273317348,371742753695,OMP 01
01/08/2018,Compras en POS con Tarjeta de Crédito,373273317348,370380973988,OMP 01
01/09/2018,Compras en POS con Tarjeta de Crédito,373273317348,343324354026,OMP 01
01/10/2018,Compras en POS con Tarjeta de Crédito,373273317348,398768486923,OMP 01
01/11/2018,Compras en POS con Tarjeta de Crédito,373273317348,406260395951,OMP 01
01/12/2018,Compras en POS con Tarjeta de Crédito,373273317348,423473532911,OMP 01
01/01/2019,Compras en POS con Tarjeta de Crédito,373273317348,413826591148,OMP 01
01/02/2019,Compras en POS con Tarjeta de Crédito,373273317348,358786427442,OMP 01
01/03/2019,Compras en POS con Tarjeta de Crédito,373273317348,354555496107,OMP 01
01/04/2019,Compras en POS con Tarjeta de Crédito,373273317348,389402602701,OMP 01
01/05/2019,Compras en POS con Tarjeta de Crédito,373273317348,394009085379,OMP 01
01/06/2019,Compras en POS con Tarjeta de Crédito,373273317348,359441194935,OMP 01
01/07/2019,Compras en POS con Tarjeta de Crédito,373273317348,412262592100,OMP 01
01/08/2019,Compras en POS con Tarjeta de Crédito,373273317348,380897617419,OMP 01
01/09/2019,Compras en POS con Tarjeta de Crédito,373273317348,390592373127,OMP 01
01/10/2019,Compras en POS con Tarjeta de Crédito,373273317348,406012486226,OMP 01
01/11/2019,Compras en POS con Tarjeta de Crédito,373273317348,404834513470,OMP 01
01/12/2019,Compras en POS con Tarjeta de Crédito,373273317348,485233779562,OMP 01
01/01/2020,Compras en POS con Tarjeta de Crédito,373273317348,403292601732,OMP 01
01/02/2020,Compras en POS con Tarjeta de Crédito,373273317348,377633704921,OMP 01
01/03/2020,Compras en POS con Tarjeta de Crédito,373273317348,317669053312,OMP 01
01/04/2020,Compras en POS con Tarjeta de Crédito,373273317348,172830989139,OMP 01
01/05/2020,Compras en POS con Tarjeta de Crédito,373273317348,227208132125,OMP 01
01/06/2020,Compras en POS con Tarjeta de Crédito,373273317348,277881733255,OMP 01
01/07/2020,Compras en POS con Tarjeta de Crédito,373273317348,298527564981,OMP 01
01/08/2020,Compras en POS con Tarjeta de Crédito,373273317348,292572720728,OMP 01
01/09/2020,Compras en POS con Tarjeta de Crédito,373273317348,300479333548,OMP 01
01/10/2020,Compras en POS con Tarjeta de Crédito,373273317348,351225506287,OMP 01
01/11/2020,Compras en POS con Tarjeta de Crédito,373273317348,382494828922,OMP 01
01/12/2020,Compras en POS con Tarjeta de Crédito,373273317348,441185268261,OMP 01
01/01/2021,Compras en POS con Tarjeta de Crédito,373273317348,369297474022,OMP 01
01/02/2021,Compras en POS con Tarjeta de Crédito,373273317348,367679804437.4,OMP 01
01/03/2021,Compras en POS con Tarjeta de Crédito,373273317348,404427856517.8,OMP 01
01/04/2021,Compras en POS con Tarjeta de Crédito,373273317348,350154637312.8,OMP 01
01/05/2021,Compras en POS con Tarjeta de Crédito,373273317348,397612235440.4,OMP 01
01/06/2021,Compras en POS con Tarjeta de Crédito,373273317348,392288431645.2,OMP 01
01/07/2021,Compras en POS con Tarjeta de Crédito,373273317348,389747398242.6,OMP 01
01/08/2021,Compras en POS con Tarjeta de Crédito,373273317348,465568866242.4,OMP 01
01/09/2021,Compras en POS con Tarjeta de Crédito,373273317348,444699445988.6,OMP 01
01/10/2021,Compras en POS con Tarjeta de Crédito,373273317348,449757616923.6,OMP 01
01/11/2021,Compras en POS con Tarjeta de Crédito,373273317348,530736634285.2,OMP 01
01/12/2021,Compras en POS con Tarjeta de Crédito,373273317348,569506197526,OMP 01
01/01/2022,Compras en POS con Tarjeta de Crédito,373273317348,474276156630,OMP 01
01/02/2022,Compras en POS con Tarjeta de Crédito,373273317348,401538986384,OMP 01
01/03/2022,Compras en POS con Tarjeta de Crédito,373273317348,527624795521,OMP 01
01/04/2022,Compras en POS con Tarjeta de Crédito,373273317348,472074678050,OMP 01
01/05/2022,Compras en POS con Tarjeta de Crédito,373273317348,536670023959,OMP 01
01/06/2022,Compras en POS con Tarjeta de Crédito,373273317348,519635263342,OMP 01
01/07/2022,Compras en POS con Tarjeta de Crédito,373273317348,505080346453,OMP 01
01/08/2022,Compras en POS con Tarjeta de Crédito,373273317348,575849756874,OMP 01
01/09/2022,Compras en POS con Tarjeta de Crédito,373273317348,520624830699,OMP 01
01/10/2022,Compras en POS con Tarjeta de Crédito,373273317348,525579223691,OMP 01
01/11/2022,Compras en POS con Tarjeta de Crédito,373273317348,544883402854,OMP 01
01/12/2022,Compras en POS con Tarjeta de Crédito,373273317348,593562085643,OMP 01
01/01/2023,Compras en POS con Tarjeta de Crédito,373273317348,572237564990,OMP 01
01/02/2023,Compras en POS con Tarjeta de Crédito,373273317348,489309850615,OMP 01
01/03/2023,Compras en POS con Tarjeta de Crédito,373273317348,545772564093,OMP 01
01/04/2023,Compras en POS con Tarjeta de Crédito,373273317348,472995853888,OMP 01
01/05/2023,Compras en POS con Tarjeta de Crédito,373273317348,572800105356,OMP 01
01/06/2023,Compras en POS con Tarjeta de Crédito,373273317348,544801380148,OMP 01
01/07/2023,Compras en POS con Tarjeta de Crédito,373273317348,563086135478,OMP 01
01/08/2023,Compras en POS con Tarjeta de Crédito,373273317348,572227434962,OMP 01
01/09/2023,Compras en POS con Tarjeta de Crédito,373273317348,548360420691,OMP 01
01/10/2023,Compras en POS con Tarjeta de Crédito,373273317348,623838695860,OMP 01
01/11/2023,Compras en POS con Tarjeta de Crédito,373273317348,617366438642,OMP 01
01/12/2023,Compras en POS con Tarjeta de Crédito,373273317348,668458107782,OMP 01
01/01/2024,Compras en POS con Tarjeta de Crédito,373273317348,676374045082,OMP 01
01/02/2024,Compras en POS con Tarjeta de Crédito,373273317348,599778684495,OMP 01
01/03/2024,Compras en POS con Tarjeta de Crédito,373273317348,585791242426,OMP 01
01/04/2024,Compras en POS con Tarjeta de Crédito,373273317348,672371754402,OMP 01
01/05/2024,Compras en POS con Tarjeta de Crédito,373273317348,671207074901,OMP 01
01/06/2024,Compras en POS con Tarjeta de Crédito,373273317348,612676068184,OMP 01
01/07/2024,Compras en POS con Tarjeta de Crédito,373273317348,731221990022,OMP 01
01/08/2024,Compras en POS con Tarjeta de Crédito,373273317348,706184167287,OMP 01
01/09/2024,Compras en POS con Tarjeta de Crédito,373273317348,675112695087,OMP 01
01/10/2024,Compras en POS con Tarjeta de Crédito,373273317348,831423815377,OMP 01
01/11/2024,Compras en POS con Tarjeta de Crédito,373273317348,828199175627,OMP 01
01/12/2024,Compras en POS con Tarjeta de Crédito,373273317348,1082676931098,OMP 01
01/01/2025,Compras en POS con Tarjeta de Crédito,373273317348,951004140593,OMP 01
01/02/2025,Compras en POS con Tarjeta de Crédito,373273317348,898766895942,OMP 01
01/03/2025,Compras en POS con Tarjeta de Crédito,373273317348,993564038822,OMP 01
01/04/2025,Compras en POS con Tarjeta de Crédito,373273317348,936632391600,OMP 01
01/05/2025,Compras en POS con Tarjeta de Crédito,373273317348,946403080103,OMP 01
01/06/2025,Compras en POS con Tarjeta de Crédito,373273317348,1001795993737,OMP 01
01/07/2025,Compras en POS con Tarjeta de Crédito,373273317348,1081813090644,OMP 01
01/08/2025,Compras en POS con Tarjeta de Crédito,373273317348,1082136258343,OMP 01
01/09/2025,Compras en POS con Tarjeta de Crédito,373273317348,1179560276376,OMP 01
01/10/2025,Compras en POS con Tarjeta de Crédito,373273317348,1136620926059,OMP 01
01/11/2025,Compras en POS con Tarjeta de Crédito,373273317348,1090426494509,OMP 01
01/12/2025,Compras en POS con Tarjeta de Crédito,373273317348,1416166656244,OMP 01
01/01/2026,Compras en POS con Tarjeta de Crédito,373273317348,1158829799097,OMP 01
01/02/2026,Compras en POS con Tarjeta de Crédito,373273317348,1064352694420,OMP 01
01/03/2026,Compras en POS con Tarjeta de Crédito,373273317348,1185821034367,OMP 01
01/02/2018,Compras en Internet con Tarjeta de Crédito,29920,25725,OMP 01
01/03/2018,Compras en Internet con Tarjeta de Crédito,29920,26094,OMP 01
01/04/2018,Compras en Internet con Tarjeta de Crédito,29920,31324,OMP 01
01/05/2018,Compras en Internet con Tarjeta de Crédito,29920,29094,OMP 01
01/06/2018,Compras en Internet con Tarjeta de Crédito,29920,25728,OMP 01
01/07/2018,Compras en Internet con Tarjeta de Crédito,29920,31679,OMP 01
01/08/2018,Compras en Internet con Tarjeta de Crédito,29920,30865,OMP 01
01/09/2018,Compras en Internet con Tarjeta de Crédito,29920,25345,OMP 01
01/10/2018,Compras en Internet con Tarjeta de Crédito,29920,30954,OMP 01
01/11/2018,Compras en Internet con Tarjeta de Crédito,29920,33515,OMP 01
01/12/2018,Compras en Internet con Tarjeta de Crédito,29920,27464,OMP 01
01/01/2019,Compras en Internet con Tarjeta de Crédito,29920,35745,OMP 01
01/02/2019,Compras en Internet con Tarjeta de Crédito,29920,30451,OMP 01
01/03/2019,Compras en Internet con Tarjeta de Crédito,29920,30627,OMP 01
01/04/2019,Compras en Internet con Tarjeta de Crédito,29920,32979,OMP 01
01/05/2019,Compras en Internet con Tarjeta de Crédito,29920,30517,OMP 01
01/06/2019,Compras en Internet con Tarjeta de Crédito,29920,27690,OMP 01
01/07/2019,Compras en Internet con Tarjeta de Crédito,29920,34693,OMP 01
01/08/2019,Compras en Internet con Tarjeta de Crédito,29920,32504,OMP 01
01/09/2019,Compras en Internet con Tarjeta de Crédito,29920,31439,OMP 01
01/10/2019,Compras en Internet con Tarjeta de Crédito,29920,38146,OMP 01
01/11/2019,Compras en Internet con Tarjeta de Crédito,29920,35191,OMP 01
01/12/2019,Compras en Internet con Tarjeta de Crédito,29920,37587,OMP 01
01/01/2020,Compras en Internet con Tarjeta de Crédito,29920,36145,OMP 01
01/02/2020,Compras en Internet con Tarjeta de Crédito,29920,35680,OMP 01
01/03/2020,Compras en Internet con Tarjeta de Crédito,29920,35555,OMP 01
01/04/2020,Compras en Internet con Tarjeta de Crédito,29920,38103,OMP 01
01/05/2020,Compras en Internet con Tarjeta de Crédito,29920,47587,OMP 01
01/06/2020,Compras en Internet con Tarjeta de Crédito,29920,54077,OMP 01
01/07/2020,Compras en Internet con Tarjeta de Crédito,29920,55278,OMP 01
01/08/2020,Compras en Internet con Tarjeta de Crédito,29920,61564,OMP 01
01/09/2020,Compras en Internet con Tarjeta de Crédito,29920,66255,OMP 01
01/10/2020,Compras en Internet con Tarjeta de Crédito,29920,76592,OMP 01
01/11/2020,Compras en Internet con Tarjeta de Crédito,29920,89574,OMP 01
01/12/2020,Compras en Internet con Tarjeta de Crédito,29920,88319,OMP 01
01/01/2021,Compras en Internet con Tarjeta de Crédito,29920,83321,OMP 01
01/02/2021,Compras en Internet con Tarjeta de Crédito,29920,88444,OMP 01
01/03/2021,Compras en Internet con Tarjeta de Crédito,29920,112303,OMP 01
01/04/2021,Compras en Internet con Tarjeta de Crédito,29920,114461,OMP 01
01/05/2021,Compras en Internet con Tarjeta de Crédito,29920,127063,OMP 01
01/06/2021,Compras en Internet con Tarjeta de Crédito,29920,126754,OMP 01
01/07/2021,Compras en Internet con Tarjeta de Crédito,29920,150584,OMP 01
01/08/2021,Compras en Internet con Tarjeta de Crédito,29920,165436,OMP 01
01/09/2021,Compras en Internet con Tarjeta de Crédito,29920,160113,OMP 01
01/10/2021,Compras en Internet con Tarjeta de Crédito,29920,159819,OMP 01
01/11/2021,Compras en Internet con Tarjeta de Crédito,29920,195451,OMP 01
01/12/2021,Compras en Internet con Tarjeta de Crédito,29920,188429,OMP 01
01/01/2022,Compras en Internet con Tarjeta de Crédito,29920,181328,OMP 01
01/02/2022,Compras en Internet con Tarjeta de Crédito,29920,148901,OMP 01
01/03/2022,Compras en Internet con Tarjeta de Crédito,29920,209461,OMP 01
01/04/2022,Compras en Internet con Tarjeta de Crédito,29920,187923,OMP 01
01/05/2022,Compras en Internet con Tarjeta de Crédito,29920,215163,OMP 01
01/06/2022,Compras en Internet con Tarjeta de Crédito,29920,211361,OMP 01
01/07/2022,Compras en Internet con Tarjeta de Crédito,29920,218065,OMP 01
01/08/2022,Compras en Internet con Tarjeta de Crédito,29920,249517,OMP 01
01/09/2022,Compras en Internet con Tarjeta de Crédito,29920,252609,OMP 01
01/10/2022,Compras en Internet con Tarjeta de Crédito,29920,282388,OMP 01
01/11/2022,Compras en Internet con Tarjeta de Crédito,29920,259126,OMP 01
01/12/2022,Compras en Internet con Tarjeta de Crédito,29920,236307,OMP 01
01/01/2023,Compras en Internet con Tarjeta de Crédito,29920,250383,OMP 01
01/02/2023,Compras en Internet con Tarjeta de Crédito,29920,249081,OMP 01
01/03/2023,Compras en Internet con Tarjeta de Crédito,29920,320555,OMP 01
01/04/2023,Compras en Internet con Tarjeta de Crédito,29920,267752,OMP 01
01/05/2023,Compras en Internet con Tarjeta de Crédito,29920,361070,OMP 01
01/06/2023,Compras en Internet con Tarjeta de Crédito,29920,339197,OMP 01
01/07/2023,Compras en Internet con Tarjeta de Crédito,29920,389937,OMP 01
01/08/2023,Compras en Internet con Tarjeta de Crédito,29920,396254,OMP 01
01/09/2023,Compras en Internet con Tarjeta de Crédito,29920,460360,OMP 01
01/10/2023,Compras en Internet con Tarjeta de Crédito,29920,609894,OMP 01
01/11/2023,Compras en Internet con Tarjeta de Crédito,29920,638811,OMP 01
01/12/2023,Compras en Internet con Tarjeta de Crédito,29920,577453,OMP 01
01/01/2024,Compras en Internet con Tarjeta de Crédito,29920,676660,OMP 01
01/02/2024,Compras en Internet con Tarjeta de Crédito,29920,712497,OMP 01
01/03/2024,Compras en Internet con Tarjeta de Crédito,29920,693359,OMP 01
01/04/2024,Compras en Internet con Tarjeta de Crédito,29920,840778,OMP 01
01/05/2024,Compras en Internet con Tarjeta de Crédito,29920,806614,OMP 01
01/06/2024,Compras en Internet con Tarjeta de Crédito,29920,782027,OMP 01
01/07/2024,Compras en Internet con Tarjeta de Crédito,29920,949851,OMP 01
01/08/2024,Compras en Internet con Tarjeta de Crédito,29920,890914,OMP 01
01/09/2024,Compras en Internet con Tarjeta de Crédito,29920,874711,OMP 01
01/10/2024,Compras en Internet con Tarjeta de Crédito,29920,1121111,OMP 01
01/11/2024,Compras en Internet con Tarjeta de Crédito,29920,1090265,OMP 01
01/12/2024,Compras en Internet con Tarjeta de Crédito,29920,1211204,OMP 01
01/01/2025,Compras en Internet con Tarjeta de Crédito,29920,1079882,OMP 01
01/02/2025,Compras en Internet con Tarjeta de Crédito,29920,957261,OMP 01
01/03/2025,Compras en Internet con Tarjeta de Crédito,29920,1159277,OMP 01
01/04/2025,Compras en Internet con Tarjeta de Crédito,29920,1243496,OMP 01
01/05/2025,Compras en Internet con Tarjeta de Crédito,29920,1260307,OMP 01
01/06/2025,Compras en Internet con Tarjeta de Crédito,29920,1307086,OMP 01
01/07/2025,Compras en Internet con Tarjeta de Crédito,29920,1464642,OMP 01
01/08/2025,Compras en Internet con Tarjeta de Crédito,29920,1520808,OMP 01
01/09/2025,Compras en Internet con Tarjeta de Crédito,29920,1800577,OMP 01
01/10/2025,Compras en Internet con Tarjeta de Crédito,29920,1843503,OMP 01
01/11/2025,Compras en Internet con Tarjeta de Crédito,29920,1881783,OMP 01
01/12/2025,Compras en Internet con Tarjeta de Crédito,29920,2065967,OMP 01
01/01/2026,Compras en Internet con Tarjeta de Crédito,29920,1835782,OMP 01
01/02/2026,Compras en Internet con Tarjeta de Crédito,29920,1812952,OMP 01
01/03/2026,Compras en Internet con Tarjeta de Crédito,29920,2032155,OMP 01
01/02/2018,Compras en Internet con Tarjeta de Crédito,7463200512,6440477280,OMP 01
01/03/2018,Compras en Internet con Tarjeta de Crédito,7463200512,6588135450,OMP 01
01/04/2018,Compras en Internet con Tarjeta de Crédito,7463200512,7392037460,OMP 01
01/05/2018,Compras en Internet con Tarjeta de Crédito,7463200512,7237931648,OMP 01
01/06/2018,Compras en Internet con Tarjeta de Crédito,7463200512,7675632791,OMP 01
01/07/2018,Compras en Internet con Tarjeta de Crédito,7463200512,6671575943,OMP 01
01/08/2018,Compras en Internet con Tarjeta de Crédito,7463200512,7142609444,OMP 01
01/09/2018,Compras en Internet con Tarjeta de Crédito,7463200512,6053215107,OMP 01
01/10/2018,Compras en Internet con Tarjeta de Crédito,7463200512,8166611596,OMP 01
01/11/2018,Compras en Internet con Tarjeta de Crédito,7463200512,13270884082,OMP 01
01/12/2018,Compras en Internet con Tarjeta de Crédito,7463200512,7390480023,OMP 01
01/01/2019,Compras en Internet con Tarjeta de Crédito,7463200512,10475796188,OMP 01
01/02/2019,Compras en Internet con Tarjeta de Crédito,7463200512,8056130260,OMP 01
01/03/2019,Compras en Internet con Tarjeta de Crédito,7463200512,8380622902,OMP 01
01/04/2019,Compras en Internet con Tarjeta de Crédito,7463200512,9147379141,OMP 01
01/05/2019,Compras en Internet con Tarjeta de Crédito,7463200512,9358573759,OMP 01
01/06/2019,Compras en Internet con Tarjeta de Crédito,7463200512,8272186599,OMP 01
01/07/2019,Compras en Internet con Tarjeta de Crédito,7463200512,9723338154,OMP 01
01/08/2019,Compras en Internet con Tarjeta de Crédito,7463200512,9123301359,OMP 01
01/09/2019,Compras en Internet con Tarjeta de Crédito,7463200512,9775266844,OMP 01
01/10/2019,Compras en Internet con Tarjeta de Crédito,7463200512,11920255133,OMP 01
01/11/2019,Compras en Internet con Tarjeta de Crédito,7463200512,12972478217,OMP 01
01/12/2019,Compras en Internet con Tarjeta de Crédito,7463200512,13360890691,OMP 01
01/01/2020,Compras en Internet con Tarjeta de Crédito,7463200512,12842748413,OMP 01
01/02/2020,Compras en Internet con Tarjeta de Crédito,7463200512,12205285898,OMP 01
01/03/2020,Compras en Internet con Tarjeta de Crédito,7463200512,10294374939,OMP 01
01/04/2020,Compras en Internet con Tarjeta de Crédito,7463200512,11708781885,OMP 01
01/05/2020,Compras en Internet con Tarjeta de Crédito,7463200512,16526839977,OMP 01
01/06/2020,Compras en Internet con Tarjeta de Crédito,7463200512,16690424058,OMP 01
01/07/2020,Compras en Internet con Tarjeta de Crédito,7463200512,14910961647,OMP 01
01/08/2020,Compras en Internet con Tarjeta de Crédito,7463200512,16963629374,OMP 01
01/09/2020,Compras en Internet con Tarjeta de Crédito,7463200512,19093824308,OMP 01
01/10/2020,Compras en Internet con Tarjeta de Crédito,7463200512,21561100621,OMP 01
01/11/2020,Compras en Internet con Tarjeta de Crédito,7463200512,27399922956,OMP 01
01/12/2020,Compras en Internet con Tarjeta de Crédito,7463200512,22384049530,OMP 01
01/01/2021,Compras en Internet con Tarjeta de Crédito,7463200512,18459074393,OMP 01
01/02/2021,Compras en Internet con Tarjeta de Crédito,7463200512,20036318384,OMP 01
01/03/2021,Compras en Internet con Tarjeta de Crédito,7463200512,25210335443,OMP 01
01/04/2021,Compras en Internet con Tarjeta de Crédito,7463200512,27802178759,OMP 01
01/05/2021,Compras en Internet con Tarjeta de Crédito,7463200512,31920524289,OMP 01
01/06/2021,Compras en Internet con Tarjeta de Crédito,7463200512,29322307765,OMP 01
01/07/2021,Compras en Internet con Tarjeta de Crédito,7463200512,24759968049,OMP 01
01/08/2021,Compras en Internet con Tarjeta de Crédito,7463200512,28932024305,OMP 01
01/09/2021,Compras en Internet con Tarjeta de Crédito,7463200512,29549241760,OMP 01
01/10/2021,Compras en Internet con Tarjeta de Crédito,7463200512,32322598867,OMP 01
01/11/2021,Compras en Internet con Tarjeta de Crédito,7463200512,44730550340,OMP 01
01/12/2021,Compras en Internet con Tarjeta de Crédito,7463200512,37233574236,OMP 01
01/01/2022,Compras en Internet con Tarjeta de Crédito,7463200512,30388603059,OMP 01
01/02/2022,Compras en Internet con Tarjeta de Crédito,7463200512,25661845254,OMP 01
01/03/2022,Compras en Internet con Tarjeta de Crédito,7463200512,36427006366,OMP 01
01/04/2022,Compras en Internet con Tarjeta de Crédito,7463200512,35485870349,OMP 01
01/05/2022,Compras en Internet con Tarjeta de Crédito,7463200512,41833755287,OMP 01
01/06/2022,Compras en Internet con Tarjeta de Crédito,7463200512,38839572097,OMP 01
01/07/2022,Compras en Internet con Tarjeta de Crédito,7463200512,38630803331,OMP 01
01/08/2022,Compras en Internet con Tarjeta de Crédito,7463200512,42123700094,OMP 01
01/09/2022,Compras en Internet con Tarjeta de Crédito,7463200512,44342937480,OMP 01
01/10/2022,Compras en Internet con Tarjeta de Crédito,7463200512,52773321288,OMP 01
01/11/2022,Compras en Internet con Tarjeta de Crédito,7463200512,57878993683,OMP 01
01/12/2022,Compras en Internet con Tarjeta de Crédito,7463200512,46734204988,OMP 01
01/01/2023,Compras en Internet con Tarjeta de Crédito,7463200512,44380200782,OMP 01
01/02/2023,Compras en Internet con Tarjeta de Crédito,7463200512,40916824103,OMP 01
01/03/2023,Compras en Internet con Tarjeta de Crédito,7463200512,58448596161,OMP 01
01/04/2023,Compras en Internet con Tarjeta de Crédito,7463200512,49661075944,OMP 01
01/05/2023,Compras en Internet con Tarjeta de Crédito,7463200512,69204145737,OMP 01
01/06/2023,Compras en Internet con Tarjeta de Crédito,7463200512,58927477568,OMP 01
01/07/2023,Compras en Internet con Tarjeta de Crédito,7463200512,72790542124,OMP 01
01/08/2023,Compras en Internet con Tarjeta de Crédito,7463200512,67089931100,OMP 01
01/09/2023,Compras en Internet con Tarjeta de Crédito,7463200512,72958328562,OMP 01
01/10/2023,Compras en Internet con Tarjeta de Crédito,7463200512,79654052123,OMP 01
01/11/2023,Compras en Internet con Tarjeta de Crédito,7463200512,105491105619,OMP 01
01/12/2023,Compras en Internet con Tarjeta de Crédito,7463200512,76346526295,OMP 01
01/01/2024,Compras en Internet con Tarjeta de Crédito,7463200512,85435988040,OMP 01
01/02/2024,Compras en Internet con Tarjeta de Crédito,7463200512,83145481265,OMP 01
01/03/2024,Compras en Internet con Tarjeta de Crédito,7463200512,81397743342,OMP 01
01/04/2024,Compras en Internet con Tarjeta de Crédito,7463200512,104327202387,OMP 01
01/05/2024,Compras en Internet con Tarjeta de Crédito,7463200512,95989232397,OMP 01
01/06/2024,Compras en Internet con Tarjeta de Crédito,7463200512,89888160715,OMP 01
01/07/2024,Compras en Internet con Tarjeta de Crédito,7463200512,107346335238,OMP 01
01/08/2024,Compras en Internet con Tarjeta de Crédito,7463200512,102876612397,OMP 01
01/09/2024,Compras en Internet con Tarjeta de Crédito,7463200512,100721081106,OMP 01
01/10/2024,Compras en Internet con Tarjeta de Crédito,7463200512,137280364903,OMP 01
01/11/2024,Compras en Internet con Tarjeta de Crédito,7463200512,139270335687,OMP 01
01/12/2024,Compras en Internet con Tarjeta de Crédito,7463200512,140303876096,OMP 01
01/01/2025,Compras en Internet con Tarjeta de Crédito,7463200512,131576345375,OMP 01
01/02/2025,Compras en Internet con Tarjeta de Crédito,7463200512,127880261422,OMP 01
01/03/2025,Compras en Internet con Tarjeta de Crédito,7463200512,150882496986,OMP 01
01/04/2025,Compras en Internet con Tarjeta de Crédito,7463200512,144082233647,OMP 01
01/05/2025,Compras en Internet con Tarjeta de Crédito,7463200512,154150051664,OMP 01
01/06/2025,Compras en Internet con Tarjeta de Crédito,7463200512,151054069488,OMP 01
01/07/2025,Compras en Internet con Tarjeta de Crédito,7463200512,214392790824,OMP 01
01/08/2025,Compras en Internet con Tarjeta de Crédito,7463200512,173369903932,OMP 01
01/09/2025,Compras en Internet con Tarjeta de Crédito,7463200512,202658397514,OMP 01
01/10/2025,Compras en Internet con Tarjeta de Crédito,7463200512,210745042351,OMP 01
01/11/2025,Compras en Internet con Tarjeta de Crédito,7463200512,214756426578,OMP 01
01/12/2025,Compras en Internet con Tarjeta de Crédito,7463200512,215309150147,OMP 01
01/01/2026,Compras en Internet con Tarjeta de Crédito,7463200512,201079854228,OMP 01
01/02/2026,Compras en Internet con Tarjeta de Crédito,7463200512,200177081028,OMP 01
01/03/2026,Compras en Internet con Tarjeta de Crédito,7463200512,226719055211,OMP 01
01/02/2018,Extracciones en ATM,195557,191119,OMP 01
01/03/2018,Extracciones en ATM,195557,191385,OMP 01
01/04/2018,Extracciones en ATM,195557,204323,OMP 01
01/05/2018,Extracciones en ATM,195557,205708,OMP 01
01/06/2018,Extracciones en ATM,195557,199568,OMP 01
01/07/2018,Extracciones en ATM,195557,215412,OMP 01
01/08/2018,Extracciones en ATM,195557,213167,OMP 01
01/09/2018,Extracciones en ATM,195557,203069,OMP 01
01/10/2018,Extracciones en ATM,195557,233372,OMP 01
01/11/2018,Extracciones en ATM,195557,221933,OMP 01
01/12/2018,Extracciones en ATM,195557,170414,OMP 01
01/01/2019,Extracciones en ATM,195557,197616,OMP 01
01/02/2019,Extracciones en ATM,195557,198811,OMP 01
01/03/2019,Extracciones en ATM,195557,203927,OMP 01
01/04/2019,Extracciones en ATM,195557,210680,OMP 01
01/05/2019,Extracciones en ATM,195557,219539,OMP 01
01/06/2019,Extracciones en ATM,195557,208941,OMP 01
01/07/2019,Extracciones en ATM,195557,226163,OMP 01
01/08/2019,Extracciones en ATM,195557,219216,OMP 01
01/09/2019,Extracciones en ATM,195557,221149,OMP 01
01/10/2019,Extracciones en ATM,195557,228416,OMP 01
01/11/2019,Extracciones en ATM,195557,226186,OMP 01
01/12/2019,Extracciones en ATM,195557,177448,OMP 01
01/01/2020,Extracciones en ATM,195557,189775,OMP 01
01/02/2020,Extracciones en ATM,195557,200236,OMP 01
01/03/2020,Extracciones en ATM,195557,161822,OMP 01
01/04/2020,Extracciones en ATM,195557,59679,OMP 01
01/05/2020,Extracciones en ATM,195557,73969,OMP 01
01/06/2020,Extracciones en ATM,195557,92652,OMP 01
01/07/2020,Extracciones en ATM,195557,107233,OMP 01
01/08/2020,Extracciones en ATM,195557,109677,OMP 01
01/09/2020,Extracciones en ATM,195557,120855,OMP 01
01/10/2020,Extracciones en ATM,195557,138505,OMP 01
01/11/2020,Extracciones en ATM,195557,143904,OMP 01
01/12/2020,Extracciones en ATM,195557,114669,OMP 01
01/01/2021,Extracciones en ATM,195557,120793,OMP 01
01/02/2021,Extracciones en ATM,195557,141152,OMP 01
01/03/2021,Extracciones en ATM,195557,148823,OMP 01
01/04/2021,Extracciones en ATM,195557,137665,OMP 01
01/05/2021,Extracciones en ATM,195557,145895,OMP 01
01/06/2021,Extracciones en ATM,195557,143305,OMP 01
01/07/2021,Extracciones en ATM,195557,164589,OMP 01
01/08/2021,Extracciones en ATM,195557,168908,OMP 01
01/09/2021,Extracciones en ATM,195557,223425,OMP 01
01/10/2021,Extracciones en ATM,195557,226591.4,OMP 01
01/11/2021,Extracciones en ATM,195557,255489.2,OMP 01
01/12/2021,Extracciones en ATM,195557,159559,OMP 01
01/01/2022,Extracciones en ATM,195557,173877,OMP 01
01/02/2022,Extracciones en ATM,195557,178575,OMP 01
01/03/2022,Extracciones en ATM,195557,211641,OMP 01
01/04/2022,Extracciones en ATM,195557,204667,OMP 01
01/05/2022,Extracciones en ATM,195557,223069,OMP 01
01/06/2022,Extracciones en ATM,195557,221455,OMP 01
01/07/2022,Extracciones en ATM,195557,228886,OMP 01
01/08/2022,Extracciones en ATM,195557,221516,OMP 01
01/09/2022,Extracciones en ATM,195557,207173,OMP 01
01/10/2022,Extracciones en ATM,195557,222915,OMP 01
01/11/2022,Extracciones en ATM,195557,223966,OMP 01
01/12/2022,Extracciones en ATM,195557,167785,OMP 01
01/01/2023,Extracciones en ATM,195557,190995,OMP 01
01/02/2023,Extracciones en ATM,195557,186537,OMP 01
01/03/2023,Extracciones en ATM,195557,209393,OMP 01
01/04/2023,Extracciones en ATM,195557,178786,OMP 01
01/05/2023,Extracciones en ATM,195557,205405,OMP 01
01/06/2023,Extracciones en ATM,195557,200488,OMP 01
01/07/2023,Extracciones en ATM,195557,197443,OMP 01
01/08/2023,Extracciones en ATM,195557,202270,OMP 01
01/09/2023,Extracciones en ATM,195557,188288,OMP 01
01/10/2023,Extracciones en ATM,195557,204502,OMP 01
01/11/2023,Extracciones en ATM,195557,197141,OMP 01
01/12/2023,Extracciones en ATM,195557,151762,OMP 01
01/01/2024,Extracciones en ATM,195557,170007,OMP 01
01/02/2024,Extracciones en ATM,195557,177913,OMP 01
01/03/2024,Extracciones en ATM,195557,168361,OMP 01
01/04/2024,Extracciones en ATM,195557,189645,OMP 01
01/05/2024,Extracciones en ATM,195557,182670,OMP 01
01/06/2024,Extracciones en ATM,195557,174264,OMP 01
01/07/2024,Extracciones en ATM,195557,182288,OMP 01
01/08/2024,Extracciones en ATM,195557,183102,OMP 01
01/09/2024,Extracciones en ATM,195557,185659,OMP 01
01/10/2024,Extracciones en ATM,195557,194067,OMP 01
01/11/2024,Extracciones en ATM,195557,177689,OMP 01
01/12/2024,Extracciones en ATM,195557,150989,OMP 01
01/01/2025,Extracciones en ATM,195557,158553,OMP 01
01/02/2025,Extracciones en ATM,195557,165949,OMP 01
01/03/2025,Extracciones en ATM,195557,183308,OMP 01
01/04/2025,Extracciones en ATM,195557,175287,OMP 01
01/05/2025,Extracciones en ATM,195557,202170,OMP 01
01/06/2025,Extracciones en ATM,195557,203288,OMP 01
01/07/2025,Extracciones en ATM,195557,217827,OMP 01
01/08/2025,Extracciones en ATM,195557,208622,OMP 01
01/09/2025,Extracciones en ATM,195557,212404,OMP 01
01/10/2025,Extracciones en ATM,195557,220990,OMP 01
01/11/2025,Extracciones en ATM,195557,207492,OMP 01
01/12/2025,Extracciones en ATM,195557,179343,OMP 01
01/01/2026,Extracciones en ATM,195557,176982,OMP 01
01/02/2026,Extracciones en ATM,195557,169478,OMP 01
01/03/2026,Extracciones en ATM,195557,178539,OMP 01
01/02/2018,Extracciones en ATM,89506170000,86489830000,OMP 01
01/03/2018,Extracciones en ATM,89506170000,88306490000,OMP 01
01/04/2018,Extracciones en ATM,89506170000,91602160000,OMP 01
01/05/2018,Extracciones en ATM,89506170000,93793290000,OMP 01
01/06/2018,Extracciones en ATM,89506170000,91347380000,OMP 01
01/07/2018,Extracciones en ATM,89506170000,96826940000,OMP 01
01/08/2018,Extracciones en ATM,89506170000,95658170000,OMP 01
01/09/2018,Extracciones en ATM,89506170000,91670150000,OMP 01
01/10/2018,Extracciones en ATM,89506170000,105718400000,OMP 01
01/11/2018,Extracciones en ATM,89506170000,101899235508,OMP 01
01/12/2018,Extracciones en ATM,89506170000,82723390000,OMP 01
01/01/2019,Extracciones en ATM,89506170000,91646400000,OMP 01
01/02/2019,Extracciones en ATM,89506170000,91743270000,OMP 01
01/03/2019,Extracciones en ATM,89506170000,94589180000,OMP 01
01/04/2019,Extracciones en ATM,89506170000,96629500000,OMP 01
01/05/2019,Extracciones en ATM,89506170000,100993939000,OMP 01
01/06/2019,Extracciones en ATM,89506170000,96013101200,OMP 01
01/07/2019,Extracciones en ATM,89506170000,103370030000,OMP 01
01/08/2019,Extracciones en ATM,89506170000,98687631000,OMP 01
01/09/2019,Extracciones en ATM,89506170000,100790426000,OMP 01
01/10/2019,Extracciones en ATM,89506170000,104870290000,OMP 01
01/11/2019,Extracciones en ATM,89506170000,103670590000,OMP 01
01/12/2019,Extracciones en ATM,89506170000,88084760000,OMP 01
01/01/2020,Extracciones en ATM,89506170000,91129224965,OMP 01
01/02/2020,Extracciones en ATM,89506170000,95308900000,OMP 01
01/03/2020,Extracciones en ATM,89506170000,78664470000,OMP 01
01/04/2020,Extracciones en ATM,89506170000,30018950000,OMP 01
01/05/2020,Extracciones en ATM,89506170000,38979940000,OMP 01
01/06/2020,Extracciones en ATM,89506170000,48831390000,OMP 01
01/07/2020,Extracciones en ATM,89506170000,55757860000,OMP 01
01/08/2020,Extracciones en ATM,89506170000,57325030000,OMP 01
01/09/2020,Extracciones en ATM,89506170000,61285840000,OMP 01
01/10/2020,Extracciones en ATM,89506170000,70543070000,OMP 01
01/11/2020,Extracciones en ATM,89506170000,72327849768,OMP 01
01/12/2020,Extracciones en ATM,89506170000,61802820000,OMP 01
01/01/2021,Extracciones en ATM,89506170000,61141810000,OMP 01
01/02/2021,Extracciones en ATM,89506170000,71703100000,OMP 01
01/03/2021,Extracciones en ATM,89506170000,76666620000,OMP 01
01/04/2021,Extracciones en ATM,89506170000,69611940000,OMP 01
01/05/2021,Extracciones en ATM,89506170000,74001030000,OMP 01
01/06/2021,Extracciones en ATM,89506170000,72233430000,OMP 01
01/07/2021,Extracciones en ATM,89506170000,80692260000,OMP 01
01/08/2021,Extracciones en ATM,89506170000,83680686245,OMP 01
01/09/2021,Extracciones en ATM,89506170000,80283010000,OMP 01
01/10/2021,Extracciones en ATM,89506170000,132701955000,OMP 01
01/11/2021,Extracciones en ATM,89506170000,148980054000,OMP 01
01/12/2021,Extracciones en ATM,89506170000,85887120000,OMP 01
01/01/2022,Extracciones en ATM,89506170000,88553190000,OMP 01
01/02/2022,Extracciones en ATM,89506170000,92256970000,OMP 01
01/03/2022,Extracciones en ATM,89506170000,112942110000,OMP 01
01/04/2022,Extracciones en ATM,89506170000,107426540000,OMP 01
01/05/2022,Extracciones en ATM,89506170000,115664220000,OMP 01
01/06/2022,Extracciones en ATM,89506170000,114895310000,OMP 01
01/07/2022,Extracciones en ATM,89506170000,117719850000,OMP 01
01/08/2022,Extracciones en ATM,89506170000,110370960000,OMP 01
01/09/2022,Extracciones en ATM,89506170000,103459950000,OMP 01
01/10/2022,Extracciones en ATM,89506170000,111152190000,OMP 01
01/11/2022,Extracciones en ATM,89506170000,113170330000,OMP 01
01/12/2022,Extracciones en ATM,89506170000,91023940000,OMP 01
01/01/2023,Extracciones en ATM,89506170000,97976230000,OMP 01
01/02/2023,Extracciones en ATM,89506170000,95334440000,OMP 01
01/03/2023,Extracciones en ATM,89506170000,106091870000,OMP 01
01/04/2023,Extracciones en ATM,89506170000,91427490000,OMP 01
01/05/2023,Extracciones en ATM,89506170000,103243210000,OMP 01
01/06/2023,Extracciones en ATM,89506170000,100183020000,OMP 01
01/07/2023,Extracciones en ATM,89506170000,99292060000,OMP 01
01/08/2023,Extracciones en ATM,89506170000,100788550000,OMP 01
01/09/2023,Extracciones en ATM,89506170000,94775560000,OMP 01
01/10/2023,Extracciones en ATM,89506170000,103441790000,OMP 01
01/11/2023,Extracciones en ATM,89506170000,102370950000,OMP 01
01/12/2023,Extracciones en ATM,89506170000,86429810000,OMP 01
01/01/2024,Extracciones en ATM,89506170000,92814690000,OMP 01
01/02/2024,Extracciones en ATM,89506170000,97480861000,OMP 01
01/03/2024,Extracciones en ATM,89506170000,94460457937,OMP 01
01/04/2024,Extracciones en ATM,89506170000,104918469154,OMP 01
01/05/2024,Extracciones en ATM,89506170000,102123954251,OMP 01
01/06/2024,Extracciones en ATM,89506170000,98233665970,OMP 01
01/07/2024,Extracciones en ATM,89506170000,104552785934,OMP 01
01/08/2024,Extracciones en ATM,89506170000,105035020000,OMP 01
01/09/2024,Extracciones en ATM,89506170000,105989701574,OMP 01
01/10/2024,Extracciones en ATM,89506170000,109315262502,OMP 01
01/11/2024,Extracciones en ATM,89506170000,102893440000,OMP 01
01/12/2024,Extracciones en ATM,89506170000,93091670000,OMP 01
01/01/2025,Extracciones en ATM,89506170000,93266920000,OMP 01
01/02/2025,Extracciones en ATM,89506170000,95775180000,OMP 01
01/03/2025,Extracciones en ATM,89506170000,110630540000,OMP 01
01/04/2025,Extracciones en ATM,89506170000,104978010000,OMP 01
01/05/2025,Extracciones en ATM,89506170000,116424180000,OMP 01
01/06/2025,Extracciones en ATM,89506170000,107797150000,OMP 01
01/07/2025,Extracciones en ATM,89506170000,117401310000,OMP 01
01/08/2025,Extracciones en ATM,89506170000,112737290000,OMP 01
01/09/2025,Extracciones en ATM,89506170000,114860740000,OMP 01
01/10/2025,Extracciones en ATM,89506170000,121802910000,OMP 01
01/11/2025,Extracciones en ATM,89506170000,114361040000,OMP 01
01/12/2025,Extracciones en ATM,89506170000,105615505000,OMP 01
01/01/2026,Extracciones en ATM,89506170000,106818337800,OMP 01
01/02/2026,Extracciones en ATM,89506170000,96439900000,OMP 01
01/03/2026,Extracciones en ATM,89506170000,101253600000,OMP 01
01/02/2018,Compras con QR,89506170000,,OMP 01
01/03/2018,Compras con QR,89506170000,,OMP 01
01/04/2018,Compras con QR,89506170000,,OMP 01
01/05/2018,Compras con QR,89506170000,,OMP 01
01/06/2018,Compras con QR,89506170000,,OMP 01
01/07/2018,Compras con QR,89506170000,,OMP 01
01/08/2018,Compras con QR,89506170000,,OMP 01
01/09/2018,Compras con QR,89506170000,,OMP 01
01/10/2018,Compras con QR,89506170000,,OMP 01
01/11/2018,Compras con QR,89506170000,,OMP 01
01/12/2018,Compras con QR,89506170000,,OMP 01
01/01/2019,Compras con QR,89506170000,,OMP 01
01/02/2019,Compras con QR,89506170000,,OMP 01
01/03/2019,Compras con QR,89506170000,,OMP 01
01/04/2019,Compras con QR,89506170000,,OMP 01
01/05/2019,Compras con QR,89506170000,,OMP 01
01/06/2019,Compras con QR,89506170000,,OMP 01
01/07/2019,Compras con QR,89506170000,,OMP 01
01/08/2019,Compras con QR,89506170000,,OMP 01
01/09/2019,Compras con QR,89506170000,,OMP 01
01/10/2019,Compras con QR,89506170000,,OMP 01
01/11/2019,Compras con QR,89506170000,,OMP 01
01/12/2019,Compras con QR,89506170000,,OMP 01
01/01/2020,Compras con QR,89506170000,,OMP 01
01/02/2020,Compras con QR,89506170000,,OMP 01
01/03/2020,Compras con QR,89506170000,,OMP 01
01/04/2020,Compras con QR,89506170000,,OMP 01
01/05/2020,Compras con QR,89506170000,,OMP 01
01/06/2020,Compras con QR,89506170000,,OMP 01
01/07/2020,Compras con QR,89506170000,,OMP 01
01/08/2020,Compras con QR,89506170000,,OMP 01
01/09/2020,Compras con QR,89506170000,,OMP 01
01/10/2020,Compras con QR,89506170000,,OMP 01
01/11/2020,Compras con QR,89506170000,,OMP 01
01/12/2020,Compras con QR,89506170000,,OMP 01
01/01/2021,Compras con QR,89506170000,,OMP 01
01/02/2021,Compras con QR,89506170000,,OMP 01
01/03/2021,Compras con QR,89506170000,,OMP 01
01/04/2021,Compras con QR,89506170000,,OMP 01
01/05/2021,Compras con QR,89506170000,,OMP 01
01/06/2021,Compras con QR,89506170000,,OMP 01
01/07/2021,Compras con QR,89506170000,,OMP 01
01/08/2021,Compras con QR,89506170000,,OMP 01
01/09/2021,Compras con QR,89506170000,,OMP 01
01/10/2021,Compras con QR,89506170000,,OMP 01
01/11/2021,Compras con QR,89506170000,,OMP 01
01/12/2021,Compras con QR,89506170000,,OMP 01
01/01/2022,Compras con QR,89506170000,62675,OMP 01
01/02/2022,Compras con QR,89506170000,84339,OMP 01
01/03/2022,Compras con QR,89506170000,126687,OMP 01
01/04/2022,Compras con QR,89506170000,115070,OMP 01
01/05/2022,Compras con QR,89506170000,173939,OMP 01
01/06/2022,Compras con QR,89506170000,193358,OMP 01
01/07/2022,Compras con QR,89506170000,197961,OMP 01
01/08/2022,Compras con QR,89506170000,258621,OMP 01
01/09/2022,Compras con QR,89506170000,244335,OMP 01
01/10/2022,Compras con QR,89506170000,272272,OMP 01
01/11/2022,Compras con QR,89506170000,309063,OMP 01
01/12/2022,Compras con QR,89506170000,356133,OMP 01
01/01/2023,Compras con QR,89506170000,358567,OMP 01
01/02/2023,Compras con QR,89506170000,351383,OMP 01
01/03/2023,Compras con QR,89506170000,407067,OMP 01
01/04/2023,Compras con QR,89506170000,367862,OMP 01
01/05/2023,Compras con QR,89506170000,509927,OMP 01
01/06/2023,Compras con QR,89506170000,477633,OMP 01
01/07/2023,Compras con QR,89506170000,501337,OMP 01
01/08/2023,Compras con QR,89506170000,539833,OMP 01
01/09/2023,Compras con QR,89506170000,512263,OMP 01
01/10/2023,Compras con QR,89506170000,620080,OMP 01
01/11/2023,Compras con QR,89506170000,597439,OMP 01
01/12/2023,Compras con QR,89506170000,656493,OMP 01
01/01/2024,Compras con QR,89506170000,787325,OMP 01
01/02/2024,Compras con QR,89506170000,749469,OMP 01
01/03/2024,Compras con QR,89506170000,671237,OMP 01
01/04/2024,Compras con QR,89506170000,860871,OMP 01
01/05/2024,Compras con QR,89506170000,865458,OMP 01
01/06/2024,Compras con QR,89506170000,835130,OMP 01
01/07/2024,Compras con QR,89506170000,986420,OMP 01
01/08/2024,Compras con QR,89506170000,980002,OMP 01
01/09/2024,Compras con QR,89506170000,962117,OMP 01
01/10/2024,Compras con QR,89506170000,1167749,OMP 01
01/11/2024,Compras con QR,89506170000,1024181,OMP 01
01/12/2024,Compras con QR,89506170000,1125736,OMP 01
01/01/2025,Compras con QR,89506170000,1041199,OMP 01
01/02/2025,Compras con QR,89506170000,1003746,OMP 01
01/03/2025,Compras con QR,89506170000,1102093,OMP 01
01/04/2025,Compras con QR,89506170000,1087893,OMP 01
01/05/2025,Compras con QR,89506170000,1209700,OMP 01
01/06/2025,Compras con QR,89506170000,1245861,OMP 01
01/07/2025,Compras con QR,89506170000,1283815,OMP 01
01/08/2025,Compras con QR,89506170000,1231821,OMP 01
01/09/2025,Compras con QR,89506170000,1358640,OMP 01
01/10/2025,Compras con QR,89506170000,1370131,OMP 01
01/11/2025,Compras con QR,89506170000,1278212,OMP 01
01/12/2025,Compras con QR,89506170000,1549123,OMP 01
01/01/2026,Compras con QR,89506170000,1309759,OMP 01
01/02/2026,Compras con QR,89506170000,1300913,OMP 01
01/03/2026,Compras con QR,89506170000,1503342,OMP 01
01/02/2018,Compras con QR,89506170000,,OMP 01
01/03/2018,Compras con QR,89506170000,,OMP 01
01/04/2018,Compras con QR,89506170000,,OMP 01
01/05/2018,Compras con QR,89506170000,,OMP 01
01/06/2018,Compras con QR,89506170000,,OMP 01
01/07/2018,Compras con QR,89506170000,,OMP 01
01/08/2018,Compras con QR,89506170000,,OMP 01
01/09/2018,Compras con QR,89506170000,,OMP 01
01/10/2018,Compras con QR,89506170000,,OMP 01
01/11/2018,Compras con QR,89506170000,,OMP 01
01/12/2018,Compras con QR,89506170000,,OMP 01
01/01/2019,Compras con QR,89506170000,,OMP 01
01/02/2019,Compras con QR,89506170000,,OMP 01
01/03/2019,Compras con QR,89506170000,,OMP 01
01/04/2019,Compras con QR,89506170000,,OMP 01
01/05/2019,Compras con QR,89506170000,,OMP 01
01/06/2019,Compras con QR,89506170000,,OMP 01
01/07/2019,Compras con QR,89506170000,,OMP 01
01/08/2019,Compras con QR,89506170000,,OMP 01
01/09/2019,Compras con QR,89506170000,,OMP 01
01/10/2019,Compras con QR,89506170000,,OMP 01
01/11/2019,Compras con QR,89506170000,,OMP 01
01/12/2019,Compras con QR,89506170000,,OMP 01
01/01/2020,Compras con QR,89506170000,,OMP 01
01/02/2020,Compras con QR,89506170000,,OMP 01
01/03/2020,Compras con QR,89506170000,,OMP 01
01/04/2020,Compras con QR,89506170000,,OMP 01
01/05/2020,Compras con QR,89506170000,,OMP 01
01/06/2020,Compras con QR,89506170000,,OMP 01
01/07/2020,Compras con QR,89506170000,,OMP 01
01/08/2020,Compras con QR,89506170000,,OMP 01
01/09/2020,Compras con QR,89506170000,,OMP 01
01/10/2020,Compras con QR,89506170000,,OMP 01
01/11/2020,Compras con QR,89506170000,,OMP 01
01/12/2020,Compras con QR,89506170000,,OMP 01
01/01/2021,Compras con QR,89506170000,,OMP 01
01/02/2021,Compras con QR,89506170000,,OMP 01
01/03/2021,Compras con QR,89506170000,,OMP 01
01/04/2021,Compras con QR,89506170000,,OMP 01
01/05/2021,Compras con QR,89506170000,,OMP 01
01/06/2021,Compras con QR,89506170000,,OMP 01
01/07/2021,Compras con QR,89506170000,,OMP 01
01/08/2021,Compras con QR,89506170000,,OMP 01
01/09/2021,Compras con QR,89506170000,,OMP 01
01/10/2021,Compras con QR,89506170000,,OMP 01
01/11/2021,Compras con QR,89506170000,,OMP 01
01/12/2021,Compras con QR,89506170000,,OMP 01
01/01/2022,Compras con QR,89506170000,14536433280,OMP 01
01/02/2022,Compras con QR,89506170000,21920676969,OMP 01
01/03/2022,Compras con QR,89506170000,30358342696,OMP 01
01/04/2022,Compras con QR,89506170000,28963293207,OMP 01
01/05/2022,Compras con QR,89506170000,48637350217,OMP 01
01/06/2022,Compras con QR,89506170000,51491581813,OMP 01
01/07/2022,Compras con QR,89506170000,46628049101,OMP 01
01/08/2022,Compras con QR,89506170000,61785118111,OMP 01
01/09/2022,Compras con QR,89506170000,57938868150,OMP 01
01/10/2022,Compras con QR,89506170000,63700695053,OMP 01
01/11/2022,Compras con QR,89506170000,78021549534,OMP 01
01/12/2022,Compras con QR,89506170000,111300153583,OMP 01
01/01/2023,Compras con QR,89506170000,87236109523,OMP 01
01/02/2023,Compras con QR,89506170000,88423903214,OMP 01
01/03/2023,Compras con QR,89506170000,96911382823,OMP 01
01/04/2023,Compras con QR,89506170000,86650488232,OMP 01
01/05/2023,Compras con QR,89506170000,129236840539,OMP 01
01/06/2023,Compras con QR,89506170000,117080384757,OMP 01
01/07/2023,Compras con QR,89506170000,116431681172,OMP 01
01/08/2023,Compras con QR,89506170000,124202303071,OMP 01
01/09/2023,Compras con QR,89506170000,121214035171,OMP 01
01/10/2023,Compras con QR,89506170000,147188248885,OMP 01
01/11/2023,Compras con QR,89506170000,151060121863,OMP 01
01/12/2023,Compras con QR,89506170000,200805934922,OMP 01
01/01/2024,Compras con QR,89506170000,188156148804,OMP 01
01/02/2024,Compras con QR,89506170000,180329129223,OMP 01
01/03/2024,Compras con QR,89506170000,155708204858,OMP 01
01/04/2024,Compras con QR,89506170000,204237750346,OMP 01
01/05/2024,Compras con QR,89506170000,219770148342,OMP 01
01/06/2024,Compras con QR,89506170000,202646629084,OMP 01
01/07/2024,Compras con QR,89506170000,226941145762,OMP 01
01/08/2024,Compras con QR,89506170000,221898183530,OMP 01
01/09/2024,Compras con QR,89506170000,226300433767,OMP 01
01/10/2024,Compras con QR,89506170000,279628502025,OMP 01
01/11/2024,Compras con QR,89506170000,260151588696,OMP 01
01/12/2024,Compras con QR,89506170000,375565173487,OMP 01
01/01/2025,Compras con QR,89506170000,282086469225,OMP 01
01/02/2025,Compras con QR,89506170000,271311706216,OMP 01
01/03/2025,Compras con QR,89506170000,290740250350,OMP 01
01/04/2025,Compras con QR,89506170000,289246429962,OMP 01
01/05/2025,Compras con QR,89506170000,343461212508,OMP 01
01/06/2025,Compras con QR,89506170000,359185883872,OMP 01
01/07/2025,Compras con QR,89506170000,357397301478,OMP 01
01/08/2025,Compras con QR,89506170000,342146080874,OMP 01
01/09/2025,Compras con QR,89506170000,384551380850,OMP 01
01/10/2025,Compras con QR,89506170000,392092966022,OMP 01
01/11/2025,Compras con QR,89506170000,378997647585,OMP 01
01/12/2025,Compras con QR,89506170000,532235318978,OMP 01
01/01/2026,Compras con QR,89506170000,385657340655,OMP 01
01/02/2026,Compras con QR,89506170000,383223024259,OMP 01
01/03/2026,Compras con QR,89506170000,446198153575,OMP 01
01/02/2024,Compras con banda Magnetica,284721,276002,OMP 01_02
01/03/2024,Compras con banda Magnetica,284721,279035,OMP 01_02
01/04/2024,Compras con banda Magnetica,284721,299780,OMP 01_02
01/05/2024,Compras con banda Magnetica,284721,298859,OMP 01_02
01/06/2024,Compras con banda Magnetica,284721,290249,OMP 01_02
01/07/2024,Compras con banda Magnetica,284721,313560,OMP 01_02
01/08/2024,Compras con banda Magnetica,284721,329093,OMP 01_02
01/09/2024,Compras con banda Magnetica,284721,318223,OMP 01_02
01/10/2024,Compras con banda Magnetica,284721,340319,OMP 01_02
01/11/2024,Compras con banda Magnetica,284721,324442,OMP 01_02
01/12/2024,Compras con banda Magnetica,284721,288121,OMP 01_02
01/01/2025,Compras con banda Magnetica,284721,264860,OMP 01_02
01/02/2025,Compras con banda Magnetica,284721,255990,OMP 01_02
01/03/2025,Compras con banda Magnetica,284721,276519,OMP 01_02
01/04/2025,Compras con banda Magnetica,284721,272430,OMP 01_02
01/05/2025,Compras con banda Magnetica,284721,286882,OMP 01_02
01/06/2025,Compras con banda Magnetica,284721,276694,OMP 01_02
01/07/2025,Compras con banda Magnetica,284721,283464,OMP 01_02
01/08/2025,Compras con banda Magnetica,284721,281507.5,OMP 01_02
01/09/2025,Compras con banda Magnetica,284721,275316,OMP 01_02
01/10/2025,Compras con banda Magnetica,284721,284915,OMP 01_02
01/11/2025,Compras con banda Magnetica,284721,272918,OMP 01_02
01/12/2025,Compras con banda Magnetica,284721,242781,OMP 01_02
01/01/2026,Compras con banda Magnetica,284721,249324,OMP 01_02
01/02/2026,Compras con banda Magnetica,284721,218564,OMP 01_02
01/03/2026,Compras con banda Magnetica,284721,257499,OMP 01_02
01/02/2024,Compras con banda Magnetica,54418636021,51363277158,OMP 01_02
01/03/2024,Compras con banda Magnetica,54418636021,51962512978,OMP 01_02
01/04/2024,Compras con banda Magnetica,54418636021,53521997101,OMP 01_02
01/05/2024,Compras con banda Magnetica,54418636021,54356070594,OMP 01_02
01/06/2024,Compras con banda Magnetica,54418636021,51353278802,OMP 01_02
01/07/2024,Compras con banda Magnetica,54418636021,54729617713,OMP 01_02
01/08/2024,Compras con banda Magnetica,54418636021,58429535880,OMP 01_02
01/09/2024,Compras con banda Magnetica,54418636021,56185082910,OMP 01_02
01/10/2024,Compras con banda Magnetica,54418636021,60410747600,OMP 01_02
01/11/2024,Compras con banda Magnetica,54418636021,60909395326,OMP 01_02
01/12/2024,Compras con banda Magnetica,54418636021,61463333027,OMP 01_02
01/01/2025,Compras con banda Magnetica,54418636021,49684035775,OMP 01_02
01/02/2025,Compras con banda Magnetica,54418636021,46982269298,OMP 01_02
01/03/2025,Compras con banda Magnetica,54418636021,52548023821,OMP 01_02
01/04/2025,Compras con banda Magnetica,54418636021,49005658454,OMP 01_02
01/05/2025,Compras con banda Magnetica,54418636021,52066913609,OMP 01_02
01/06/2025,Compras con banda Magnetica,54418636021,51258802684,OMP 01_02
01/07/2025,Compras con banda Magnetica,54418636021,52068053630,OMP 01_02
01/08/2025,Compras con banda Magnetica,54418636021,53419716422,OMP 01_02
01/09/2025,Compras con banda Magnetica,54418636021,50771666062,OMP 01_02
01/10/2025,Compras con banda Magnetica,54418636021,53568532733,OMP 01_02
01/11/2025,Compras con banda Magnetica,54418636021,53440126125,OMP 01_02
01/12/2025,Compras con banda Magnetica,54418636021,52783239549,OMP 01_02
01/01/2026,Compras con banda Magnetica,54418636021,51222388934,OMP 01_02
01/02/2026,Compras con banda Magnetica,54418636021,43227347745,OMP 01_02
01/03/2026,Compras con banda Magnetica,54418636021,51527195589,OMP 01_02
01/02/2024,Compras con QR,713724,678992,OMP 01_02
01/03/2024,Compras con QR,713724,641481,OMP 01_02
01/04/2024,Compras con QR,713724,775995,OMP 01_02
01/05/2024,Compras con QR,713724,777151,OMP 01_02
01/06/2024,Compras con QR,713724,752231,OMP 01_02
01/07/2024,Compras con QR,713724,886043,OMP 01_02
01/08/2024,Compras con QR,713724,886474,OMP 01_02
01/09/2024,Compras con QR,713724,867311,OMP 01_02
01/10/2024,Compras con QR,713724,1053141,OMP 01_02
01/11/2024,Compras con QR,713724,920524,OMP 01_02
01/12/2024,Compras con QR,713724,1019863,OMP 01_02
01/01/2025,Compras con QR,713724,930355,OMP 01_02
01/02/2025,Compras con QR,713724,896109,OMP 01_02
01/03/2025,Compras con QR,713724,985763,OMP 01_02
01/04/2025,Compras con QR,713724,968285,OMP 01_02
01/05/2025,Compras con QR,713724,1080026,OMP 01_02
01/06/2025,Compras con QR,713724,1103860,OMP 01_02
01/07/2025,Compras con QR,713724,1134208,OMP 01_02
01/08/2025,Compras con QR,713724,1087977,OMP 01_02
01/09/2025,Compras con QR,713724,1186041,OMP 01_02
01/10/2025,Compras con QR,713724,1194850,OMP 01_02
01/11/2025,Compras con QR,713724,1115032,OMP 01_02
01/12/2025,Compras con QR,713724,1366116,OMP 01_02
01/01/2026,Compras con QR,713724,1149542,OMP 01_02
01/02/2026,Compras con QR,713724,1137070,OMP 01_02
01/03/2026,Compras con QR,713724,1307850,OMP 01_02
01/02/2024,Compras con QR,165256065001,157775855874,OMP 01_02
01/03/2024,Compras con QR,165256065001,143206111425,OMP 01_02
01/04/2024,Compras con QR,165256065001,177302183004,OMP 01_02
01/05/2024,Compras con QR,165256065001,192482768584,OMP 01_02
01/06/2024,Compras con QR,165256065001,176186411770,OMP 01_02
01/07/2024,Compras con QR,165256065001,197104469112,OMP 01_02
01/08/2024,Compras con QR,165256065001,193226353310,OMP 01_02
01/09/2024,Compras con QR,165256065001,195853167051,OMP 01_02
01/10/2024,Compras con QR,165256065001,241463815769,OMP 01_02
01/11/2024,Compras con QR,165256065001,223235502969,OMP 01_02
01/12/2024,Compras con QR,165256065001,329333950833,OMP 01_02
01/01/2025,Compras con QR,165256065001,242125825714,OMP 01_02
01/02/2025,Compras con QR,165256065001,232756607083,OMP 01_02
01/03/2025,Compras con QR,165256065001,247664242509,OMP 01_02
01/04/2025,Compras con QR,165256065001,245720181608,OMP 01_02
01/05/2025,Compras con QR,165256065001,294292056964,OMP 01_02
01/06/2025,Compras con QR,165256065001,305378106995,OMP 01_02
01/07/2025,Compras con QR,165256065001,295358133886,OMP 01_02
01/08/2025,Compras con QR,165256065001,280728465268,OMP 01_02
01/09/2025,Compras con QR,165256065001,309540870255,OMP 01_02
01/10/2025,Compras con QR,165256065001,321246007330,OMP 01_02
01/11/2025,Compras con QR,165256065001,308044543283,OMP 01_02
01/12/2025,Compras con QR,165256065001,447264684858,OMP 01_02
01/01/2026,Compras con QR,165256065001,322619321975,OMP 01_02
01/02/2026,Compras con QR,165256065001,313616504403,OMP 01_02
01/03/2026,Compras con QR,165256065001,361530907446,OMP 01_02
01/02/2024,Compras con Chip,224511,198652,OMP 01_02
01/03/2024,Compras con Chip,224511,193757,OMP 01_02
01/04/2024,Compras con Chip,224511,231980,OMP 01_02
01/05/2024,Compras con Chip,224511,215887,OMP 01_02
01/06/2024,Compras con Chip,224511,203260,OMP 01_02
01/07/2024,Compras con Chip,224511,364463,OMP 01_02
01/08/2024,Compras con Chip,224511,417339,OMP 01_02
01/09/2024,Compras con Chip,224511,396287,OMP 01_02
01/10/2024,Compras con Chip,224511,499505,OMP 01_02
01/11/2024,Compras con Chip,224511,455468,OMP 01_02
01/12/2024,Compras con Chip,224511,529271,OMP 01_02
01/01/2025,Compras con Chip,224511,530250,OMP 01_02
01/02/2025,Compras con Chip,224511,534128,OMP 01_02
01/03/2025,Compras con Chip,224511,655918,OMP 01_02
01/04/2025,Compras con Chip,224511,654939,OMP 01_02
01/05/2025,Compras con Chip,224511,686034,OMP 01_02
01/06/2025,Compras con Chip,224511,718306,OMP 01_02
01/07/2025,Compras con Chip,224511,792048,OMP 01_02
01/08/2025,Compras con Chip,224511,801775,OMP 01_02
01/09/2025,Compras con Chip,224511,965884,OMP 01_02
01/10/2025,Compras con Chip,224511,994172,OMP 01_02
01/11/2025,Compras con Chip,224511,914672,OMP 01_02
01/12/2025,Compras con Chip,224511,1057591,OMP 01_02
01/01/2026,Compras con Chip,224511,965835,OMP 01_02
01/02/2026,Compras con Chip,224511,896134,OMP 01_02
01/03/2026,Compras con Chip,224511,970659,OMP 01_02
01/02/2024,Compras con Chip,45733767652,39391321510,OMP 01_02
01/03/2024,Compras con Chip,45733767652,36247781902,OMP 01_02
01/04/2024,Compras con Chip,45733767652,40412605379,OMP 01_02
01/05/2024,Compras con Chip,45733767652,37858864040,OMP 01_02
01/06/2024,Compras con Chip,45733767652,33817408796,OMP 01_02
01/07/2024,Compras con Chip,45733767652,54816430988,OMP 01_02
01/08/2024,Compras con Chip,45733767652,59160984062,OMP 01_02
01/09/2024,Compras con Chip,45733767652,55507504459,OMP 01_02
01/10/2024,Compras con Chip,45733767652,69606947174,OMP 01_02
01/11/2024,Compras con Chip,45733767652,63315704534,OMP 01_02
01/12/2024,Compras con Chip,45733767652,82252362937,OMP 01_02
01/01/2025,Compras con Chip,45733767652,72281621386,OMP 01_02
01/02/2025,Compras con Chip,45733767652,69727888092,OMP 01_02
01/03/2025,Compras con Chip,45733767652,81395489203,OMP 01_02
01/04/2025,Compras con Chip,45733767652,79436974006,OMP 01_02
01/05/2025,Compras con Chip,45733767652,81695896784,OMP 01_02
01/06/2025,Compras con Chip,45733767652,86080341965,OMP 01_02
01/07/2025,Compras con Chip,45733767652,94329829941,OMP 01_02
01/08/2025,Compras con Chip,45733767652,93085351551,OMP 01_02
01/09/2025,Compras con Chip,45733767652,107100965568,OMP 01_02
01/10/2025,Compras con Chip,45733767652,107124778808,OMP 01_02
01/11/2025,Compras con Chip,45733767652,98471347013,OMP 01_02
01/12/2025,Compras con Chip,45733767652,127571206848,OMP 01_02
01/01/2026,Compras con Chip,45733767652,108551989186,OMP 01_02
01/02/2026,Compras con Chip,45733767652,96422321606,OMP 01_02
01/03/2026,Compras con Chip,45733767652,103664047259,OMP 01_02
01/02/2024,Compras con NFC,2745864,2596391,OMP 01_02
01/03/2024,Compras con NFC,2745864,2562932,OMP 01_02
01/04/2024,Compras con NFC,2745864,3123493,OMP 01_02
01/05/2024,Compras con NFC,2745864,3018803,OMP 01_02
01/06/2024,Compras con NFC,2745864,2860916,OMP 01_02
01/07/2024,Compras con NFC,2745864,3435956,OMP 01_02
01/08/2024,Compras con NFC,2745864,3262815,OMP 01_02
01/09/2024,Compras con NFC,2745864,3072678,OMP 01_02
01/10/2024,Compras con NFC,2745864,3827099,OMP 01_02
01/11/2024,Compras con NFC,2745864,4027721,OMP 01_02
01/12/2024,Compras con NFC,2745864,4838634,OMP 01_02
01/01/2025,Compras con NFC,2745864,4809813,OMP 01_02
01/02/2025,Compras con NFC,2745864,4769846,OMP 01_02
01/03/2025,Compras con NFC,2745864,5423396,OMP 01_02
01/04/2025,Compras con NFC,2745864,5115155,OMP 01_02
01/05/2025,Compras con NFC,2745864,5207198,OMP 01_02
01/06/2025,Compras con NFC,2745864,5379737,OMP 01_02
01/07/2025,Compras con NFC,2745864,6004203,OMP 01_02
01/08/2025,Compras con NFC,2745864,5980993.5,OMP 01_02
01/09/2025,Compras con NFC,2745864,6733424,OMP 01_02
01/10/2025,Compras con NFC,2745864,6338143,OMP 01_02
01/11/2025,Compras con NFC,2745864,5831400,OMP 01_02
01/12/2025,Compras con NFC,2745864,6699853,OMP 01_02
01/01/2026,Compras con NFC,2745864,5925158,OMP 01_02
01/02/2026,Compras con NFC,2745864,5726140,OMP 01_02
01/03/2026,Compras con NFC,2745864,6533518,OMP 01_02
01/02/2024,Compras con NFC,576221641409,509024085827,OMP 01_02
01/03/2024,Compras con NFC,576221641409,487759246218,OMP 01_02
01/04/2024,Compras con NFC,576221641409,578437151922,OMP 01_02
01/05/2024,Compras con NFC,576221641409,578992140267,OMP 01_02
01/06/2024,Compras con NFC,576221641409,527505380586,OMP 01_02
01/07/2024,Compras con NFC,576221641409,621675941321,OMP 01_02
01/08/2024,Compras con NFC,576221641409,588593647345,OMP 01_02
01/09/2024,Compras con NFC,576221641409,563420107718,OMP 01_02
01/10/2024,Compras con NFC,576221641409,701406120603,OMP 01_02
01/11/2024,Compras con NFC,576221641409,703974075767,OMP 01_02
01/12/2024,Compras con NFC,576221641409,938961235134,OMP 01_02
01/01/2025,Compras con NFC,576221641409,829038483432,OMP 01_02
01/02/2025,Compras con NFC,576221641409,782056738552,OMP 01_02
01/03/2025,Compras con NFC,576221641409,859620525798,OMP 01_02
01/04/2025,Compras con NFC,576221641409,808189759140,OMP 01_02
01/05/2025,Compras con NFC,576221641409,812640269710,OMP 01_02
01/06/2025,Compras con NFC,576221641409,864456849088,OMP 01_02
01/07/2025,Compras con NFC,576221641409,935415207073,OMP 01_02
01/08/2025,Compras con NFC,576221641409,935631190370,OMP 01_02
01/09/2025,Compras con NFC,576221641409,1021687644746,OMP 01_02
01/10/2025,Compras con NFC,576221641409,975927614518,OMP 01_02
01/11/2025,Compras con NFC,576221641409,938515021371,OMP 01_02
01/12/2025,Compras con NFC,576221641409,1235812209847,OMP 01_02
01/01/2026,Compras con NFC,576221641409,999055420977,OMP 01_02
01/02/2026,Compras con NFC,576221641409,924703025069,OMP 01_02
01/03/2026,Compras con NFC,576221641409,1030629791519,OMP 01_02
01/02/2024,Compras con Tarjeta no presente,672479,708013,OMP 01_02
01/03/2024,Compras con Tarjeta no presente,672479,684620,OMP 01_02
01/04/2024,Compras con Tarjeta no presente,672479,835415,OMP 01_02
01/05/2024,Compras con Tarjeta no presente,672479,801087,OMP 01_02
01/06/2024,Compras con Tarjeta no presente,672479,776792,OMP 01_02
01/07/2024,Compras con Tarjeta no presente,672479,943315,OMP 01_02
01/08/2024,Compras con Tarjeta no presente,672479,884507,OMP 01_02
01/09/2024,Compras con Tarjeta no presente,672479,866695,OMP 01_02
01/10/2024,Compras con Tarjeta no presente,672479,1108743,OMP 01_02
01/11/2024,Compras con Tarjeta no presente,672479,1076487,OMP 01_02
01/12/2024,Compras con Tarjeta no presente,672479,1195049,OMP 01_02
01/01/2025,Compras con Tarjeta no presente,672479,1063887,OMP 01_02
01/02/2025,Compras con Tarjeta no presente,672479,939924,OMP 01_02
01/03/2025,Compras con Tarjeta no presente,672479,1140040,OMP 01_02
01/04/2025,Compras con Tarjeta no presente,672479,1224835,OMP 01_02
01/05/2025,Compras con Tarjeta no presente,672479,1240263,OMP 01_02
01/06/2025,Compras con Tarjeta no presente,672479,1285368,OMP 01_02
01/07/2025,Compras con Tarjeta no presente,672479,1434791,OMP 01_02
01/08/2025,Compras con Tarjeta no presente,672479,1482388,OMP 01_02
01/09/2025,Compras con Tarjeta no presente,672479,1754658,OMP 01_02
01/10/2025,Compras con Tarjeta no presente,672479,1785537,OMP 01_02
01/11/2025,Compras con Tarjeta no presente,672479,1818633,OMP 01_02
01/12/2025,Compras con Tarjeta no presente,672479,1999937,OMP 01_02
01/01/2026,Compras con Tarjeta no presente,672479,1776761,OMP 01_02
01/02/2026,Compras con Tarjeta no presente,672479,1750283,OMP 01_02
01/03/2026,Compras con Tarjeta no presente,672479,1971316,OMP 01_02
01/02/2024,Compras con Tarjeta no presente,79647055850,77548133397,OMP 01_02
01/03/2024,Compras con Tarjeta no presente,79647055850,73769648157,OMP 01_02
01/04/2024,Compras con Tarjeta no presente,79647055850,97787718665,OMP 01_02
01/05/2024,Compras con Tarjeta no presente,79647055850,90084908077,OMP 01_02
01/06/2024,Compras con Tarjeta no presente,79647055850,84208936722,OMP 01_02
01/07/2024,Compras con Tarjeta no presente,79647055850,100361928634,OMP 01_02
01/08/2024,Compras con Tarjeta no presente,79647055850,96131464009,OMP 01_02
01/09/2024,Compras con Tarjeta no presente,79647055850,94443139231,OMP 01_02
01/10/2024,Compras con Tarjeta no presente,79647055850,128677100522,OMP 01_02
01/11/2024,Compras con Tarjeta no presente,79647055850,129389432944,OMP 01_02
01/12/2024,Compras con Tarjeta no presente,79647055850,129219334749,OMP 01_02
01/01/2025,Compras con Tarjeta no presente,79647055850,120606531486,OMP 01_02
01/02/2025,Compras con Tarjeta no presente,79647055850,116349944606,OMP 01_02
01/03/2025,Compras con Tarjeta no presente,79647055850,137867451242,OMP 01_02
01/04/2025,Compras con Tarjeta no presente,79647055850,131952586949,OMP 01_02
01/05/2025,Compras con Tarjeta no presente,79647055850,141529787322,OMP 01_02
01/06/2025,Compras con Tarjeta no presente,79647055850,136922905722,OMP 01_02
01/07/2025,Compras con Tarjeta no presente,79647055850,195764278409,OMP 01_02
01/08/2025,Compras con Tarjeta no presente,79647055850,153485246373,OMP 01_02
01/09/2025,Compras con Tarjeta no presente,79647055850,179464151152,OMP 01_02
01/10/2025,Compras con Tarjeta no presente,79647055850,185533417306,OMP 01_02
01/11/2025,Compras con Tarjeta no presente,79647055850,185459886088,OMP 01_02
01/12/2025,Compras con Tarjeta no presente,79647055850,185686585254,OMP 01_02
01/01/2026,Compras con Tarjeta no presente,79647055850,173883801970,OMP 01_02
01/02/2026,Compras con Tarjeta no presente,79647055850,170647631972,OMP 01_02
01/03/2026,Compras con Tarjeta no presente,79647055850,196761793247,OMP 01_02
01/02/2024,Compras con QR,73601,70477,OMP 01_02
01/03/2024,Compras con QR,73601,71001,OMP 01_02
01/04/2024,Compras con QR,73601,84876,OMP 01_02
01/05/2024,Compras con QR,73601,88307,OMP 01_02
01/06/2024,Compras con QR,73601,82899,OMP 01_02
01/07/2024,Compras con QR,73601,100377,OMP 01_02
01/08/2024,Compras con QR,73601,93549,OMP 01_02
01/09/2024,Compras con QR,73601,94806,OMP 01_02
01/10/2024,Compras con QR,73601,114608,OMP 01_02
01/11/2024,Compras con QR,73601,103657,OMP 01_02
01/12/2024,Compras con QR,73601,105873,OMP 01_02
01/01/2025,Compras con QR,73601,110844,OMP 01_02
01/02/2025,Compras con QR,73601,107637,OMP 01_02
01/03/2025,Compras con QR,73601,116330,OMP 01_02
01/04/2025,Compras con QR,73601,119608,OMP 01_02
01/05/2025,Compras con QR,73601,129674,OMP 01_02
01/06/2025,Compras con QR,73601,142001,OMP 01_02
01/07/2025,Compras con QR,73601,149607,OMP 01_02
01/08/2025,Compras con QR,73601,143844,OMP 01_02
01/09/2025,Compras con QR,73601,172599,OMP 01_02
01/10/2025,Compras con QR,73601,175281,OMP 01_02
01/11/2025,Compras con QR,73601,163180,OMP 01_02
01/12/2025,Compras con QR,73601,183007,OMP 01_02
01/01/2026,Compras con QR,73601,160217,OMP 01_02
01/02/2026,Compras con QR,73601,163843,OMP 01_02
01/03/2026,Compras con QR,73601,195492,OMP 01_02
01/02/2024,Compras con QR,22900083803,22553273349,OMP 01_02
01/03/2024,Compras con QR,22900083803,24227088578,OMP 01_02
01/04/2024,Compras con QR,22900083803,26935567342,OMP 01_02
01/05/2024,Compras con QR,22900083803,27287379758,OMP 01_02
01/06/2024,Compras con QR,22900083803,26460217314,OMP 01_02
01/07/2024,Compras con QR,22900083803,29836676650,OMP 01_02
01/08/2024,Compras con QR,22900083803,28671847476,OMP 01_02
01/09/2024,Compras con QR,22900083803,30447266716,OMP 01_02
01/10/2024,Compras con QR,22900083803,38164686256,OMP 01_02
01/11/2024,Compras con QR,22900083803,36916085727,OMP 01_02
01/12/2024,Compras con QR,22900083803,46231222654,OMP 01_02
01/01/2025,Compras con QR,22900083803,39960643511,OMP 01_02
01/02/2025,Compras con QR,22900083803,38555099133,OMP 01_02
01/03/2025,Compras con QR,22900083803,43076007841,OMP 01_02
01/04/2025,Compras con QR,22900083803,43526248354,OMP 01_02
01/05/2025,Compras con QR,22900083803,49169155544,OMP 01_02
01/06/2025,Compras con QR,22900083803,53807776877,OMP 01_02
01/07/2025,Compras con QR,22900083803,62039167592,OMP 01_02
01/08/2025,Compras con QR,22900083803,61417615606,OMP 01_02
01/09/2025,Compras con QR,22900083803,75010510595,OMP 01_02
01/10/2025,Compras con QR,22900083803,70846958692,OMP 01_02
01/11/2025,Compras con QR,22900083803,70953104302,OMP 01_02
01/12/2025,Compras con QR,22900083803,84970634120,OMP 01_02
01/01/2026,Compras con QR,22900083803,63038018680,OMP 01_02
01/02/2026,Compras con QR,22900083803,69606519856,OMP 01_02
01/03/2026,Compras con QR,22900083803,84667246129,OMP 01_02
01/02/2024,Compras con Link de pago,4181,4484,OMP 01_02
01/03/2024,Compras con Link de pago,4181,4267,OMP 01_02
01/04/2024,Compras con Link de pago,4181,5363,OMP 01_02
01/05/2024,Compras con Link de pago,4181,5523,OMP 01_02
01/06/2024,Compras con Link de pago,4181,5233,OMP 01_02
01/07/2024,Compras con Link de pago,4181,6534,OMP 01_02
01/08/2024,Compras con Link de pago,4181,6386,OMP 01_02
01/09/2024,Compras con Link de pago,4181,8016,OMP 01_02
01/10/2024,Compras con Link de pago,4181,12368,OMP 01_02
01/11/2024,Compras con Link de pago,4181,13778,OMP 01_02
01/12/2024,Compras con Link de pago,4181,16155,OMP 01_02
01/01/2025,Compras con Link de pago,4181,15995,OMP 01_02
01/02/2025,Compras con Link de pago,4181,17337,OMP 01_02
01/03/2025,Compras con Link de pago,4181,19237,OMP 01_02
01/04/2025,Compras con Link de pago,4181,18661,OMP 01_02
01/05/2025,Compras con Link de pago,4181,20044,OMP 01_02
01/06/2025,Compras con Link de pago,4181,21718,OMP 01_02
01/07/2025,Compras con Link de pago,4181,29851,OMP 01_02
01/08/2025,Compras con Link de pago,4181,38420,OMP 01_02
01/09/2025,Compras con Link de pago,4181,45919,OMP 01_02
01/10/2025,Compras con Link de pago,4181,57966,OMP 01_02
01/11/2025,Compras con Link de pago,4181,63150,OMP 01_02
01/12/2025,Compras con Link de pago,4181,66030,OMP 01_02
01/01/2026,Compras con Link de pago,4181,59021,OMP 01_02
01/02/2026,Compras con Link de pago,4181,62669,OMP 01_02
01/03/2026,Compras con Link de pago,4181,60839,OMP 01_02
01/02/2024,Compras con Link de pago,5788932190,5597347868,OMP 01_02
01/03/2024,Compras con Link de pago,5788932190,5794511368,OMP 01_02
01/04/2024,Compras con Link de pago,5788932190,6539483722,OMP 01_02
01/05/2024,Compras con Link de pago,5788932190,5902033720,OMP 01_02
01/06/2024,Compras con Link de pago,5788932190,5679209775,OMP 01_02
01/07/2024,Compras con Link de pago,5788932190,6981931734,OMP 01_02
01/08/2024,Compras con Link de pago,5788932190,6745131132,OMP 01_02
01/09/2024,Compras con Link de pago,5788932190,6277941875,OMP 01_02
01/10/2024,Compras con Link de pago,5788932190,8603264381,OMP 01_02
01/11/2024,Compras con Link de pago,5788932190,9880902743,OMP 01_02
01/12/2024,Compras con Link de pago,5788932190,11084541347,OMP 01_02
01/01/2025,Compras con Link de pago,5788932190,10969813889,OMP 01_02
01/02/2025,Compras con Link de pago,5788932190,11530316816,OMP 01_02
01/03/2025,Compras con Link de pago,5788932190,13015045744,OMP 01_02
01/04/2025,Compras con Link de pago,5788932190,12129646698,OMP 01_02
01/05/2025,Compras con Link de pago,5788932190,12620264342,OMP 01_02
01/06/2025,Compras con Link de pago,5788932190,14131163766,OMP 01_02
01/07/2025,Compras con Link de pago,5788932190,18628512415,OMP 01_02
01/08/2025,Compras con Link de pago,5788932190,19884657559,OMP 01_02
01/09/2025,Compras con Link de pago,5788932190,23194246362,OMP 01_02
01/10/2025,Compras con Link de pago,5788932190,25211625045,OMP 01_02
01/11/2025,Compras con Link de pago,5788932190,29296540490,OMP 01_02
01/12/2025,Compras con Link de pago,5788932190,29622564893,OMP 01_02
01/01/2026,Compras con Link de pago,5788932190,27196052258,OMP 01_02
01/02/2026,Compras con Link de pago,5788932190,29529449056,OMP 01_02
01/03/2026,Compras con Link de pago,5788932190,29957261964,OMP 01_02
01/02/2018,Cantidad de Tarjetas de Débito Activas por Operadora,1551210,1561958,OMP 02
01/03/2018,Cantidad de Tarjetas de Débito Activas por Operadora,1551210,1576709,OMP 02
01/04/2018,Cantidad de Tarjetas de Débito Activas por Operadora,1551210,1598864,OMP 02
01/05/2018,Cantidad de Tarjetas de Débito Activas por Operadora,1551210,1615480,OMP 02
01/06/2018,Cantidad de Tarjetas de Débito Activas por Operadora,1551210,1628889,OMP 02
01/07/2018,Cantidad de Tarjetas de Débito Activas por Operadora,1551210,1646316,OMP 02
01/08/2018,Cantidad de Tarjetas de Débito Activas por Operadora,1551210,1665474,OMP 02
01/09/2018,Cantidad de Tarjetas de Débito Activas por Operadora,1551210,1678256,OMP 02
01/10/2018,Cantidad de Tarjetas de Débito Activas por Operadora,1551210,1694948,OMP 02
01/11/2018,Cantidad de Tarjetas de Débito Activas por Operadora,1551210,1711231,OMP 02
01/12/2018,Cantidad de Tarjetas de Débito Activas por Operadora,1551210,1724217,OMP 02
01/01/2019,Cantidad de Tarjetas de Débito Activas por Operadora,1551210,1737006,OMP 02
01/02/2019,Cantidad de Tarjetas de Débito Activas por Operadora,1551210,1756371,OMP 02
01/03/2019,Cantidad de Tarjetas de Débito Activas por Operadora,1551210,1771913,OMP 02
01/04/2019,Cantidad de Tarjetas de Débito Activas por Operadora,1551210,1785434,OMP 02
01/05/2019,Cantidad de Tarjetas de Débito Activas por Operadora,1551210,1800785,OMP 02
01/06/2019,Cantidad de Tarjetas de Débito Activas por Operadora,1551210,1818232,OMP 02
01/07/2019,Cantidad de Tarjetas de Débito Activas por Operadora,1551210,1835360,OMP 02
01/08/2019,Cantidad de Tarjetas de Débito Activas por Operadora,1551210,1851539,OMP 02
01/09/2019,Cantidad de Tarjetas de Débito Activas por Operadora,1551210,1864374,OMP 02
01/10/2019,Cantidad de Tarjetas de Débito Activas por Operadora,1551210,1879132,OMP 02
01/11/2019,Cantidad de Tarjetas de Débito Activas por Operadora,1551210,1891494,OMP 02
01/12/2019,Cantidad de Tarjetas de Débito Activas por Operadora,1551210,1895260,OMP 02
01/01/2020,Cantidad de Tarjetas de Débito Activas por Operadora,1551210,1900253,OMP 02
01/02/2020,Cantidad de Tarjetas de Débito Activas por Operadora,1551210,1911383,OMP 02
01/03/2020,Cantidad de Tarjetas de Débito Activas por Operadora,1551210,1914561,OMP 02
01/04/2020,Cantidad de Tarjetas de Débito Activas por Operadora,1551210,1922277,OMP 02
01/05/2020,Cantidad de Tarjetas de Débito Activas por Operadora,1551210,1924053,OMP 02
01/06/2020,Cantidad de Tarjetas de Débito Activas por Operadora,1551210,1929193,OMP 02
01/07/2020,Cantidad de Tarjetas de Débito Activas por Operadora,1551210,1938230,OMP 02
01/08/2020,Cantidad de Tarjetas de Débito Activas por Operadora,1551210,1946105,OMP 02
01/09/2020,Cantidad de Tarjetas de Débito Activas por Operadora,1551210,1952074,OMP 02
01/10/2020,Cantidad de Tarjetas de Débito Activas por Operadora,1551210,1961012,OMP 02
01/11/2020,Cantidad de Tarjetas de Débito Activas por Operadora,1551210,1967980,OMP 02
01/12/2020,Cantidad de Tarjetas de Débito Activas por Operadora,1551210,1982418,OMP 02
01/01/2021,Cantidad de Tarjetas de Débito Activas por Operadora,1551210,1986011,OMP 02
01/02/2021,Cantidad de Tarjetas de Débito Activas por Operadora,1551210,1994787,OMP 02
01/03/2021,Cantidad de Tarjetas de Débito Activas por Operadora,1551210,2006294,OMP 02
01/04/2021,Cantidad de Tarjetas de Débito Activas por Operadora,1551210,1995165,OMP 02
01/05/2021,Cantidad de Tarjetas de Débito Activas por Operadora,1551210,2003651,OMP 02
01/06/2021,Cantidad de Tarjetas de Débito Activas por Operadora,1551210,2044910,OMP 02
01/07/2021,Cantidad de Tarjetas de Débito Activas por Operadora,1551210,2037093,OMP 02
01/08/2021,Cantidad de Tarjetas de Débito Activas por Operadora,1551210,2047199,OMP 02
01/09/2021,Cantidad de Tarjetas de Débito Activas por Operadora,1551210,2051872,OMP 02
01/10/2021,Cantidad de Tarjetas de Débito Activas por Operadora,1551210,2032958,OMP 02
01/11/2021,Cantidad de Tarjetas de Débito Activas por Operadora,1551210,2026133,OMP 02
01/12/2021,Cantidad de Tarjetas de Débito Activas por Operadora,1551210,2045762,OMP 02
01/01/2022,Cantidad de Tarjetas de Débito Activas por Operadora,1551210,2047461,OMP 02
01/02/2022,Cantidad de Tarjetas de Débito Activas por Operadora,1551210,2057682,OMP 02
01/03/2022,Cantidad de Tarjetas de Débito Activas por Operadora,1551210,2069088,OMP 02
01/04/2022,Cantidad de Tarjetas de Débito Activas por Operadora,1551210,2074225,OMP 02
01/05/2022,Cantidad de Tarjetas de Débito Activas por Operadora,1551210,2049739,OMP 02
01/06/2022,Cantidad de Tarjetas de Débito Activas por Operadora,1551210,2080445,OMP 02
01/07/2022,Cantidad de Tarjetas de Débito Activas por Operadora,1551210,2100138,OMP 02
01/08/2022,Cantidad de Tarjetas de Débito Activas por Operadora,1551210,2111548,OMP 02
01/09/2022,Cantidad de Tarjetas de Débito Activas por Operadora,1551210,2171505,OMP 02
01/10/2022,Cantidad de Tarjetas de Débito Activas por Operadora,1551210,2203709,OMP 02
01/11/2022,Cantidad de Tarjetas de Débito Activas por Operadora,1551210,2234766,OMP 02
01/12/2022,Cantidad de Tarjetas de Débito Activas por Operadora,1551210,2259323,OMP 02
01/01/2023,Cantidad de Tarjetas de Débito Activas por Operadora,1551210,2275382,OMP 02
01/02/2023,Cantidad de Tarjetas de Débito Activas por Operadora,1551210,2257631,OMP 02
01/03/2023,Cantidad de Tarjetas de Débito Activas por Operadora,1551210,2297000,OMP 02
01/04/2023,Cantidad de Tarjetas de Débito Activas por Operadora,1551210,2321474,OMP 02
01/05/2023,Cantidad de Tarjetas de Débito Activas por Operadora,1551210,2359524,OMP 02
01/06/2023,Cantidad de Tarjetas de Débito Activas por Operadora,1551210,2400948,OMP 02
01/07/2023,Cantidad de Tarjetas de Débito Activas por Operadora,1551210,2434999,OMP 02
01/08/2023,Cantidad de Tarjetas de Débito Activas por Operadora,1551210,2481450,OMP 02
01/09/2023,Cantidad de Tarjetas de Débito Activas por Operadora,1551210,2521438,OMP 02
01/10/2023,Cantidad de Tarjetas de Débito Activas por Operadora,1551210,2561808,OMP 02
01/11/2023,Cantidad de Tarjetas de Débito Activas por Operadora,1551210,2580278,OMP 02
01/12/2023,Cantidad de Tarjetas de Débito Activas por Operadora,1551210,2610449,OMP 02
01/01/2024,Cantidad de Tarjetas de Débito Activas por Operadora,1551210,2639571,OMP 02
01/02/2024,Cantidad de Tarjetas de Débito Activas por Operadora,1551210,2681034,OMP 02
01/03/2024,Cantidad de Tarjetas de Débito Activas por Operadora,1551210,2723645,OMP 02
01/04/2024,Cantidad de Tarjetas de Débito Activas por Operadora,1551210,2776084,OMP 02
01/05/2024,Cantidad de Tarjetas de Débito Activas por Operadora,1551210,2810381,OMP 02
01/06/2024,Cantidad de Tarjetas de Débito Activas por Operadora,1551210,2576570,OMP 02
01/07/2024,Cantidad de Tarjetas de Débito Activas por Operadora,1551210,2847673,OMP 02
01/08/2024,Cantidad de Tarjetas de Débito Activas por Operadora,1551210,2890330,OMP 02
01/09/2024,Cantidad de Tarjetas de Débito Activas por Operadora,1551210,2935224,OMP 02
01/10/2024,Cantidad de Tarjetas de Débito Activas por Operadora,1551210,2981422,OMP 02
01/11/2024,Cantidad de Tarjetas de Débito Activas por Operadora,1551210,3022448,OMP 02
01/12/2024,Cantidad de Tarjetas de Débito Activas por Operadora,1551210,3050077,OMP 02
01/01/2025,Cantidad de Tarjetas de Débito Activas por Operadora,1551210,3095110,OMP 02
01/02/2025,Cantidad de Tarjetas de Débito Activas por Operadora,1551210,3139860,OMP 02
01/03/2025,Cantidad de Tarjetas de Débito Activas por Operadora,1551210,3152597,OMP 02
01/04/2025,Cantidad de Tarjetas de Débito Activas por Operadora,1551210,3198515,OMP 02
01/05/2025,Cantidad de Tarjetas de Débito Activas por Operadora,1551210,3242890,OMP 02
01/06/2025,Cantidad de Tarjetas de Débito Activas por Operadora,1551210,3223307,OMP 02
01/07/2025,Cantidad de Tarjetas de Débito Activas por Operadora,1551210,3191027,OMP 02
01/08/2025,Cantidad de Tarjetas de Débito Activas por Operadora,1551210,3227819,OMP 02
01/09/2025,Cantidad de Tarjetas de Débito Activas por Operadora,1551210,3258623,OMP 02
01/10/2025,Cantidad de Tarjetas de Débito Activas por Operadora,1551210,3248031,OMP 02
01/11/2025,Cantidad de Tarjetas de Débito Activas por Operadora,1551210,3294047,OMP 02
01/12/2025,Cantidad de Tarjetas de Débito Activas por Operadora,1551210,3342171,OMP 02
01/01/2026,Cantidad de Tarjetas de Débito Activas por Operadora,1551210,3402140,OMP 02
01/02/2026,Cantidad de Tarjetas de Débito Activas por Operadora,1551210,3453286,OMP 02
01/03/2026,Cantidad de Tarjetas de Débito Activas por Operadora,1551210,3829263,OMP 02
01/02/2018,Cantidad de Tarjetas de Débito Activas por Operadora,309188,368872,OMP 02
01/03/2018,Cantidad de Tarjetas de Débito Activas por Operadora,309188,425264,OMP 02
01/04/2018,Cantidad de Tarjetas de Débito Activas por Operadora,309188,340482,OMP 02
01/05/2018,Cantidad de Tarjetas de Débito Activas por Operadora,309188,383339,OMP 02
01/06/2018,Cantidad de Tarjetas de Débito Activas por Operadora,309188,397103,OMP 02
01/07/2018,Cantidad de Tarjetas de Débito Activas por Operadora,309188,383499,OMP 02
01/08/2018,Cantidad de Tarjetas de Débito Activas por Operadora,309188,376367,OMP 02
01/09/2018,Cantidad de Tarjetas de Débito Activas por Operadora,309188,399762,OMP 02
01/10/2018,Cantidad de Tarjetas de Débito Activas por Operadora,309188,375874,OMP 02
01/11/2018,Cantidad de Tarjetas de Débito Activas por Operadora,309188,377350,OMP 02
01/12/2018,Cantidad de Tarjetas de Débito Activas por Operadora,309188,438717,OMP 02
01/01/2019,Cantidad de Tarjetas de Débito Activas por Operadora,309188,256902,OMP 02
01/02/2019,Cantidad de Tarjetas de Débito Activas por Operadora,309188,409000,OMP 02
01/03/2019,Cantidad de Tarjetas de Débito Activas por Operadora,309188,359685,OMP 02
01/04/2019,Cantidad de Tarjetas de Débito Activas por Operadora,309188,335669,OMP 02
01/05/2019,Cantidad de Tarjetas de Débito Activas por Operadora,309188,404951,OMP 02
01/06/2019,Cantidad de Tarjetas de Débito Activas por Operadora,309188,414373,OMP 02
01/07/2019,Cantidad de Tarjetas de Débito Activas por Operadora,309188,331080,OMP 02
01/08/2019,Cantidad de Tarjetas de Débito Activas por Operadora,309188,431173,OMP 02
01/09/2019,Cantidad de Tarjetas de Débito Activas por Operadora,309188,322190,OMP 02
01/10/2019,Cantidad de Tarjetas de Débito Activas por Operadora,309188,426176,OMP 02
01/11/2019,Cantidad de Tarjetas de Débito Activas por Operadora,309188,367639,OMP 02
01/12/2019,Cantidad de Tarjetas de Débito Activas por Operadora,309188,463365,OMP 02
01/01/2020,Cantidad de Tarjetas de Débito Activas por Operadora,309188,355508,OMP 02
01/02/2020,Cantidad de Tarjetas de Débito Activas por Operadora,309188,398347,OMP 02
01/03/2020,Cantidad de Tarjetas de Débito Activas por Operadora,309188,434948,OMP 02
01/04/2020,Cantidad de Tarjetas de Débito Activas por Operadora,309188,457647,OMP 02
01/05/2020,Cantidad de Tarjetas de Débito Activas por Operadora,309188,436003,OMP 02
01/06/2020,Cantidad de Tarjetas de Débito Activas por Operadora,309188,312102,OMP 02
01/07/2020,Cantidad de Tarjetas de Débito Activas por Operadora,309188,429393,OMP 02
01/08/2020,Cantidad de Tarjetas de Débito Activas por Operadora,309188,472309,OMP 02
01/09/2020,Cantidad de Tarjetas de Débito Activas por Operadora,309188,349803,OMP 02
01/10/2020,Cantidad de Tarjetas de Débito Activas por Operadora,309188,455020,OMP 02
01/11/2020,Cantidad de Tarjetas de Débito Activas por Operadora,309188,390105,OMP 02
01/12/2020,Cantidad de Tarjetas de Débito Activas por Operadora,309188,488723,OMP 02
01/01/2021,Cantidad de Tarjetas de Débito Activas por Operadora,309188,472028.14285714284,OMP 02
01/02/2021,Cantidad de Tarjetas de Débito Activas por Operadora,309188,472684,OMP 02
01/03/2021,Cantidad de Tarjetas de Débito Activas por Operadora,309188,472859,OMP 02
01/04/2021,Cantidad de Tarjetas de Débito Activas por Operadora,309188,473638,OMP 02
01/05/2021,Cantidad de Tarjetas de Débito Activas por Operadora,309188,474105,OMP 02
01/06/2021,Cantidad de Tarjetas de Débito Activas por Operadora,309188,475501,OMP 02
01/07/2021,Cantidad de Tarjetas de Débito Activas por Operadora,309188,476115,OMP 02
01/08/2021,Cantidad de Tarjetas de Débito Activas por Operadora,309188,478414,OMP 02
01/09/2021,Cantidad de Tarjetas de Débito Activas por Operadora,309188,483694,OMP 02
01/10/2021,Cantidad de Tarjetas de Débito Activas por Operadora,309188,486820,OMP 02
01/11/2021,Cantidad de Tarjetas de Débito Activas por Operadora,309188,488434,OMP 02
01/12/2021,Cantidad de Tarjetas de Débito Activas por Operadora,309188,540571.606,OMP 02
01/01/2022,Cantidad de Tarjetas de Débito Activas por Operadora,309188,560256,OMP 02
01/02/2022,Cantidad de Tarjetas de Débito Activas por Operadora,309188,587138,OMP 02
01/03/2022,Cantidad de Tarjetas de Débito Activas por Operadora,309188,589122,OMP 02
01/04/2022,Cantidad de Tarjetas de Débito Activas por Operadora,309188,561968,OMP 02
01/05/2022,Cantidad de Tarjetas de Débito Activas por Operadora,309188,561396,OMP 02
01/06/2022,Cantidad de Tarjetas de Débito Activas por Operadora,309188,561261,OMP 02
01/07/2022,Cantidad de Tarjetas de Débito Activas por Operadora,309188,562211,OMP 02
01/08/2022,Cantidad de Tarjetas de Débito Activas por Operadora,309188,563550,OMP 02
01/09/2022,Cantidad de Tarjetas de Débito Activas por Operadora,309188,572958,OMP 02
01/10/2022,Cantidad de Tarjetas de Débito Activas por Operadora,309188,594463,OMP 02
01/11/2022,Cantidad de Tarjetas de Débito Activas por Operadora,309188,600496,OMP 02
01/12/2022,Cantidad de Tarjetas de Débito Activas por Operadora,309188,605000,OMP 02
01/01/2023,Cantidad de Tarjetas de Débito Activas por Operadora,309188,608791,OMP 02
01/02/2023,Cantidad de Tarjetas de Débito Activas por Operadora,309188,627008,OMP 02
01/03/2023,Cantidad de Tarjetas de Débito Activas por Operadora,309188,627580,OMP 02
01/04/2023,Cantidad de Tarjetas de Débito Activas por Operadora,309188,633007,OMP 02
01/05/2023,Cantidad de Tarjetas de Débito Activas por Operadora,309188,662845,OMP 02
01/06/2023,Cantidad de Tarjetas de Débito Activas por Operadora,309188,667917,OMP 02
01/07/2023,Cantidad de Tarjetas de Débito Activas por Operadora,309188,672756,OMP 02
01/08/2023,Cantidad de Tarjetas de Débito Activas por Operadora,309188,671218,OMP 02
01/09/2023,Cantidad de Tarjetas de Débito Activas por Operadora,309188,678656,OMP 02
01/10/2023,Cantidad de Tarjetas de Débito Activas por Operadora,309188,728424,OMP 02
01/11/2023,Cantidad de Tarjetas de Débito Activas por Operadora,309188,731266,OMP 02
01/12/2023,Cantidad de Tarjetas de Débito Activas por Operadora,309188,770534,OMP 02
01/01/2024,Cantidad de Tarjetas de Débito Activas por Operadora,309188,774915,OMP 02
01/02/2024,Cantidad de Tarjetas de Débito Activas por Operadora,309188,779414,OMP 02
01/03/2024,Cantidad de Tarjetas de Débito Activas por Operadora,309188,785637,OMP 02
01/04/2024,Cantidad de Tarjetas de Débito Activas por Operadora,309188,789110,OMP 02
01/05/2024,Cantidad de Tarjetas de Débito Activas por Operadora,309188,796445,OMP 02
01/06/2024,Cantidad de Tarjetas de Débito Activas por Operadora,309188,808108,OMP 02
01/07/2024,Cantidad de Tarjetas de Débito Activas por Operadora,309188,817484,OMP 02
01/08/2024,Cantidad de Tarjetas de Débito Activas por Operadora,309188,799310,OMP 02
01/09/2024,Cantidad de Tarjetas de Débito Activas por Operadora,309188,806414,OMP 02
01/10/2024,Cantidad de Tarjetas de Débito Activas por Operadora,309188,816618,OMP 02
01/11/2024,Cantidad de Tarjetas de Débito Activas por Operadora,309188,818393,OMP 02
01/12/2024,Cantidad de Tarjetas de Débito Activas por Operadora,309188,824353,OMP 02
01/01/2025,Cantidad de Tarjetas de Débito Activas por Operadora,309188,828470,OMP 02
01/02/2025,Cantidad de Tarjetas de Débito Activas por Operadora,309188,834029,OMP 02
01/03/2025,Cantidad de Tarjetas de Débito Activas por Operadora,309188,856779,OMP 02
01/04/2025,Cantidad de Tarjetas de Débito Activas por Operadora,309188,863615,OMP 02
01/05/2025,Cantidad de Tarjetas de Débito Activas por Operadora,309188,870046,OMP 02
01/06/2025,Cantidad de Tarjetas de Débito Activas por Operadora,309188,875937,OMP 02
01/07/2025,Cantidad de Tarjetas de Débito Activas por Operadora,309188,883408,OMP 02
01/08/2025,Cantidad de Tarjetas de Débito Activas por Operadora,309188,879189,OMP 02
01/09/2025,Cantidad de Tarjetas de Débito Activas por Operadora,309188,883929,OMP 02
01/10/2025,Cantidad de Tarjetas de Débito Activas por Operadora,309188,892942,OMP 02
01/11/2025,Cantidad de Tarjetas de Débito Activas por Operadora,309188,897922,OMP 02
01/12/2025,Cantidad de Tarjetas de Débito Activas por Operadora,309188,909394,OMP 02
01/01/2026,Cantidad de Tarjetas de Débito Activas por Operadora,309188,912010,OMP 02
01/02/2026,Cantidad de Tarjetas de Débito Activas por Operadora,309188,915657,OMP 02
01/03/2026,Cantidad de Tarjetas de Débito Activas por Operadora,309188,922955,OMP 02
01/02/2018,Cantidad de Tarjetas de Débito Activas por Operadora,21408,21915,OMP 02
01/03/2018,Cantidad de Tarjetas de Débito Activas por Operadora,21408,22435,OMP 02
01/04/2018,Cantidad de Tarjetas de Débito Activas por Operadora,21408,22968,OMP 02
01/05/2018,Cantidad de Tarjetas de Débito Activas por Operadora,21408,23477,OMP 02
01/06/2018,Cantidad de Tarjetas de Débito Activas por Operadora,21408,24231,OMP 02
01/07/2018,Cantidad de Tarjetas de Débito Activas por Operadora,21408,25144,OMP 02
01/08/2018,Cantidad de Tarjetas de Débito Activas por Operadora,21408,25775,OMP 02
01/09/2018,Cantidad de Tarjetas de Débito Activas por Operadora,21408,26330,OMP 02
01/10/2018,Cantidad de Tarjetas de Débito Activas por Operadora,21408,26509,OMP 02
01/11/2018,Cantidad de Tarjetas de Débito Activas por Operadora,21408,26986,OMP 02
01/12/2018,Cantidad de Tarjetas de Débito Activas por Operadora,21408,27418,OMP 02
01/01/2019,Cantidad de Tarjetas de Débito Activas por Operadora,21408,28110,OMP 02
01/02/2019,Cantidad de Tarjetas de Débito Activas por Operadora,21408,28506,OMP 02
01/03/2019,Cantidad de Tarjetas de Débito Activas por Operadora,21408,28818,OMP 02
01/04/2019,Cantidad de Tarjetas de Débito Activas por Operadora,21408,29292,OMP 02
01/05/2019,Cantidad de Tarjetas de Débito Activas por Operadora,21408,29509,OMP 02
01/06/2019,Cantidad de Tarjetas de Débito Activas por Operadora,21408,29914,OMP 02
01/07/2019,Cantidad de Tarjetas de Débito Activas por Operadora,21408,30593,OMP 02
01/08/2019,Cantidad de Tarjetas de Débito Activas por Operadora,21408,31117,OMP 02
01/09/2019,Cantidad de Tarjetas de Débito Activas por Operadora,21408,31754,OMP 02
01/10/2019,Cantidad de Tarjetas de Débito Activas por Operadora,21408,32355,OMP 02
01/11/2019,Cantidad de Tarjetas de Débito Activas por Operadora,21408,32769,OMP 02
01/12/2019,Cantidad de Tarjetas de Débito Activas por Operadora,21408,33361,OMP 02
01/01/2020,Cantidad de Tarjetas de Débito Activas por Operadora,21408,34096,OMP 02
01/02/2020,Cantidad de Tarjetas de Débito Activas por Operadora,21408,34679,OMP 02
01/03/2020,Cantidad de Tarjetas de Débito Activas por Operadora,21408,35187,OMP 02
01/04/2020,Cantidad de Tarjetas de Débito Activas por Operadora,21408,35615,OMP 02
01/05/2020,Cantidad de Tarjetas de Débito Activas por Operadora,21408,36413,OMP 02
01/06/2020,Cantidad de Tarjetas de Débito Activas por Operadora,21408,37069,OMP 02
01/07/2020,Cantidad de Tarjetas de Débito Activas por Operadora,21408,38392,OMP 02
01/08/2020,Cantidad de Tarjetas de Débito Activas por Operadora,21408,39368,OMP 02
01/09/2020,Cantidad de Tarjetas de Débito Activas por Operadora,21408,39934,OMP 02
01/10/2020,Cantidad de Tarjetas de Débito Activas por Operadora,21408,40969,OMP 02
01/11/2020,Cantidad de Tarjetas de Débito Activas por Operadora,21408,41370,OMP 02
01/12/2020,Cantidad de Tarjetas de Débito Activas por Operadora,21408,42124,OMP 02
01/01/2021,Cantidad de Tarjetas de Débito Activas por Operadora,21408,41904,OMP 02
01/02/2021,Cantidad de Tarjetas de Débito Activas por Operadora,21408,42203,OMP 02
01/03/2021,Cantidad de Tarjetas de Débito Activas por Operadora,21408,42628,OMP 02
01/04/2021,Cantidad de Tarjetas de Débito Activas por Operadora,21408,42894,OMP 02
01/05/2021,Cantidad de Tarjetas de Débito Activas por Operadora,21408,43362,OMP 02
01/06/2021,Cantidad de Tarjetas de Débito Activas por Operadora,21408,43721,OMP 02
01/07/2021,Cantidad de Tarjetas de Débito Activas por Operadora,21408,44042,OMP 02
01/08/2021,Cantidad de Tarjetas de Débito Activas por Operadora,21408,44381,OMP 02
01/09/2021,Cantidad de Tarjetas de Débito Activas por Operadora,21408,44765,OMP 02
01/10/2021,Cantidad de Tarjetas de Débito Activas por Operadora,21408,44603,OMP 02
01/11/2021,Cantidad de Tarjetas de Débito Activas por Operadora,21408,44392,OMP 02
01/12/2021,Cantidad de Tarjetas de Débito Activas por Operadora,21408,44709,OMP 02
01/01/2022,Cantidad de Tarjetas de Débito Activas por Operadora,21408,45109,OMP 02
01/02/2022,Cantidad de Tarjetas de Débito Activas por Operadora,21408,45261,OMP 02
01/03/2022,Cantidad de Tarjetas de Débito Activas por Operadora,21408,45497,OMP 02
01/04/2022,Cantidad de Tarjetas de Débito Activas por Operadora,21408,45764,OMP 02
01/05/2022,Cantidad de Tarjetas de Débito Activas por Operadora,21408,46128,OMP 02
01/06/2022,Cantidad de Tarjetas de Débito Activas por Operadora,21408,46661,OMP 02
01/07/2022,Cantidad de Tarjetas de Débito Activas por Operadora,21408,47460,OMP 02
01/08/2022,Cantidad de Tarjetas de Débito Activas por Operadora,21408,47959,OMP 02
01/09/2022,Cantidad de Tarjetas de Débito Activas por Operadora,21408,48670,OMP 02
01/10/2022,Cantidad de Tarjetas de Débito Activas por Operadora,21408,49509,OMP 02
01/11/2022,Cantidad de Tarjetas de Débito Activas por Operadora,21408,49816,OMP 02
01/12/2022,Cantidad de Tarjetas de Débito Activas por Operadora,21408,50518,OMP 02
01/01/2023,Cantidad de Tarjetas de Débito Activas por Operadora,21408,51215,OMP 02
01/02/2023,Cantidad de Tarjetas de Débito Activas por Operadora,21408,51471,OMP 02
01/03/2023,Cantidad de Tarjetas de Débito Activas por Operadora,21408,52031,OMP 02
01/04/2023,Cantidad de Tarjetas de Débito Activas por Operadora,21408,52497,OMP 02
01/05/2023,Cantidad de Tarjetas de Débito Activas por Operadora,21408,53035,OMP 02
01/06/2023,Cantidad de Tarjetas de Débito Activas por Operadora,21408,53697,OMP 02
01/07/2023,Cantidad de Tarjetas de Débito Activas por Operadora,21408,54248,OMP 02
01/08/2023,Cantidad de Tarjetas de Débito Activas por Operadora,21408,54811,OMP 02
01/09/2023,Cantidad de Tarjetas de Débito Activas por Operadora,21408,55639,OMP 02
01/10/2023,Cantidad de Tarjetas de Débito Activas por Operadora,21408,56287,OMP 02
01/11/2023,Cantidad de Tarjetas de Débito Activas por Operadora,21408,56759,OMP 02
01/12/2023,Cantidad de Tarjetas de Débito Activas por Operadora,21408,57332,OMP 02
01/01/2024,Cantidad de Tarjetas de Débito Activas por Operadora,21408,57820,OMP 02
01/02/2024,Cantidad de Tarjetas de Débito Activas por Operadora,21408,58295,OMP 02
01/03/2024,Cantidad de Tarjetas de Débito Activas por Operadora,21408,58808,OMP 02
01/04/2024,Cantidad de Tarjetas de Débito Activas por Operadora,21408,59359,OMP 02
01/05/2024,Cantidad de Tarjetas de Débito Activas por Operadora,21408,59865,OMP 02
01/06/2024,Cantidad de Tarjetas de Débito Activas por Operadora,21408,60623,OMP 02
01/07/2024,Cantidad de Tarjetas de Débito Activas por Operadora,21408,61199,OMP 02
01/08/2024,Cantidad de Tarjetas de Débito Activas por Operadora,21408,61700,OMP 02
01/09/2024,Cantidad de Tarjetas de Débito Activas por Operadora,21408,62253,OMP 02
01/10/2024,Cantidad de Tarjetas de Débito Activas por Operadora,21408,53680,OMP 02
01/11/2024,Cantidad de Tarjetas de Débito Activas por Operadora,21408,53645,OMP 02
01/12/2024,Cantidad de Tarjetas de Débito Activas por Operadora,21408,54049,OMP 02
01/01/2025,Cantidad de Tarjetas de Débito Activas por Operadora,21408,54298,OMP 02
01/02/2025,Cantidad de Tarjetas de Débito Activas por Operadora,21408,54626,OMP 02
01/03/2025,Cantidad de Tarjetas de Débito Activas por Operadora,21408,54840,OMP 02
01/04/2025,Cantidad de Tarjetas de Débito Activas por Operadora,21408,55125,OMP 02
01/05/2025,Cantidad de Tarjetas de Débito Activas por Operadora,21408,54685,OMP 02
01/06/2025,Cantidad de Tarjetas de Débito Activas por Operadora,21408,55173,OMP 02
01/07/2025,Cantidad de Tarjetas de Débito Activas por Operadora,21408,55661,OMP 02
01/08/2025,Cantidad de Tarjetas de Débito Activas por Operadora,21408,55524,OMP 02
01/09/2025,Cantidad de Tarjetas de Débito Activas por Operadora,21408,55866,OMP 02
01/10/2025,Cantidad de Tarjetas de Débito Activas por Operadora,21408,55595,OMP 02
01/11/2025,Cantidad de Tarjetas de Débito Activas por Operadora,21408,38397,OMP 02
01/12/2025,Cantidad de Tarjetas de Débito Activas por Operadora,21408,38150,OMP 02
01/01/2026,Cantidad de Tarjetas de Débito Activas por Operadora,21408,58722,OMP 02
01/02/2026,Cantidad de Tarjetas de Débito Activas por Operadora,21408,37564,OMP 02
01/03/2026,Cantidad de Tarjetas de Débito Activas por Operadora,21408,37404,OMP 02
01/02/2018,Cantidad de Tarjetas de Débito Activas por Operadora,21408,,OMP 02
01/03/2018,Cantidad de Tarjetas de Débito Activas por Operadora,21408,,OMP 02
01/04/2018,Cantidad de Tarjetas de Débito Activas por Operadora,21408,,OMP 02
01/05/2018,Cantidad de Tarjetas de Débito Activas por Operadora,21408,,OMP 02
01/06/2018,Cantidad de Tarjetas de Débito Activas por Operadora,21408,,OMP 02
01/07/2018,Cantidad de Tarjetas de Débito Activas por Operadora,21408,,OMP 02
01/08/2018,Cantidad de Tarjetas de Débito Activas por Operadora,21408,,OMP 02
01/09/2018,Cantidad de Tarjetas de Débito Activas por Operadora,21408,,OMP 02
01/10/2018,Cantidad de Tarjetas de Débito Activas por Operadora,21408,,OMP 02
01/11/2018,Cantidad de Tarjetas de Débito Activas por Operadora,21408,,OMP 02
01/12/2018,Cantidad de Tarjetas de Débito Activas por Operadora,21408,,OMP 02
01/01/2019,Cantidad de Tarjetas de Débito Activas por Operadora,21408,,OMP 02
01/02/2019,Cantidad de Tarjetas de Débito Activas por Operadora,21408,,OMP 02
01/03/2019,Cantidad de Tarjetas de Débito Activas por Operadora,21408,,OMP 02
01/04/2019,Cantidad de Tarjetas de Débito Activas por Operadora,21408,,OMP 02
01/05/2019,Cantidad de Tarjetas de Débito Activas por Operadora,21408,,OMP 02
01/06/2019,Cantidad de Tarjetas de Débito Activas por Operadora,21408,,OMP 02
01/07/2019,Cantidad de Tarjetas de Débito Activas por Operadora,21408,,OMP 02
01/08/2019,Cantidad de Tarjetas de Débito Activas por Operadora,21408,,OMP 02
01/09/2019,Cantidad de Tarjetas de Débito Activas por Operadora,21408,,OMP 02
01/10/2019,Cantidad de Tarjetas de Débito Activas por Operadora,21408,,OMP 02
01/11/2019,Cantidad de Tarjetas de Débito Activas por Operadora,21408,,OMP 02
01/12/2019,Cantidad de Tarjetas de Débito Activas por Operadora,21408,,OMP 02
01/01/2020,Cantidad de Tarjetas de Débito Activas por Operadora,21408,,OMP 02
01/02/2020,Cantidad de Tarjetas de Débito Activas por Operadora,21408,,OMP 02
01/03/2020,Cantidad de Tarjetas de Débito Activas por Operadora,21408,,OMP 02
01/04/2020,Cantidad de Tarjetas de Débito Activas por Operadora,21408,,OMP 02
01/05/2020,Cantidad de Tarjetas de Débito Activas por Operadora,21408,,OMP 02
01/06/2020,Cantidad de Tarjetas de Débito Activas por Operadora,21408,,OMP 02
01/07/2020,Cantidad de Tarjetas de Débito Activas por Operadora,21408,,OMP 02
01/08/2020,Cantidad de Tarjetas de Débito Activas por Operadora,21408,,OMP 02
01/09/2020,Cantidad de Tarjetas de Débito Activas por Operadora,21408,,OMP 02
01/10/2020,Cantidad de Tarjetas de Débito Activas por Operadora,21408,,OMP 02
01/11/2020,Cantidad de Tarjetas de Débito Activas por Operadora,21408,,OMP 02
01/12/2020,Cantidad de Tarjetas de Débito Activas por Operadora,21408,,OMP 02
01/01/2021,Cantidad de Tarjetas de Débito Activas por Operadora,21408,,OMP 02
01/02/2021,Cantidad de Tarjetas de Débito Activas por Operadora,21408,,OMP 02
01/03/2021,Cantidad de Tarjetas de Débito Activas por Operadora,21408,,OMP 02
01/04/2021,Cantidad de Tarjetas de Débito Activas por Operadora,21408,,OMP 02
01/05/2021,Cantidad de Tarjetas de Débito Activas por Operadora,21408,,OMP 02
01/06/2021,Cantidad de Tarjetas de Débito Activas por Operadora,21408,,OMP 02
01/07/2021,Cantidad de Tarjetas de Débito Activas por Operadora,21408,,OMP 02
01/08/2021,Cantidad de Tarjetas de Débito Activas por Operadora,21408,,OMP 02
01/09/2021,Cantidad de Tarjetas de Débito Activas por Operadora,21408,,OMP 02
01/10/2021,Cantidad de Tarjetas de Débito Activas por Operadora,21408,,OMP 02
01/11/2021,Cantidad de Tarjetas de Débito Activas por Operadora,21408,,OMP 02
01/12/2021,Cantidad de Tarjetas de Débito Activas por Operadora,21408,,OMP 02
01/01/2022,Cantidad de Tarjetas de Débito Activas por Operadora,21408,,OMP 02
01/02/2022,Cantidad de Tarjetas de Débito Activas por Operadora,21408,,OMP 02
01/03/2022,Cantidad de Tarjetas de Débito Activas por Operadora,21408,,OMP 02
01/04/2022,Cantidad de Tarjetas de Débito Activas por Operadora,21408,,OMP 02
01/05/2022,Cantidad de Tarjetas de Débito Activas por Operadora,21408,,OMP 02
01/06/2022,Cantidad de Tarjetas de Débito Activas por Operadora,21408,,OMP 02
01/07/2022,Cantidad de Tarjetas de Débito Activas por Operadora,21408,,OMP 02
01/08/2022,Cantidad de Tarjetas de Débito Activas por Operadora,21408,,OMP 02
01/09/2022,Cantidad de Tarjetas de Débito Activas por Operadora,21408,,OMP 02
01/10/2022,Cantidad de Tarjetas de Débito Activas por Operadora,21408,,OMP 02
01/11/2022,Cantidad de Tarjetas de Débito Activas por Operadora,21408,,OMP 02
01/12/2022,Cantidad de Tarjetas de Débito Activas por Operadora,21408,,OMP 02
01/01/2023,Cantidad de Tarjetas de Débito Activas por Operadora,21408,,OMP 02
01/02/2023,Cantidad de Tarjetas de Débito Activas por Operadora,21408,,OMP 02
01/03/2023,Cantidad de Tarjetas de Débito Activas por Operadora,21408,,OMP 02
01/04/2023,Cantidad de Tarjetas de Débito Activas por Operadora,21408,,OMP 02
01/05/2023,Cantidad de Tarjetas de Débito Activas por Operadora,21408,,OMP 02
01/06/2023,Cantidad de Tarjetas de Débito Activas por Operadora,21408,,OMP 02
01/07/2023,Cantidad de Tarjetas de Débito Activas por Operadora,21408,,OMP 02
01/08/2023,Cantidad de Tarjetas de Débito Activas por Operadora,21408,,OMP 02
01/09/2023,Cantidad de Tarjetas de Débito Activas por Operadora,21408,,OMP 02
01/10/2023,Cantidad de Tarjetas de Débito Activas por Operadora,21408,,OMP 02
01/11/2023,Cantidad de Tarjetas de Débito Activas por Operadora,21408,,OMP 02
01/12/2023,Cantidad de Tarjetas de Débito Activas por Operadora,21408,,OMP 02
01/01/2024,Cantidad de Tarjetas de Débito Activas por Operadora,21408,,OMP 02
01/02/2024,Cantidad de Tarjetas de Débito Activas por Operadora,21408,,OMP 02
01/03/2024,Cantidad de Tarjetas de Débito Activas por Operadora,21408,,OMP 02
01/04/2024,Cantidad de Tarjetas de Débito Activas por Operadora,21408,,OMP 02
01/05/2024,Cantidad de Tarjetas de Débito Activas por Operadora,21408,,OMP 02
01/06/2024,Cantidad de Tarjetas de Débito Activas por Operadora,21408,,OMP 02
01/07/2024,Cantidad de Tarjetas de Débito Activas por Operadora,21408,1033133,OMP 02
01/08/2024,Cantidad de Tarjetas de Débito Activas por Operadora,21408,793054,OMP 02
01/09/2024,Cantidad de Tarjetas de Débito Activas por Operadora,21408,841176,OMP 02
01/10/2024,Cantidad de Tarjetas de Débito Activas por Operadora,21408,888449,OMP 02
01/11/2024,Cantidad de Tarjetas de Débito Activas por Operadora,21408,942261,OMP 02
01/12/2024,Cantidad de Tarjetas de Débito Activas por Operadora,21408,1003782,OMP 02
01/01/2025,Cantidad de Tarjetas de Débito Activas por Operadora,21408,1303110,OMP 02
01/02/2025,Cantidad de Tarjetas de Débito Activas por Operadora,21408,1355062,OMP 02
01/03/2025,Cantidad de Tarjetas de Débito Activas por Operadora,21408,1411806,OMP 02
01/04/2025,Cantidad de Tarjetas de Débito Activas por Operadora,21408,1461836,OMP 02
01/05/2025,Cantidad de Tarjetas de Débito Activas por Operadora,21408,1509879,OMP 02
01/06/2025,Cantidad de Tarjetas de Débito Activas por Operadora,21408,1561295,OMP 02
01/07/2025,Cantidad de Tarjetas de Débito Activas por Operadora,21408,1631681,OMP 02
01/08/2025,Cantidad de Tarjetas de Débito Activas por Operadora,21408,1699346,OMP 02
01/09/2025,Cantidad de Tarjetas de Débito Activas por Operadora,21408,1765380,OMP 02
01/10/2025,Cantidad de Tarjetas de Débito Activas por Operadora,21408,1835890,OMP 02
01/11/2025,Cantidad de Tarjetas de Débito Activas por Operadora,21408,1702078,OMP 02
01/12/2025,Cantidad de Tarjetas de Débito Activas por Operadora,21408,1939117,OMP 02
01/01/2026,Cantidad de Tarjetas de Débito Activas por Operadora,21408,1990572,OMP 02
01/02/2026,Cantidad de Tarjetas de Débito Activas por Operadora,21408,2040998,OMP 02
01/03/2026,Cantidad de Tarjetas de Débito Activas por Operadora,21408,2097522,OMP 02
01/02/2018,Compras en POS con Tarjeta de Débito,2368276,2267735,OMP 02
01/03/2018,Compras en POS con Tarjeta de Débito,2368276,2500555,OMP 02
01/04/2018,Compras en POS con Tarjeta de Débito,2368276,2360271,OMP 02
01/05/2018,Compras en POS con Tarjeta de Débito,2368276,2473788,OMP 02
01/06/2018,Compras en POS con Tarjeta de Débito,2368276,2468817,OMP 02
01/07/2018,Compras en POS con Tarjeta de Débito,2368276,2597686,OMP 02
01/08/2018,Compras en POS con Tarjeta de Débito,2368276,2664118,OMP 02
01/09/2018,Compras en POS con Tarjeta de Débito,2368276,2687664,OMP 02
01/10/2018,Compras en POS con Tarjeta de Débito,2368276,2718721,OMP 02
01/11/2018,Compras en POS con Tarjeta de Débito,2368276,2842716,OMP 02
01/12/2018,Compras en POS con Tarjeta de Débito,2368276,3901810,OMP 02
01/01/2019,Compras en POS con Tarjeta de Débito,2368276,3101672,OMP 02
01/02/2019,Compras en POS con Tarjeta de Débito,2368276,2852489,OMP 02
01/03/2019,Compras en POS con Tarjeta de Débito,2368276,3211769,OMP 02
01/04/2019,Compras en POS con Tarjeta de Débito,2368276,2896276,OMP 02
01/05/2019,Compras en POS con Tarjeta de Débito,2368276,3172791,OMP 02
01/06/2019,Compras en POS con Tarjeta de Débito,2368276,3189481,OMP 02
01/07/2019,Compras en POS con Tarjeta de Débito,2368276,3234203,OMP 02
01/08/2019,Compras en POS con Tarjeta de Débito,2368276,3455177,OMP 02
01/09/2019,Compras en POS con Tarjeta de Débito,2368276,3297013,OMP 02
01/10/2019,Compras en POS con Tarjeta de Débito,2368276,3545050,OMP 02
01/11/2019,Compras en POS con Tarjeta de Débito,2368276,3610951,OMP 02
01/12/2019,Compras en POS con Tarjeta de Débito,2368276,4765779,OMP 02
01/01/2020,Compras en POS con Tarjeta de Débito,2368276,3911479,OMP 02
01/02/2020,Compras en POS con Tarjeta de Débito,2368276,3764918,OMP 02
01/03/2020,Compras en POS con Tarjeta de Débito,2368276,3039200,OMP 02
01/04/2020,Compras en POS con Tarjeta de Débito,2368276,2206013,OMP 02
01/05/2020,Compras en POS con Tarjeta de Débito,2368276,2920392,OMP 02
01/06/2020,Compras en POS con Tarjeta de Débito,2368276,3000546,OMP 02
01/07/2020,Compras en POS con Tarjeta de Débito,2368276,3362507,OMP 02
01/08/2020,Compras en POS con Tarjeta de Débito,2368276,3384055,OMP 02
01/09/2020,Compras en POS con Tarjeta de Débito,2368276,3267291,OMP 02
01/10/2020,Compras en POS con Tarjeta de Débito,2368276,3822387,OMP 02
01/11/2020,Compras en POS con Tarjeta de Débito,2368276,3800807,OMP 02
01/12/2020,Compras en POS con Tarjeta de Débito,2368276,5234695,OMP 02
01/01/2021,Compras en POS con Tarjeta de Débito,2368276,4497815.6,OMP 02
01/02/2021,Compras en POS con Tarjeta de Débito,2368276,4172798.6,OMP 02
01/03/2021,Compras en POS con Tarjeta de Débito,2368276,4363345.2,OMP 02
01/04/2021,Compras en POS con Tarjeta de Débito,2368276,4100592.6,OMP 02
01/05/2021,Compras en POS con Tarjeta de Débito,2368276,4538226.6,OMP 02
01/06/2021,Compras en POS con Tarjeta de Débito,2368276,4450036.2,OMP 02
01/07/2021,Compras en POS con Tarjeta de Débito,2368276,5079490,OMP 02
01/08/2021,Compras en POS con Tarjeta de Débito,2368276,5166663.2,OMP 02
01/09/2021,Compras en POS con Tarjeta de Débito,2368276,5159544.6,OMP 02
01/10/2021,Compras en POS con Tarjeta de Débito,2368276,5645034.6,OMP 02
01/11/2021,Compras en POS con Tarjeta de Débito,2368276,5522847.8,OMP 02
01/12/2021,Compras en POS con Tarjeta de Débito,2368276,7639358,OMP 02
01/01/2022,Compras en POS con Tarjeta de Débito,2368276,6226456,OMP 02
01/02/2022,Compras en POS con Tarjeta de Débito,2368276,6036090,OMP 02
01/03/2022,Compras en POS con Tarjeta de Débito,2368276,5965057,OMP 02
01/04/2022,Compras en POS con Tarjeta de Débito,2368276,5990110,OMP 02
01/05/2022,Compras en POS con Tarjeta de Débito,2368276,6253018,OMP 02
01/06/2022,Compras en POS con Tarjeta de Débito,2368276,6108369,OMP 02
01/07/2022,Compras en POS con Tarjeta de Débito,2368276,6977407,OMP 02
01/08/2022,Compras en POS con Tarjeta de Débito,2368276,6807513,OMP 02
01/09/2022,Compras en POS con Tarjeta de Débito,2368276,6887178,OMP 02
01/10/2022,Compras en POS con Tarjeta de Débito,2368276,7450906,OMP 02
01/11/2022,Compras en POS con Tarjeta de Débito,2368276,7283382,OMP 02
01/12/2022,Compras en POS con Tarjeta de Débito,2368276,9925610,OMP 02
01/01/2023,Compras en POS con Tarjeta de Débito,2368276,7971860,OMP 02
01/02/2023,Compras en POS con Tarjeta de Débito,2368276,7451362,OMP 02
01/03/2023,Compras en POS con Tarjeta de Débito,2368276,8246762,OMP 02
01/04/2023,Compras en POS con Tarjeta de Débito,2368276,8006680,OMP 02
01/05/2023,Compras en POS con Tarjeta de Débito,2368276,8018373,OMP 02
01/06/2023,Compras en POS con Tarjeta de Débito,2368276,8026222,OMP 02
01/07/2023,Compras en POS con Tarjeta de Débito,2368276,8632622,OMP 02
01/08/2023,Compras en POS con Tarjeta de Débito,2368276,8654888,OMP 02
01/09/2023,Compras en POS con Tarjeta de Débito,2368276,8935118,OMP 02
01/10/2023,Compras en POS con Tarjeta de Débito,2368276,8900347,OMP 02
01/11/2023,Compras en POS con Tarjeta de Débito,2368276,9054174,OMP 02
01/12/2023,Compras en POS con Tarjeta de Débito,2368276,11839515,OMP 02
01/01/2024,Compras en POS con Tarjeta de Débito,2368276,9670907,OMP 02
01/02/2024,Compras en POS con Tarjeta de Débito,2368276,9202342,OMP 02
01/03/2024,Compras en POS con Tarjeta de Débito,2368276,10105727,OMP 02
01/04/2024,Compras en POS con Tarjeta de Débito,2368276,9164512,OMP 02
01/05/2024,Compras en POS con Tarjeta de Débito,2368276,9418817,OMP 02
01/06/2024,Compras en POS con Tarjeta de Débito,2368276,9488467,OMP 02
01/07/2024,Compras en POS con Tarjeta de Débito,2368276,9033096,OMP 02
01/08/2024,Compras en POS con Tarjeta de Débito,2368276,9605677,OMP 02
01/09/2024,Compras en POS con Tarjeta de Débito,2368276,9493950,OMP 02
01/10/2024,Compras en POS con Tarjeta de Débito,2368276,9731604,OMP 02
01/11/2024,Compras en POS con Tarjeta de Débito,2368276,10233491,OMP 02
01/12/2024,Compras en POS con Tarjeta de Débito,2368276,12556427,OMP 02
01/01/2025,Compras en POS con Tarjeta de Débito,2368276,10514408,OMP 02
01/02/2025,Compras en POS con Tarjeta de Débito,2368276,9755745,OMP 02
01/03/2025,Compras en POS con Tarjeta de Débito,2368276,10939742,OMP 02
01/04/2025,Compras en POS con Tarjeta de Débito,2368276,10130384,OMP 02
01/05/2025,Compras en POS con Tarjeta de Débito,2368276,10852972,OMP 02
01/06/2025,Compras en POS con Tarjeta de Débito,2368276,10386361,OMP 02
01/07/2025,Compras en POS con Tarjeta de Débito,2368276,11260256,OMP 02
01/08/2025,Compras en POS con Tarjeta de Débito,2368276,11786417,OMP 02
01/09/2025,Compras en POS con Tarjeta de Débito,2368276,11516944,OMP 02
01/10/2025,Compras en POS con Tarjeta de Débito,2368276,12236803,OMP 02
01/11/2025,Compras en POS con Tarjeta de Débito,2368276,12536841,OMP 02
01/12/2025,Compras en POS con Tarjeta de Débito,2368276,14656688,OMP 02
01/01/2026,Compras en POS con Tarjeta de Débito,2368276,12716644,OMP 02
01/02/2026,Compras en POS con Tarjeta de Débito,2368276,11694809,OMP 02
01/03/2026,Compras en POS con Tarjeta de Débito,2368276,12754207,OMP 02
01/02/2018,Compras en POS con Tarjeta de Débito,362945495242,342734460916,OMP 02
01/03/2018,Compras en POS con Tarjeta de Débito,362945495242,376090918540,OMP 02
01/04/2018,Compras en POS con Tarjeta de Débito,362945495242,348528979584,OMP 02
01/05/2018,Compras en POS con Tarjeta de Débito,362945495242,367000714120,OMP 02
01/06/2018,Compras en POS con Tarjeta de Débito,362945495242,367579550254,OMP 02
01/07/2018,Compras en POS con Tarjeta de Débito,362945495242,374313562645,OMP 02
01/08/2018,Compras en POS con Tarjeta de Débito,362945495242,382313085563,OMP 02
01/09/2018,Compras en POS con Tarjeta de Débito,362945495242,382160848118,OMP 02
01/10/2018,Compras en POS con Tarjeta de Débito,362945495242,388383335993,OMP 02
01/11/2018,Compras en POS con Tarjeta de Débito,362945495242,418537098557,OMP 02
01/12/2018,Compras en POS con Tarjeta de Débito,362945495242,639993570996,OMP 02
01/01/2019,Compras en POS con Tarjeta de Débito,362945495242,455486674438,OMP 02
01/02/2019,Compras en POS con Tarjeta de Débito,362945495242,413155369095,OMP 02
01/03/2019,Compras en POS con Tarjeta de Débito,362945495242,460213956830,OMP 02
01/04/2019,Compras en POS con Tarjeta de Débito,362945495242,410658905699,OMP 02
01/05/2019,Compras en POS con Tarjeta de Débito,362945495242,449605588375,OMP 02
01/06/2019,Compras en POS con Tarjeta de Débito,362945495242,446188496916,OMP 02
01/07/2019,Compras en POS con Tarjeta de Débito,362945495242,448298950194,OMP 02
01/08/2019,Compras en POS con Tarjeta de Débito,362945495242,472118487497,OMP 02
01/09/2019,Compras en POS con Tarjeta de Débito,362945495242,446688928769,OMP 02
01/10/2019,Compras en POS con Tarjeta de Débito,362945495242,478494138327,OMP 02
01/11/2019,Compras en POS con Tarjeta de Débito,362945495242,507617579851,OMP 02
01/12/2019,Compras en POS con Tarjeta de Débito,362945495242,740197172695,OMP 02
01/01/2020,Compras en POS con Tarjeta de Débito,362945495242,542769137894,OMP 02
01/02/2020,Compras en POS con Tarjeta de Débito,362945495242,526190774216,OMP 02
01/03/2020,Compras en POS con Tarjeta de Débito,362945495242,439448721155,OMP 02
01/04/2020,Compras en POS con Tarjeta de Débito,362945495242,347622354551,OMP 02
01/05/2020,Compras en POS con Tarjeta de Débito,362945495242,459960594269,OMP 02
01/06/2020,Compras en POS con Tarjeta de Débito,362945495242,477203338719,OMP 02
01/07/2020,Compras en POS con Tarjeta de Débito,362945495242,521141923016,OMP 02
01/08/2020,Compras en POS con Tarjeta de Débito,362945495242,526205367262,OMP 02
01/09/2020,Compras en POS con Tarjeta de Débito,362945495242,502550974268,OMP 02
01/10/2020,Compras en POS con Tarjeta de Débito,362945495242,588548170511,OMP 02
01/11/2020,Compras en POS con Tarjeta de Débito,362945495242,585801792833,OMP 02
01/12/2020,Compras en POS con Tarjeta de Débito,362945495242,892874587583,OMP 02
01/01/2021,Compras en POS con Tarjeta de Débito,362945495242,691570054806,OMP 02
01/02/2021,Compras en POS con Tarjeta de Débito,362945495242,634453488963.6,OMP 02
01/03/2021,Compras en POS con Tarjeta de Débito,362945495242,662841395183.2,OMP 02
01/04/2021,Compras en POS con Tarjeta de Débito,362945495242,608334514092.2,OMP 02
01/05/2021,Compras en POS con Tarjeta de Débito,362945495242,681256415631.6,OMP 02
01/06/2021,Compras en POS con Tarjeta de Débito,362945495242,654598734486.8,OMP 02
01/07/2021,Compras en POS con Tarjeta de Débito,362945495242,726582010352.4,OMP 02
01/08/2021,Compras en POS con Tarjeta de Débito,362945495242,726153654850.6,OMP 02
01/09/2021,Compras en POS con Tarjeta de Débito,362945495242,721686852736.4,OMP 02
01/10/2021,Compras en POS con Tarjeta de Débito,362945495242,785165225924.4,OMP 02
01/11/2021,Compras en POS con Tarjeta de Débito,362945495242,781097400405.8,OMP 02
01/12/2021,Compras en POS con Tarjeta de Débito,362945495242,1184452249634,OMP 02
01/01/2022,Compras en POS con Tarjeta de Débito,362945495242,867639384548,OMP 02
01/02/2022,Compras en POS con Tarjeta de Débito,362945495242,809427483795,OMP 02
01/03/2022,Compras en POS con Tarjeta de Débito,362945495242,813454382112,OMP 02
01/04/2022,Compras en POS con Tarjeta de Débito,362945495242,822131345231,OMP 02
01/05/2022,Compras en POS con Tarjeta de Débito,362945495242,845062694655,OMP 02
01/06/2022,Compras en POS con Tarjeta de Débito,362945495242,815120503631,OMP 02
01/07/2022,Compras en POS con Tarjeta de Débito,362945495242,900703048313,OMP 02
01/08/2022,Compras en POS con Tarjeta de Débito,362945495242,870944048766,OMP 02
01/09/2022,Compras en POS con Tarjeta de Débito,362945495242,867617050012,OMP 02
01/10/2022,Compras en POS con Tarjeta de Débito,362945495242,925496429542,OMP 02
01/11/2022,Compras en POS con Tarjeta de Débito,362945495242,931771144305,OMP 02
01/12/2022,Compras en POS con Tarjeta de Débito,362945495242,1429010096220,OMP 02
01/01/2023,Compras en POS con Tarjeta de Débito,362945495242,1025383018649,OMP 02
01/02/2023,Compras en POS con Tarjeta de Débito,362945495242,940510635456,OMP 02
01/03/2023,Compras en POS con Tarjeta de Débito,362945495242,1003620384989,OMP 02
01/04/2023,Compras en POS con Tarjeta de Débito,362945495242,974859696092,OMP 02
01/05/2023,Compras en POS con Tarjeta de Débito,362945495242,969480639138,OMP 02
01/06/2023,Compras en POS con Tarjeta de Débito,362945495242,958211601547,OMP 02
01/07/2023,Compras en POS con Tarjeta de Débito,362945495242,1018882558335,OMP 02
01/08/2023,Compras en POS con Tarjeta de Débito,362945495242,990935816735,OMP 02
01/09/2023,Compras en POS con Tarjeta de Débito,362945495242,1028169348231,OMP 02
01/10/2023,Compras en POS con Tarjeta de Débito,362945495242,1005421922739,OMP 02
01/11/2023,Compras en POS con Tarjeta de Débito,362945495242,1049472058913,OMP 02
01/12/2023,Compras en POS con Tarjeta de Débito,362945495242,1587940228632,OMP 02
01/01/2024,Compras en POS con Tarjeta de Débito,362945495242,1159159322678,OMP 02
01/02/2024,Compras en POS con Tarjeta de Débito,362945495242,1079751931034,OMP 02
01/03/2024,Compras en POS con Tarjeta de Débito,362945495242,1160949611022,OMP 02
01/04/2024,Compras en POS con Tarjeta de Débito,362945495242,1036110333825,OMP 02
01/05/2024,Compras en POS con Tarjeta de Débito,362945495242,1080005801968,OMP 02
01/06/2024,Compras en POS con Tarjeta de Débito,362945495242,1064307824800,OMP 02
01/07/2024,Compras en POS con Tarjeta de Débito,362945495242,1002779194737,OMP 02
01/08/2024,Compras en POS con Tarjeta de Débito,362945495242,1041810848542,OMP 02
01/09/2024,Compras en POS con Tarjeta de Débito,362945495242,1011400916892,OMP 02
01/10/2024,Compras en POS con Tarjeta de Débito,362945495242,1023824007959,OMP 02
01/11/2024,Compras en POS con Tarjeta de Débito,362945495242,1107826745449,OMP 02
01/12/2024,Compras en POS con Tarjeta de Débito,362945495242,1573456773206,OMP 02
01/01/2025,Compras en POS con Tarjeta de Débito,362945495242,1164103299478,OMP 02
01/02/2025,Compras en POS con Tarjeta de Débito,362945495242,1053586835628,OMP 02
01/03/2025,Compras en POS con Tarjeta de Débito,362945495242,1158569551315,OMP 02
01/04/2025,Compras en POS con Tarjeta de Débito,362945495242,1069027122607,OMP 02
01/05/2025,Compras en POS con Tarjeta de Débito,362945495242,1123920118298,OMP 02
01/06/2025,Compras en POS con Tarjeta de Débito,362945495242,1079606689927,OMP 02
01/07/2025,Compras en POS con Tarjeta de Débito,362945495242,1144161261293,OMP 02
01/08/2025,Compras en POS con Tarjeta de Débito,362945495242,1174987595346,OMP 02
01/09/2025,Compras en POS con Tarjeta de Débito,362945495242,1120889323262,OMP 02
01/10/2025,Compras en POS con Tarjeta de Débito,362945495242,1166085960218,OMP 02
01/11/2025,Compras en POS con Tarjeta de Débito,362945495242,1238624045902,OMP 02
01/12/2025,Compras en POS con Tarjeta de Débito,362945495242,1676152682492,OMP 02
01/01/2026,Compras en POS con Tarjeta de Débito,362945495242,1286613325283,OMP 02
01/02/2026,Compras en POS con Tarjeta de Débito,362945495242,1147923872726,OMP 02
01/03/2026,Compras en POS con Tarjeta de Débito,362945495242,1224667749378,OMP 02
01/02/2018,Compras en Internet con Tarjeta de Débito,1062,1260,OMP 02
01/03/2018,Compras en Internet con Tarjeta de Débito,1062,1800,OMP 02
01/04/2018,Compras en Internet con Tarjeta de Débito,1062,2024,OMP 02
01/05/2018,Compras en Internet con Tarjeta de Débito,1062,1860,OMP 02
01/06/2018,Compras en Internet con Tarjeta de Débito,1062,1778,OMP 02
01/07/2018,Compras en Internet con Tarjeta de Débito,1062,1848,OMP 02
01/08/2018,Compras en Internet con Tarjeta de Débito,1062,1952,OMP 02
01/09/2018,Compras en Internet con Tarjeta de Débito,1062,1660,OMP 02
01/10/2018,Compras en Internet con Tarjeta de Débito,1062,1710,OMP 02
01/11/2018,Compras en Internet con Tarjeta de Débito,1062,2000,OMP 02
01/12/2018,Compras en Internet con Tarjeta de Débito,1062,2197,OMP 02
01/01/2019,Compras en Internet con Tarjeta de Débito,1062,2359,OMP 02
01/02/2019,Compras en Internet con Tarjeta de Débito,1062,2511,OMP 02
01/03/2019,Compras en Internet con Tarjeta de Débito,1062,2947,OMP 02
01/04/2019,Compras en Internet con Tarjeta de Débito,1062,2635,OMP 02
01/05/2019,Compras en Internet con Tarjeta de Débito,1062,2629,OMP 02
01/06/2019,Compras en Internet con Tarjeta de Débito,1062,2705,OMP 02
01/07/2019,Compras en Internet con Tarjeta de Débito,1062,3229,OMP 02
01/08/2019,Compras en Internet con Tarjeta de Débito,1062,3679,OMP 02
01/09/2019,Compras en Internet con Tarjeta de Débito,1062,3285,OMP 02
01/10/2019,Compras en Internet con Tarjeta de Débito,1062,3704,OMP 02
01/11/2019,Compras en Internet con Tarjeta de Débito,1062,3639,OMP 02
01/12/2019,Compras en Internet con Tarjeta de Débito,1062,4859,OMP 02
01/01/2020,Compras en Internet con Tarjeta de Débito,1062,4179,OMP 02
01/02/2020,Compras en Internet con Tarjeta de Débito,1062,4809,OMP 02
01/03/2020,Compras en Internet con Tarjeta de Débito,1062,4265,OMP 02
01/04/2020,Compras en Internet con Tarjeta de Débito,1062,6140,OMP 02
01/05/2020,Compras en Internet con Tarjeta de Débito,1062,6676,OMP 02
01/06/2020,Compras en Internet con Tarjeta de Débito,1062,6328,OMP 02
01/07/2020,Compras en Internet con Tarjeta de Débito,1062,6848,OMP 02
01/08/2020,Compras en Internet con Tarjeta de Débito,1062,7307,OMP 02
01/09/2020,Compras en Internet con Tarjeta de Débito,1062,8365,OMP 02
01/10/2020,Compras en Internet con Tarjeta de Débito,1062,12036,OMP 02
01/11/2020,Compras en Internet con Tarjeta de Débito,1062,15120,OMP 02
01/12/2020,Compras en Internet con Tarjeta de Débito,1062,18702,OMP 02
01/01/2021,Compras en Internet con Tarjeta de Débito,1062,18934,OMP 02
01/02/2021,Compras en Internet con Tarjeta de Débito,1062,18408,OMP 02
01/03/2021,Compras en Internet con Tarjeta de Débito,1062,24653,OMP 02
01/04/2021,Compras en Internet con Tarjeta de Débito,1062,26238,OMP 02
01/05/2021,Compras en Internet con Tarjeta de Débito,1062,29724,OMP 02
01/06/2021,Compras en Internet con Tarjeta de Débito,1062,32244,OMP 02
01/07/2021,Compras en Internet con Tarjeta de Débito,1062,37604,OMP 02
01/08/2021,Compras en Internet con Tarjeta de Débito,1062,53565,OMP 02
01/09/2021,Compras en Internet con Tarjeta de Débito,1062,54320,OMP 02
01/10/2021,Compras en Internet con Tarjeta de Débito,1062,63415,OMP 02
01/11/2021,Compras en Internet con Tarjeta de Débito,1062,66540,OMP 02
01/12/2021,Compras en Internet con Tarjeta de Débito,1062,84007,OMP 02
01/01/2022,Compras en Internet con Tarjeta de Débito,1062,76969,OMP 02
01/02/2022,Compras en Internet con Tarjeta de Débito,1062,79879,OMP 02
01/03/2022,Compras en Internet con Tarjeta de Débito,1062,91172,OMP 02
01/04/2022,Compras en Internet con Tarjeta de Débito,1062,95184,OMP 02
01/05/2022,Compras en Internet con Tarjeta de Débito,1062,98528,OMP 02
01/06/2022,Compras en Internet con Tarjeta de Débito,1062,104116,OMP 02
01/07/2022,Compras en Internet con Tarjeta de Débito,1062,130222,OMP 02
01/08/2022,Compras en Internet con Tarjeta de Débito,1062,137566,OMP 02
01/09/2022,Compras en Internet con Tarjeta de Débito,1062,152964,OMP 02
01/10/2022,Compras en Internet con Tarjeta de Débito,1062,162997,OMP 02
01/11/2022,Compras en Internet con Tarjeta de Débito,1062,147919,OMP 02
01/12/2022,Compras en Internet con Tarjeta de Débito,1062,176321,OMP 02
01/01/2023,Compras en Internet con Tarjeta de Débito,1062,160729,OMP 02
01/02/2023,Compras en Internet con Tarjeta de Débito,1062,148739,OMP 02
01/03/2023,Compras en Internet con Tarjeta de Débito,1062,169296,OMP 02
01/04/2023,Compras en Internet con Tarjeta de Débito,1062,185178,OMP 02
01/05/2023,Compras en Internet con Tarjeta de Débito,1062,186449,OMP 02
01/06/2023,Compras en Internet con Tarjeta de Débito,1062,199505,OMP 02
01/07/2023,Compras en Internet con Tarjeta de Débito,1062,209254,OMP 02
01/08/2023,Compras en Internet con Tarjeta de Débito,1062,210087,OMP 02
01/09/2023,Compras en Internet con Tarjeta de Débito,1062,276202,OMP 02
01/10/2023,Compras en Internet con Tarjeta de Débito,1062,332054,OMP 02
01/11/2023,Compras en Internet con Tarjeta de Débito,1062,384890,OMP 02
01/12/2023,Compras en Internet con Tarjeta de Débito,1062,480550,OMP 02
01/01/2024,Compras en Internet con Tarjeta de Débito,1062,431334,OMP 02
01/02/2024,Compras en Internet con Tarjeta de Débito,1062,480874,OMP 02
01/03/2024,Compras en Internet con Tarjeta de Débito,1062,502576,OMP 02
01/04/2024,Compras en Internet con Tarjeta de Débito,1062,525816,OMP 02
01/05/2024,Compras en Internet con Tarjeta de Débito,1062,555648,OMP 02
01/06/2024,Compras en Internet con Tarjeta de Débito,1062,581954,OMP 02
01/07/2024,Compras en Internet con Tarjeta de Débito,1062,573735,OMP 02
01/08/2024,Compras en Internet con Tarjeta de Débito,1062,627038,OMP 02
01/09/2024,Compras en Internet con Tarjeta de Débito,1062,636763,OMP 02
01/10/2024,Compras en Internet con Tarjeta de Débito,1062,679531,OMP 02
01/11/2024,Compras en Internet con Tarjeta de Débito,1062,717471,OMP 02
01/12/2024,Compras en Internet con Tarjeta de Débito,1062,796522,OMP 02
01/01/2025,Compras en Internet con Tarjeta de Débito,1062,770457,OMP 02
01/02/2025,Compras en Internet con Tarjeta de Débito,1062,844920,OMP 02
01/03/2025,Compras en Internet con Tarjeta de Débito,1062,889807,OMP 02
01/04/2025,Compras en Internet con Tarjeta de Débito,1062,782661,OMP 02
01/05/2025,Compras en Internet con Tarjeta de Débito,1062,877847,OMP 02
01/06/2025,Compras en Internet con Tarjeta de Débito,1062,838129,OMP 02
01/07/2025,Compras en Internet con Tarjeta de Débito,1062,921252,OMP 02
01/08/2025,Compras en Internet con Tarjeta de Débito,1062,1001940,OMP 02
01/09/2025,Compras en Internet con Tarjeta de Débito,1062,920552,OMP 02
01/10/2025,Compras en Internet con Tarjeta de Débito,1062,976866,OMP 02
01/11/2025,Compras en Internet con Tarjeta de Débito,1062,907964,OMP 02
01/12/2025,Compras en Internet con Tarjeta de Débito,1062,951167,OMP 02
01/01/2026,Compras en Internet con Tarjeta de Débito,1062,883712,OMP 02
01/02/2026,Compras en Internet con Tarjeta de Débito,1062,867582,OMP 02
01/03/2026,Compras en Internet con Tarjeta de Débito,1062,955570,OMP 02
01/02/2018,Compras en Internet con Tarjeta de Débito,194991046,265790734,OMP 02
01/03/2018,Compras en Internet con Tarjeta de Débito,194991046,361781268,OMP 02
01/04/2018,Compras en Internet con Tarjeta de Débito,194991046,352670048,OMP 02
01/05/2018,Compras en Internet con Tarjeta de Débito,194991046,287788278,OMP 02
01/06/2018,Compras en Internet con Tarjeta de Débito,194991046,339321444,OMP 02
01/07/2018,Compras en Internet con Tarjeta de Débito,194991046,358011914,OMP 02
01/08/2018,Compras en Internet con Tarjeta de Débito,194991046,330442253,OMP 02
01/09/2018,Compras en Internet con Tarjeta de Débito,194991046,261050153,OMP 02
01/10/2018,Compras en Internet con Tarjeta de Débito,194991046,399316465,OMP 02
01/11/2018,Compras en Internet con Tarjeta de Débito,194991046,366130284,OMP 02
01/12/2018,Compras en Internet con Tarjeta de Débito,194991046,343303562,OMP 02
01/01/2019,Compras en Internet con Tarjeta de Débito,194991046,380823340,OMP 02
01/02/2019,Compras en Internet con Tarjeta de Débito,194991046,319608925,OMP 02
01/03/2019,Compras en Internet con Tarjeta de Débito,194991046,392963102,OMP 02
01/04/2019,Compras en Internet con Tarjeta de Débito,194991046,399325157,OMP 02
01/05/2019,Compras en Internet con Tarjeta de Débito,194991046,388449983,OMP 02
01/06/2019,Compras en Internet con Tarjeta de Débito,194991046,402290319,OMP 02
01/07/2019,Compras en Internet con Tarjeta de Débito,194991046,481001230,OMP 02
01/08/2019,Compras en Internet con Tarjeta de Débito,194991046,455337616,OMP 02
01/09/2019,Compras en Internet con Tarjeta de Débito,194991046,460848375,OMP 02
01/10/2019,Compras en Internet con Tarjeta de Débito,194991046,466935090,OMP 02
01/11/2019,Compras en Internet con Tarjeta de Débito,194991046,460542649,OMP 02
01/12/2019,Compras en Internet con Tarjeta de Débito,194991046,585115347,OMP 02
01/01/2020,Compras en Internet con Tarjeta de Débito,194991046,549118850,OMP 02
01/02/2020,Compras en Internet con Tarjeta de Débito,194991046,602437034,OMP 02
01/03/2020,Compras en Internet con Tarjeta de Débito,194991046,750352914,OMP 02
01/04/2020,Compras en Internet con Tarjeta de Débito,194991046,1323058469,OMP 02
01/05/2020,Compras en Internet con Tarjeta de Débito,194991046,1233693803,OMP 02
01/06/2020,Compras en Internet con Tarjeta de Débito,194991046,1101017098,OMP 02
01/07/2020,Compras en Internet con Tarjeta de Débito,194991046,1057329608,OMP 02
01/08/2020,Compras en Internet con Tarjeta de Débito,194991046,1287749460,OMP 02
01/09/2020,Compras en Internet con Tarjeta de Débito,194991046,1418396526,OMP 02
01/10/2020,Compras en Internet con Tarjeta de Débito,194991046,1608170226,OMP 02
01/11/2020,Compras en Internet con Tarjeta de Débito,194991046,1747733729,OMP 02
01/12/2020,Compras en Internet con Tarjeta de Débito,194991046,2105566331,OMP 02
01/01/2021,Compras en Internet con Tarjeta de Débito,194991046,1917000704,OMP 02
01/02/2021,Compras en Internet con Tarjeta de Débito,194991046,1863614592,OMP 02
01/03/2021,Compras en Internet con Tarjeta de Débito,194991046,2578945948,OMP 02
01/04/2021,Compras en Internet con Tarjeta de Débito,194991046,2478002753,OMP 02
01/05/2021,Compras en Internet con Tarjeta de Débito,194991046,2643037080,OMP 02
01/06/2021,Compras en Internet con Tarjeta de Débito,194991046,3069644463,OMP 02
01/07/2021,Compras en Internet con Tarjeta de Débito,194991046,3431480742,OMP 02
01/08/2021,Compras en Internet con Tarjeta de Débito,194991046,4205431665,OMP 02
01/09/2021,Compras en Internet con Tarjeta de Débito,194991046,4213799263,OMP 02
01/10/2021,Compras en Internet con Tarjeta de Débito,194991046,4979676026,OMP 02
01/11/2021,Compras en Internet con Tarjeta de Débito,194991046,5081569340,OMP 02
01/12/2021,Compras en Internet con Tarjeta de Débito,194991046,6366475052,OMP 02
01/01/2022,Compras en Internet con Tarjeta de Débito,194991046,5176326082,OMP 02
01/02/2022,Compras en Internet con Tarjeta de Débito,194991046,5320898216,OMP 02
01/03/2022,Compras en Internet con Tarjeta de Débito,194991046,6303932170,OMP 02
01/04/2022,Compras en Internet con Tarjeta de Débito,194991046,6739452843,OMP 02
01/05/2022,Compras en Internet con Tarjeta de Débito,194991046,7097108606,OMP 02
01/06/2022,Compras en Internet con Tarjeta de Débito,194991046,7847076131,OMP 02
01/07/2022,Compras en Internet con Tarjeta de Débito,194991046,9052112717,OMP 02
01/08/2022,Compras en Internet con Tarjeta de Débito,194991046,9690372831,OMP 02
01/09/2022,Compras en Internet con Tarjeta de Débito,194991046,11067708026,OMP 02
01/10/2022,Compras en Internet con Tarjeta de Débito,194991046,12348616375,OMP 02
01/11/2022,Compras en Internet con Tarjeta de Débito,194991046,10380674587,OMP 02
01/12/2022,Compras en Internet con Tarjeta de Débito,194991046,12929401106,OMP 02
01/01/2023,Compras en Internet con Tarjeta de Débito,194991046,10779109225,OMP 02
01/02/2023,Compras en Internet con Tarjeta de Débito,194991046,10065313994,OMP 02
01/03/2023,Compras en Internet con Tarjeta de Débito,194991046,11430543226,OMP 02
01/04/2023,Compras en Internet con Tarjeta de Débito,194991046,13238540958,OMP 02
01/05/2023,Compras en Internet con Tarjeta de Débito,194991046,13981439340,OMP 02
01/06/2023,Compras en Internet con Tarjeta de Débito,194991046,15646766595,OMP 02
01/07/2023,Compras en Internet con Tarjeta de Débito,194991046,16268138218,OMP 02
01/08/2023,Compras en Internet con Tarjeta de Débito,194991046,16861766533,OMP 02
01/09/2023,Compras en Internet con Tarjeta de Débito,194991046,17228841480,OMP 02
01/10/2023,Compras en Internet con Tarjeta de Débito,194991046,17682361684,OMP 02
01/11/2023,Compras en Internet con Tarjeta de Débito,194991046,19959119094,OMP 02
01/12/2023,Compras en Internet con Tarjeta de Débito,194991046,23906433939,OMP 02
01/01/2024,Compras en Internet con Tarjeta de Débito,194991046,19622712240,OMP 02
01/02/2024,Compras en Internet con Tarjeta de Débito,194991046,20821734925,OMP 02
01/03/2024,Compras en Internet con Tarjeta de Débito,194991046,22463766811,OMP 02
01/04/2024,Compras en Internet con Tarjeta de Débito,194991046,22962978890,OMP 02
01/05/2024,Compras en Internet con Tarjeta de Débito,194991046,24938732055,OMP 02
01/06/2024,Compras en Internet con Tarjeta de Débito,194991046,26098223913,OMP 02
01/07/2024,Compras en Internet con Tarjeta de Débito,194991046,25816927904,OMP 02
01/08/2024,Compras en Internet con Tarjeta de Débito,194991046,28241574097,OMP 02
01/09/2024,Compras en Internet con Tarjeta de Débito,194991046,29982036042,OMP 02
01/10/2024,Compras en Internet con Tarjeta de Débito,194991046,31975504147,OMP 02
01/11/2024,Compras en Internet con Tarjeta de Débito,194991046,34381728887,OMP 02
01/12/2024,Compras en Internet con Tarjeta de Débito,194991046,39121416669,OMP 02
01/01/2025,Compras en Internet con Tarjeta de Débito,194991046,35789310680,OMP 02
01/02/2025,Compras en Internet con Tarjeta de Débito,194991046,36579044178,OMP 02
01/03/2025,Compras en Internet con Tarjeta de Débito,194991046,39017898370,OMP 02
01/04/2025,Compras en Internet con Tarjeta de Débito,194991046,37032899191,OMP 02
01/05/2025,Compras en Internet con Tarjeta de Débito,194991046,39913867126,OMP 02
01/06/2025,Compras en Internet con Tarjeta de Débito,194991046,39052960479,OMP 02
01/07/2025,Compras en Internet con Tarjeta de Débito,194991046,53600178769,OMP 02
01/08/2025,Compras en Internet con Tarjeta de Débito,194991046,57282908804,OMP 02
01/09/2025,Compras en Internet con Tarjeta de Débito,194991046,44666710688,OMP 02
01/10/2025,Compras en Internet con Tarjeta de Débito,194991046,47013078620,OMP 02
01/11/2025,Compras en Internet con Tarjeta de Débito,194991046,47435154418,OMP 02
01/12/2025,Compras en Internet con Tarjeta de Débito,194991046,50657865495,OMP 02
01/01/2026,Compras en Internet con Tarjeta de Débito,194991046,45016915558,OMP 02
01/02/2026,Compras en Internet con Tarjeta de Débito,194991046,46587995905,OMP 02
01/03/2026,Compras en Internet con Tarjeta de Débito,194991046,50884828560,OMP 02
01/02/2018,Extracciones en ATM,3113143,3299048,OMP 02
01/03/2018,Extracciones en ATM,3113143,3757247,OMP 02
01/04/2018,Extracciones en ATM,3113143,3324589,OMP 02
01/05/2018,Extracciones en ATM,3113143,3383847,OMP 02
01/06/2018,Extracciones en ATM,3113143,3384718,OMP 02
01/07/2018,Extracciones en ATM,3113143,3378260,OMP 02
01/08/2018,Extracciones en ATM,3113143,3415191,OMP 02
01/09/2018,Extracciones en ATM,3113143,3421540,OMP 02
01/10/2018,Extracciones en ATM,3113143,3426232,OMP 02
01/11/2018,Extracciones en ATM,3113143,3584429,OMP 02
01/12/2018,Extracciones en ATM,3113143,4966641,OMP 02
01/01/2019,Extracciones en ATM,3113143,3395320,OMP 02
01/02/2019,Extracciones en ATM,3113143,3433246,OMP 02
01/03/2019,Extracciones en ATM,3113143,4041848,OMP 02
01/04/2019,Extracciones en ATM,3113143,3305578,OMP 02
01/05/2019,Extracciones en ATM,3113143,3716276,OMP 02
01/06/2019,Extracciones en ATM,3113143,3463138,OMP 02
01/07/2019,Extracciones en ATM,3113143,3599676,OMP 02
01/08/2019,Extracciones en ATM,3113143,3725907,OMP 02
01/09/2019,Extracciones en ATM,3113143,3589758,OMP 02
01/10/2019,Extracciones en ATM,3113143,3751039,OMP 02
01/11/2019,Extracciones en ATM,3113143,3898891,OMP 02
01/12/2019,Extracciones en ATM,3113143,5224039,OMP 02
01/01/2020,Extracciones en ATM,3113143,3601333,OMP 02
01/02/2020,Extracciones en ATM,3113143,3734645,OMP 02
01/03/2020,Extracciones en ATM,3113143,3271671,OMP 02
01/04/2020,Extracciones en ATM,3113143,2769771,OMP 02
01/05/2020,Extracciones en ATM,3113143,3437078,OMP 02
01/06/2020,Extracciones en ATM,3113143,3188684,OMP 02
01/07/2020,Extracciones en ATM,3113143,3572134,OMP 02
01/08/2020,Extracciones en ATM,3113143,3439279,OMP 02
01/09/2020,Extracciones en ATM,3113143,3264448,OMP 02
01/10/2020,Extracciones en ATM,3113143,3798154,OMP 02
01/11/2020,Extracciones en ATM,3113143,3438205,OMP 02
01/12/2020,Extracciones en ATM,3113143,5094217,OMP 02
01/01/2021,Extracciones en ATM,3113143,3586364,OMP 02
01/02/2021,Extracciones en ATM,3113143,3555682,OMP 02
01/03/2021,Extracciones en ATM,3113143,3677381,OMP 02
01/04/2021,Extracciones en ATM,3113143,3366871,OMP 02
01/05/2021,Extracciones en ATM,3113143,3582746,OMP 02
01/06/2021,Extracciones en ATM,3113143,3443377,OMP 02
01/07/2021,Extracciones en ATM,3113143,4001973,OMP 02
01/08/2021,Extracciones en ATM,3113143,3836884.7,OMP 02
01/09/2021,Extracciones en ATM,3113143,4020124,OMP 02
01/10/2021,Extracciones en ATM,3113143,4400478.6,OMP 02
01/11/2021,Extracciones en ATM,3113143,4213498.8,OMP 02
01/12/2021,Extracciones en ATM,3113143,6300130,OMP 02
01/01/2022,Extracciones en ATM,3113143,4117146,OMP 02
01/02/2022,Extracciones en ATM,3113143,4370656,OMP 02
01/03/2022,Extracciones en ATM,3113143,4339415,OMP 02
01/04/2022,Extracciones en ATM,3113143,4481227,OMP 02
01/05/2022,Extracciones en ATM,3113143,4178192,OMP 02
01/06/2022,Extracciones en ATM,3113143,4160184,OMP 02
01/07/2022,Extracciones en ATM,3113143,4707600,OMP 02
01/08/2022,Extracciones en ATM,3113143,4392655,OMP 02
01/09/2022,Extracciones en ATM,3113143,4185297,OMP 02
01/10/2022,Extracciones en ATM,3113143,4625666,OMP 02
01/11/2022,Extracciones en ATM,3113143,3975671,OMP 02
01/12/2022,Extracciones en ATM,3113143,5465555,OMP 02
01/01/2023,Extracciones en ATM,3113143,3832637,OMP 02
01/02/2023,Extracciones en ATM,3113143,3774871,OMP 02
01/03/2023,Extracciones en ATM,3113143,4197354,OMP 02
01/04/2023,Extracciones en ATM,3113143,3935250,OMP 02
01/05/2023,Extracciones en ATM,3113143,3848581,OMP 02
01/06/2023,Extracciones en ATM,3113143,4004130,OMP 02
01/07/2023,Extracciones en ATM,3113143,4091121,OMP 02
01/08/2023,Extracciones en ATM,3113143,4010565,OMP 02
01/09/2023,Extracciones en ATM,3113143,4107081,OMP 02
01/10/2023,Extracciones en ATM,3113143,4008129,OMP 02
01/11/2023,Extracciones en ATM,3113143,4154115,OMP 02
01/12/2023,Extracciones en ATM,3113143,5506506,OMP 02
01/01/2024,Extracciones en ATM,3113143,3901443,OMP 02
01/02/2024,Extracciones en ATM,3113143,3915229,OMP 02
01/03/2024,Extracciones en ATM,3113143,4155715,OMP 02
01/04/2024,Extracciones en ATM,3113143,3801822,OMP 02
01/05/2024,Extracciones en ATM,3113143,3866684,OMP 02
01/06/2024,Extracciones en ATM,3113143,3851665,OMP 02
01/07/2024,Extracciones en ATM,3113143,3641165,OMP 02
01/08/2024,Extracciones en ATM,3113143,3823578,OMP 02
01/09/2024,Extracciones en ATM,3113143,3884783,OMP 02
01/10/2024,Extracciones en ATM,3113143,3638804,OMP 02
01/11/2024,Extracciones en ATM,3113143,3829535,OMP 02
01/12/2024,Extracciones en ATM,3113143,4829840,OMP 02
01/01/2025,Extracciones en ATM,3113143,3518094,OMP 02
01/02/2025,Extracciones en ATM,3113143,3301400,OMP 02
01/03/2025,Extracciones en ATM,3113143,3691300,OMP 02
01/04/2025,Extracciones en ATM,3113143,3378462,OMP 02
01/05/2025,Extracciones en ATM,3113143,3664709,OMP 02
01/06/2025,Extracciones en ATM,3113143,3975896,OMP 02
01/07/2025,Extracciones en ATM,3113143,4270998,OMP 02
01/08/2025,Extracciones en ATM,3113143,4184728,OMP 02
01/09/2025,Extracciones en ATM,3113143,4014510,OMP 02
01/10/2025,Extracciones en ATM,3113143,4165917,OMP 02
01/11/2025,Extracciones en ATM,3113143,4101482,OMP 02
01/12/2025,Extracciones en ATM,3113143,5241463,OMP 02
01/01/2026,Extracciones en ATM,3113143,3891710,OMP 02
01/02/2026,Extracciones en ATM,3113143,3695568,OMP 02
01/03/2026,Extracciones en ATM,3113143,3969054,OMP 02
01/02/2018,Extracciones en ATM,2273136471550,2466887182350,OMP 02
01/03/2018,Extracciones en ATM,2273136471550,2777632808050,OMP 02
01/04/2018,Extracciones en ATM,2273136471550,2446879583150,OMP 02
01/05/2018,Extracciones en ATM,2273136471550,2492816322400,OMP 02
01/06/2018,Extracciones en ATM,2273136471550,2511366338250,OMP 02
01/07/2018,Extracciones en ATM,2273136471550,2485427979300,OMP 02
01/08/2018,Extracciones en ATM,2273136471550,2501372675250,OMP 02
01/09/2018,Extracciones en ATM,2273136471550,2493068363200,OMP 02
01/10/2018,Extracciones en ATM,2273136471550,2502685785300,OMP 02
01/11/2018,Extracciones en ATM,2273136471550,2666433219600,OMP 02
01/12/2018,Extracciones en ATM,2273136471550,4234330520050,OMP 02
01/01/2019,Extracciones en ATM,2273136471550,2476104659500,OMP 02
01/02/2019,Extracciones en ATM,2273136471550,2533110177200,OMP 02
01/03/2019,Extracciones en ATM,2273136471550,2957122663400,OMP 02
01/04/2019,Extracciones en ATM,2273136471550,2414734434500,OMP 02
01/05/2019,Extracciones en ATM,2273136471550,2700089555350,OMP 02
01/06/2019,Extracciones en ATM,2273136471550,2539678249250,OMP 02
01/07/2019,Extracciones en ATM,2273136471550,2584492725850,OMP 02
01/08/2019,Extracciones en ATM,2273136471550,2725016630600,OMP 02
01/09/2019,Extracciones en ATM,2273136471550,2567661330200,OMP 02
01/10/2019,Extracciones en ATM,2273136471550,2703521839100,OMP 02
01/11/2019,Extracciones en ATM,2273136471550,2873423959700,OMP 02
01/12/2019,Extracciones en ATM,2273136471550,4471576582450,OMP 02
01/01/2020,Extracciones en ATM,2273136471550,2640896367950,OMP 02
01/02/2020,Extracciones en ATM,2273136471550,2808040028650,OMP 02
01/03/2020,Extracciones en ATM,2273136471550,2551390197900,OMP 02
01/04/2020,Extracciones en ATM,2273136471550,2188012956250,OMP 02
01/05/2020,Extracciones en ATM,2273136471550,2804823080950,OMP 02
01/06/2020,Extracciones en ATM,2273136471550,2595441436850,OMP 02
01/07/2020,Extracciones en ATM,2273136471550,2894990338350,OMP 02
01/08/2020,Extracciones en ATM,2273136471550,2863376962700,OMP 02
01/09/2020,Extracciones en ATM,2273136471550,2653610915300,OMP 02
01/10/2020,Extracciones en ATM,2273136471550,3054554555100,OMP 02
01/11/2020,Extracciones en ATM,2273136471550,2828642833950,OMP 02
01/12/2020,Extracciones en ATM,2273136471550,4557766147850,OMP 02
01/01/2021,Extracciones en ATM,2273136471550,2818695122000,OMP 02
01/02/2021,Extracciones en ATM,2273136471550,2827089888800,OMP 02
01/03/2021,Extracciones en ATM,2273136471550,2993991039150,OMP 02
01/04/2021,Extracciones en ATM,2273136471550,2661143845450,OMP 02
01/05/2021,Extracciones en ATM,2273136471550,2849148682350,OMP 02
01/06/2021,Extracciones en ATM,2273136471550,2674857322950,OMP 02
01/07/2021,Extracciones en ATM,2273136471550,3126849359050,OMP 02
01/08/2021,Extracciones en ATM,2273136471550,2945143666300,OMP 02
01/09/2021,Extracciones en ATM,2273136471550,3107527564600,OMP 02
01/10/2021,Extracciones en ATM,2273136471550,3406146824800,OMP 02
01/11/2021,Extracciones en ATM,2273136471550,3301070479300,OMP 02
01/12/2021,Extracciones en ATM,2273136471550,5524065729550,OMP 02
01/01/2022,Extracciones en ATM,2273136471550,3201636891000,OMP 02
01/02/2022,Extracciones en ATM,2273136471550,3355866623550,OMP 02
01/03/2022,Extracciones en ATM,2273136471550,3353738890600,OMP 02
01/04/2022,Extracciones en ATM,2273136471550,3449526860050,OMP 02
01/05/2022,Extracciones en ATM,2273136471550,3171147266300,OMP 02
01/06/2022,Extracciones en ATM,2273136471550,3115586254600,OMP 02
01/07/2022,Extracciones en ATM,2273136471550,3576464459100,OMP 02
01/08/2022,Extracciones en ATM,2273136471550,3282564988000,OMP 02
01/09/2022,Extracciones en ATM,2273136471550,3163956035600,OMP 02
01/10/2022,Extracciones en ATM,2273136471550,3457123593200,OMP 02
01/11/2022,Extracciones en ATM,2273136471550,3475969874000,OMP 02
01/12/2022,Extracciones en ATM,2273136471550,5651875980950,OMP 02
01/01/2023,Extracciones en ATM,2273136471550,3320194534500,OMP 02
01/02/2023,Extracciones en ATM,2273136471550,3409941852700,OMP 02
01/03/2023,Extracciones en ATM,2273136471550,3663562124200,OMP 02
01/04/2023,Extracciones en ATM,2273136471550,3500637389400,OMP 02
01/05/2023,Extracciones en ATM,2273136471550,3289091118200,OMP 02
01/06/2023,Extracciones en ATM,2273136471550,3453330071700,OMP 02
01/07/2023,Extracciones en ATM,2273136471550,3576175417700,OMP 02
01/08/2023,Extracciones en ATM,2273136471550,3460927931700,OMP 02
01/09/2023,Extracciones en ATM,2273136471550,3571547110200,OMP 02
01/10/2023,Extracciones en ATM,2273136471550,3418942987300,OMP 02
01/11/2023,Extracciones en ATM,2273136471550,3608446055200,OMP 02
01/12/2023,Extracciones en ATM,2273136471550,5615698746350,OMP 02
01/01/2024,Extracciones en ATM,2273136471550,3394114527200,OMP 02
01/02/2024,Extracciones en ATM,2273136471550,3466891885285,OMP 02
01/03/2024,Extracciones en ATM,2273136471550,3714688479423,OMP 02
01/04/2024,Extracciones en ATM,2273136471550,3236582916982,OMP 02
01/05/2024,Extracciones en ATM,2273136471550,3353284722878,OMP 02
01/06/2024,Extracciones en ATM,2273136471550,3349845634996,OMP 02
01/07/2024,Extracciones en ATM,2273136471550,3195560856501,OMP 02
01/08/2024,Extracciones en ATM,2273136471550,3329536950000,OMP 02
01/09/2024,Extracciones en ATM,2273136471550,3288043638049,OMP 02
01/10/2024,Extracciones en ATM,2273136471550,3109541819866,OMP 02
01/11/2024,Extracciones en ATM,2273136471550,3359945389360,OMP 02
01/12/2024,Extracciones en ATM,2273136471550,4818054818260,OMP 02
01/01/2025,Extracciones en ATM,2273136471550,3153970626880,OMP 02
01/02/2025,Extracciones en ATM,2273136471550,2936574853450,OMP 02
01/03/2025,Extracciones en ATM,2273136471550,3293453573980,OMP 02
01/04/2025,Extracciones en ATM,2273136471550,2965883121200,OMP 02
01/05/2025,Extracciones en ATM,2273136471550,3170035145120,OMP 02
01/06/2025,Extracciones en ATM,2273136471550,2936788913900,OMP 02
01/07/2025,Extracciones en ATM,2273136471550,3163170363600,OMP 02
01/08/2025,Extracciones en ATM,2273136471550,3114745341500,OMP 02
01/09/2025,Extracciones en ATM,2273136471550,2957647607200,OMP 02
01/10/2025,Extracciones en ATM,2273136471550,3075840762800,OMP 02
01/11/2025,Extracciones en ATM,2273136471550,3108998792500,OMP 02
01/12/2025,Extracciones en ATM,2273136471550,4549190173570,OMP 02
01/01/2026,Extracciones en ATM,2273136471550,2975333192900,OMP 02
01/02/2026,Extracciones en ATM,2273136471550,2828729907400,OMP 02
01/03/2026,Extracciones en ATM,2273136471550,3036853395400,OMP 02
01/02/2018,Compras con QR,2273136471550,,OMP 02
01/03/2018,Compras con QR,2273136471550,,OMP 02
01/04/2018,Compras con QR,2273136471550,,OMP 02
01/05/2018,Compras con QR,2273136471550,,OMP 02
01/06/2018,Compras con QR,2273136471550,,OMP 02
01/07/2018,Compras con QR,2273136471550,,OMP 02
01/08/2018,Compras con QR,2273136471550,,OMP 02
01/09/2018,Compras con QR,2273136471550,,OMP 02
01/10/2018,Compras con QR,2273136471550,,OMP 02
01/11/2018,Compras con QR,2273136471550,,OMP 02
01/12/2018,Compras con QR,2273136471550,,OMP 02
01/01/2019,Compras con QR,2273136471550,,OMP 02
01/02/2019,Compras con QR,2273136471550,,OMP 02
01/03/2019,Compras con QR,2273136471550,,OMP 02
01/04/2019,Compras con QR,2273136471550,,OMP 02
01/05/2019,Compras con QR,2273136471550,,OMP 02
01/06/2019,Compras con QR,2273136471550,,OMP 02
01/07/2019,Compras con QR,2273136471550,,OMP 02
01/08/2019,Compras con QR,2273136471550,,OMP 02
01/09/2019,Compras con QR,2273136471550,,OMP 02
01/10/2019,Compras con QR,2273136471550,,OMP 02
01/11/2019,Compras con QR,2273136471550,,OMP 02
01/12/2019,Compras con QR,2273136471550,,OMP 02
01/01/2020,Compras con QR,2273136471550,,OMP 02
01/02/2020,Compras con QR,2273136471550,,OMP 02
01/03/2020,Compras con QR,2273136471550,,OMP 02
01/04/2020,Compras con QR,2273136471550,,OMP 02
01/05/2020,Compras con QR,2273136471550,,OMP 02
01/06/2020,Compras con QR,2273136471550,,OMP 02
01/07/2020,Compras con QR,2273136471550,,OMP 02
01/08/2020,Compras con QR,2273136471550,,OMP 02
01/09/2020,Compras con QR,2273136471550,,OMP 02
01/10/2020,Compras con QR,2273136471550,,OMP 02
01/11/2020,Compras con QR,2273136471550,,OMP 02
01/12/2020,Compras con QR,2273136471550,,OMP 02
01/01/2021,Compras con QR,2273136471550,,OMP 02
01/02/2021,Compras con QR,2273136471550,,OMP 02
01/03/2021,Compras con QR,2273136471550,,OMP 02
01/04/2021,Compras con QR,2273136471550,,OMP 02
01/05/2021,Compras con QR,2273136471550,,OMP 02
01/06/2021,Compras con QR,2273136471550,,OMP 02
01/07/2021,Compras con QR,2273136471550,,OMP 02
01/08/2021,Compras con QR,2273136471550,,OMP 02
01/09/2021,Compras con QR,2273136471550,,OMP 02
01/10/2021,Compras con QR,2273136471550,,OMP 02
01/11/2021,Compras con QR,2273136471550,,OMP 02
01/12/2021,Compras con QR,2273136471550,,OMP 02
01/01/2022,Compras con QR,2273136471550,11764,OMP 02
01/02/2022,Compras con QR,2273136471550,12717,OMP 02
01/03/2022,Compras con QR,2273136471550,14904,OMP 02
01/04/2022,Compras con QR,2273136471550,14388,OMP 02
01/05/2022,Compras con QR,2273136471550,16111,OMP 02
01/06/2022,Compras con QR,2273136471550,15465,OMP 02
01/07/2022,Compras con QR,2273136471550,18707,OMP 02
01/08/2022,Compras con QR,2273136471550,18832,OMP 02
01/09/2022,Compras con QR,2273136471550,18801,OMP 02
01/10/2022,Compras con QR,2273136471550,21116,OMP 02
01/11/2022,Compras con QR,2273136471550,21367,OMP 02
01/12/2022,Compras con QR,2273136471550,28829,OMP 02
01/01/2023,Compras con QR,2273136471550,24082,OMP 02
01/02/2023,Compras con QR,2273136471550,22489,OMP 02
01/03/2023,Compras con QR,2273136471550,301824,OMP 02
01/04/2023,Compras con QR,2273136471550,391794,OMP 02
01/05/2023,Compras con QR,2273136471550,474117,OMP 02
01/06/2023,Compras con QR,2273136471550,650291,OMP 02
01/07/2023,Compras con QR,2273136471550,730420,OMP 02
01/08/2023,Compras con QR,2273136471550,756869,OMP 02
01/09/2023,Compras con QR,2273136471550,802464,OMP 02
01/10/2023,Compras con QR,2273136471550,841536,OMP 02
01/11/2023,Compras con QR,2273136471550,889105,OMP 02
01/12/2023,Compras con QR,2273136471550,1154572,OMP 02
01/01/2024,Compras con QR,2273136471550,991385,OMP 02
01/02/2024,Compras con QR,2273136471550,1003130,OMP 02
01/03/2024,Compras con QR,2273136471550,1093275,OMP 02
01/04/2024,Compras con QR,2273136471550,1078262,OMP 02
01/05/2024,Compras con QR,2273136471550,1132307,OMP 02
01/06/2024,Compras con QR,2273136471550,1221354,OMP 02
01/07/2024,Compras con QR,2273136471550,1295032,OMP 02
01/08/2024,Compras con QR,2273136471550,1443993,OMP 02
01/09/2024,Compras con QR,2273136471550,1475377,OMP 02
01/10/2024,Compras con QR,2273136471550,1588875,OMP 02
01/11/2024,Compras con QR,2273136471550,1620493,OMP 02
01/12/2024,Compras con QR,2273136471550,1839965,OMP 02
01/01/2025,Compras con QR,2273136471550,1562628,OMP 02
01/02/2025,Compras con QR,2273136471550,1462515,OMP 02
01/03/2025,Compras con QR,2273136471550,1626863,OMP 02
01/04/2025,Compras con QR,2273136471550,1557118,OMP 02
01/05/2025,Compras con QR,2273136471550,1742331,OMP 02
01/06/2025,Compras con QR,2273136471550,1676112,OMP 02
01/07/2025,Compras con QR,2273136471550,1859009,OMP 02
01/08/2025,Compras con QR,2273136471550,1938427,OMP 02
01/09/2025,Compras con QR,2273136471550,1877823,OMP 02
01/10/2025,Compras con QR,2273136471550,2034083,OMP 02
01/11/2025,Compras con QR,2273136471550,2033632,OMP 02
01/12/2025,Compras con QR,2273136471550,2424451,OMP 02
01/01/2026,Compras con QR,2273136471550,2135989,OMP 02
01/02/2026,Compras con QR,2273136471550,2015625,OMP 02
01/03/2026,Compras con QR,2273136471550,2239059,OMP 02
01/02/2018,Compras con QR,2273136471550,,OMP 02
01/03/2018,Compras con QR,2273136471550,,OMP 02
01/04/2018,Compras con QR,2273136471550,,OMP 02
01/05/2018,Compras con QR,2273136471550,,OMP 02
01/06/2018,Compras con QR,2273136471550,,OMP 02
01/07/2018,Compras con QR,2273136471550,,OMP 02
01/08/2018,Compras con QR,2273136471550,,OMP 02
01/09/2018,Compras con QR,2273136471550,,OMP 02
01/10/2018,Compras con QR,2273136471550,,OMP 02
01/11/2018,Compras con QR,2273136471550,,OMP 02
01/12/2018,Compras con QR,2273136471550,,OMP 02
01/01/2019,Compras con QR,2273136471550,,OMP 02
01/02/2019,Compras con QR,2273136471550,,OMP 02
01/03/2019,Compras con QR,2273136471550,,OMP 02
01/04/2019,Compras con QR,2273136471550,,OMP 02
01/05/2019,Compras con QR,2273136471550,,OMP 02
01/06/2019,Compras con QR,2273136471550,,OMP 02
01/07/2019,Compras con QR,2273136471550,,OMP 02
01/08/2019,Compras con QR,2273136471550,,OMP 02
01/09/2019,Compras con QR,2273136471550,,OMP 02
01/10/2019,Compras con QR,2273136471550,,OMP 02
01/11/2019,Compras con QR,2273136471550,,OMP 02
01/12/2019,Compras con QR,2273136471550,,OMP 02
01/01/2020,Compras con QR,2273136471550,,OMP 02
01/02/2020,Compras con QR,2273136471550,,OMP 02
01/03/2020,Compras con QR,2273136471550,,OMP 02
01/04/2020,Compras con QR,2273136471550,,OMP 02
01/05/2020,Compras con QR,2273136471550,,OMP 02
01/06/2020,Compras con QR,2273136471550,,OMP 02
01/07/2020,Compras con QR,2273136471550,,OMP 02
01/08/2020,Compras con QR,2273136471550,,OMP 02
01/09/2020,Compras con QR,2273136471550,,OMP 02
01/10/2020,Compras con QR,2273136471550,,OMP 02
01/11/2020,Compras con QR,2273136471550,,OMP 02
01/12/2020,Compras con QR,2273136471550,,OMP 02
01/01/2021,Compras con QR,2273136471550,,OMP 02
01/02/2021,Compras con QR,2273136471550,,OMP 02
01/03/2021,Compras con QR,2273136471550,,OMP 02
01/04/2021,Compras con QR,2273136471550,,OMP 02
01/05/2021,Compras con QR,2273136471550,,OMP 02
01/06/2021,Compras con QR,2273136471550,,OMP 02
01/07/2021,Compras con QR,2273136471550,,OMP 02
01/08/2021,Compras con QR,2273136471550,,OMP 02
01/09/2021,Compras con QR,2273136471550,,OMP 02
01/10/2021,Compras con QR,2273136471550,,OMP 02
01/11/2021,Compras con QR,2273136471550,,OMP 02
01/12/2021,Compras con QR,2273136471550,,OMP 02
01/01/2022,Compras con QR,2273136471550,1169971796,OMP 02
01/02/2022,Compras con QR,2273136471550,1281427268,OMP 02
01/03/2022,Compras con QR,2273136471550,1506971096,OMP 02
01/04/2022,Compras con QR,2273136471550,1540381266,OMP 02
01/05/2022,Compras con QR,2273136471550,1693564013,OMP 02
01/06/2022,Compras con QR,2273136471550,1662781654,OMP 02
01/07/2022,Compras con QR,2273136471550,1951270201,OMP 02
01/08/2022,Compras con QR,2273136471550,1887597551,OMP 02
01/09/2022,Compras con QR,2273136471550,1983088876,OMP 02
01/10/2022,Compras con QR,2273136471550,2192078855,OMP 02
01/11/2022,Compras con QR,2273136471550,2291133307,OMP 02
01/12/2022,Compras con QR,2273136471550,3554292274,OMP 02
01/01/2023,Compras con QR,2273136471550,2654936730,OMP 02
01/02/2023,Compras con QR,2273136471550,2467524231,OMP 02
01/03/2023,Compras con QR,2273136471550,38038163116,OMP 02
01/04/2023,Compras con QR,2273136471550,50002109572,OMP 02
01/05/2023,Compras con QR,2273136471550,58574446368,OMP 02
01/06/2023,Compras con QR,2273136471550,77425241510,OMP 02
01/07/2023,Compras con QR,2273136471550,86246593301,OMP 02
01/08/2023,Compras con QR,2273136471550,86768176756,OMP 02
01/09/2023,Compras con QR,2273136471550,93084823295,OMP 02
01/10/2023,Compras con QR,2273136471550,95936255770,OMP 02
01/11/2023,Compras con QR,2273136471550,105916953019,OMP 02
01/12/2023,Compras con QR,2273136471550,156972403977,OMP 02
01/01/2024,Compras con QR,2273136471550,119865122939,OMP 02
01/02/2024,Compras con QR,2273136471550,120316553761,OMP 02
01/03/2024,Compras con QR,2273136471550,129583889260,OMP 02
01/04/2024,Compras con QR,2273136471550,126862545578,OMP 02
01/05/2024,Compras con QR,2273136471550,135114242471,OMP 02
01/06/2024,Compras con QR,2273136471550,142231020598,OMP 02
01/07/2024,Compras con QR,2273136471550,150520639337,OMP 02
01/08/2024,Compras con QR,2273136471550,165257147891,OMP 02
01/09/2024,Compras con QR,2273136471550,166774320781,OMP 02
01/10/2024,Compras con QR,2273136471550,178146901750,OMP 02
01/11/2024,Compras con QR,2273136471550,193685859076,OMP 02
01/12/2024,Compras con QR,2273136471550,250375137105,OMP 02
01/01/2025,Compras con QR,2273136471550,192367506424,OMP 02
01/02/2025,Compras con QR,2273136471550,179587006479,OMP 02
01/03/2025,Compras con QR,2273136471550,195403053599,OMP 02
01/04/2025,Compras con QR,2273136471550,188739203727,OMP 02
01/05/2025,Compras con QR,2273136471550,208471563117,OMP 02
01/06/2025,Compras con QR,2273136471550,204533623515,OMP 02
01/07/2025,Compras con QR,2273136471550,222398751366,OMP 02
01/08/2025,Compras con QR,2273136471550,228424144869,OMP 02
01/09/2025,Compras con QR,2273136471550,220375140856,OMP 02
01/10/2025,Compras con QR,2273136471550,236261979244,OMP 02
01/11/2025,Compras con QR,2273136471550,247757587178,OMP 02
01/12/2025,Compras con QR,2273136471550,329657913638,OMP 02
01/01/2026,Compras con QR,2273136471550,262202137427,OMP 02
01/02/2026,Compras con QR,2273136471550,244171169473,OMP 02
01/03/2026,Compras con QR,2273136471550,266769684976,OMP 02
01/02/2024,Compras con banda Magnetica,1229804,1146294,OMP 02_02
01/03/2024,Compras con banda Magnetica,1229804,1195557,OMP 02_02
01/04/2024,Compras con banda Magnetica,1229804,1079336,OMP 02_02
01/05/2024,Compras con banda Magnetica,1229804,1065116,OMP 02_02
01/06/2024,Compras con banda Magnetica,1229804,996546,OMP 02_02
01/07/2024,Compras con banda Magnetica,1229804,805181,OMP 02_02
01/08/2024,Compras con banda Magnetica,1229804,792412,OMP 02_02
01/09/2024,Compras con banda Magnetica,1229804,735881,OMP 02_02
01/10/2024,Compras con banda Magnetica,1229804,735099,OMP 02_02
01/11/2024,Compras con banda Magnetica,1229804,713952,OMP 02_02
01/12/2024,Compras con banda Magnetica,1229804,803999,OMP 02_02
01/01/2025,Compras con banda Magnetica,1229804,604662,OMP 02_02
01/02/2025,Compras con banda Magnetica,1229804,523323,OMP 02_02
01/03/2025,Compras con banda Magnetica,1229804,541621,OMP 02_02
01/04/2025,Compras con banda Magnetica,1229804,478759,OMP 02_02
01/05/2025,Compras con banda Magnetica,1229804,457893,OMP 02_02
01/06/2025,Compras con banda Magnetica,1229804,507755,OMP 02_02
01/07/2025,Compras con banda Magnetica,1229804,519046,OMP 02_02
01/08/2025,Compras con banda Magnetica,1229804,511302.5,OMP 02_02
01/09/2025,Compras con banda Magnetica,1229804,471865,OMP 02_02
01/10/2025,Compras con banda Magnetica,1229804,474911,OMP 02_02
01/11/2025,Compras con banda Magnetica,1229804,465835,OMP 02_02
01/12/2025,Compras con banda Magnetica,1229804,525504,OMP 02_02
01/01/2026,Compras con banda Magnetica,1229804,453378,OMP 02_02
01/02/2026,Compras con banda Magnetica,1229804,408698,OMP 02_02
01/03/2026,Compras con banda Magnetica,1229804,428077,OMP 02_02
01/02/2024,Compras con banda Magnetica,150424142147,137691547759,OMP 02_02
01/03/2024,Compras con banda Magnetica,150424142147,141429626650,OMP 02_02
01/04/2024,Compras con banda Magnetica,150424142147,125185100164,OMP 02_02
01/05/2024,Compras con banda Magnetica,150424142147,125249477221,OMP 02_02
01/06/2024,Compras con banda Magnetica,150424142147,115283218692,OMP 02_02
01/07/2024,Compras con banda Magnetica,150424142147,96953012903,OMP 02_02
01/08/2024,Compras con banda Magnetica,150424142147,94102982326,OMP 02_02
01/09/2024,Compras con banda Magnetica,150424142147,87142392362,OMP 02_02
01/10/2024,Compras con banda Magnetica,150424142147,85843224238,OMP 02_02
01/11/2024,Compras con banda Magnetica,150424142147,87696913026,OMP 02_02
01/12/2024,Compras con banda Magnetica,150424142147,115771585364,OMP 02_02
01/01/2025,Compras con banda Magnetica,150424142147,77372860330,OMP 02_02
01/02/2025,Compras con banda Magnetica,150424142147,65997835489,OMP 02_02
01/03/2025,Compras con banda Magnetica,150424142147,67462423075,OMP 02_02
01/04/2025,Compras con banda Magnetica,150424142147,59886461516,OMP 02_02
01/05/2025,Compras con banda Magnetica,150424142147,56293140888,OMP 02_02
01/06/2025,Compras con banda Magnetica,150424142147,63301051925,OMP 02_02
01/07/2025,Compras con banda Magnetica,150424142147,63607272678,OMP 02_02
01/08/2025,Compras con banda Magnetica,150424142147,63320375143,OMP 02_02
01/09/2025,Compras con banda Magnetica,150424142147,58181104475,OMP 02_02
01/10/2025,Compras con banda Magnetica,150424142147,57517354113,OMP 02_02
01/11/2025,Compras con banda Magnetica,150424142147,58930547783,OMP 02_02
01/12/2025,Compras con banda Magnetica,150424142147,78936906138,OMP 02_02
01/01/2026,Compras con banda Magnetica,150424142147,58899721272,OMP 02_02
01/02/2026,Compras con banda Magnetica,150424142147,51688863496,OMP 02_02
01/03/2026,Compras con banda Magnetica,150424142147,53066099616,OMP 02_02
01/02/2024,Compras con QR,860389,875135,OMP 02_02
01/03/2024,Compras con QR,860389,951916,OMP 02_02
01/04/2024,Compras con QR,860389,936740,OMP 02_02
01/05/2024,Compras con QR,860389,983809,OMP 02_02
01/06/2024,Compras con QR,860389,1066105,OMP 02_02
01/07/2024,Compras con QR,860389,1123115,OMP 02_02
01/08/2024,Compras con QR,860389,1265040,OMP 02_02
01/09/2024,Compras con QR,860389,1291881,OMP 02_02
01/10/2024,Compras con QR,860389,1390804,OMP 02_02
01/11/2024,Compras con QR,860389,1422875,OMP 02_02
01/12/2024,Compras con QR,860389,1620959,OMP 02_02
01/01/2025,Compras con QR,860389,1362804,OMP 02_02
01/02/2025,Compras con QR,860389,1277330,OMP 02_02
01/03/2025,Compras con QR,860389,1420326,OMP 02_02
01/04/2025,Compras con QR,860389,1358178,OMP 02_02
01/05/2025,Compras con QR,860389,1518373,OMP 02_02
01/06/2025,Compras con QR,860389,1455185,OMP 02_02
01/07/2025,Compras con QR,860389,1625839,OMP 02_02
01/08/2025,Compras con QR,860389,1686016,OMP 02_02
01/09/2025,Compras con QR,860389,1636387,OMP 02_02
01/10/2025,Compras con QR,860389,1768494,OMP 02_02
01/11/2025,Compras con QR,860389,1769490,OMP 02_02
01/12/2025,Compras con QR,860389,2109170,OMP 02_02
01/01/2026,Compras con QR,860389,1840914,OMP 02_02
01/02/2026,Compras con QR,860389,1735917,OMP 02_02
01/03/2026,Compras con QR,860389,1921556,OMP 02_02
01/02/2024,Compras con QR,106522403657,107068280144,OMP 02_02
01/03/2024,Compras con QR,106522403657,114606009765,OMP 02_02
01/04/2024,Compras con QR,106522403657,112942302125,OMP 02_02
01/05/2024,Compras con QR,106522403657,119755012665,OMP 02_02
01/06/2024,Compras con QR,106522403657,126540768840,OMP 02_02
01/07/2024,Compras con QR,106522403657,134290709610,OMP 02_02
01/08/2024,Compras con QR,106522403657,148545217735,OMP 02_02
01/09/2024,Compras con QR,106522403657,149688619703,OMP 02_02
01/10/2024,Compras con QR,106522403657,159418617252,OMP 02_02
01/11/2024,Compras con QR,106522403657,173317717078,OMP 02_02
01/12/2024,Compras con QR,106522403657,225538010410,OMP 02_02
01/01/2025,Compras con QR,106522403657,171783520004,OMP 02_02
01/02/2025,Compras con QR,106522403657,160685352314,OMP 02_02
01/03/2025,Compras con QR,106522403657,173813790779,OMP 02_02
01/04/2025,Compras con QR,106522403657,167575716739,OMP 02_02
01/05/2025,Compras con QR,106522403657,185311834533,OMP 02_02
01/06/2025,Compras con QR,106522403657,181022813106,OMP 02_02
01/07/2025,Compras con QR,106522403657,197723199064,OMP 02_02
01/08/2025,Compras con QR,106522403657,201670904931,OMP 02_02
01/09/2025,Compras con QR,106522403657,194269776518,OMP 02_02
01/10/2025,Compras con QR,106522403657,207880427673,OMP 02_02
01/11/2025,Compras con QR,106522403657,218664053129,OMP 02_02
01/12/2025,Compras con QR,106522403657,291930870231,OMP 02_02
01/01/2026,Compras con QR,106522403657,231268142908,OMP 02_02
01/02/2026,Compras con QR,106522403657,214643244349,OMP 02_02
01/03/2026,Compras con QR,106522403657,232579594179,OMP 02_02
01/02/2024,Compras con Chip,238141,234344,OMP 02_02
01/03/2024,Compras con Chip,238141,259915,OMP 02_02
01/04/2024,Compras con Chip,238141,243042,OMP 02_02
01/05/2024,Compras con Chip,238141,241744,OMP 02_02
01/06/2024,Compras con Chip,238141,258437,OMP 02_02
01/07/2024,Compras con Chip,238141,404936,OMP 02_02
01/08/2024,Compras con Chip,238141,501531,OMP 02_02
01/09/2024,Compras con Chip,238141,499689,OMP 02_02
01/10/2024,Compras con Chip,238141,537460,OMP 02_02
01/11/2024,Compras con Chip,238141,563349,OMP 02_02
01/12/2024,Compras con Chip,238141,673060,OMP 02_02
01/01/2025,Compras con Chip,238141,627894,OMP 02_02
01/02/2025,Compras con Chip,238141,653013,OMP 02_02
01/03/2025,Compras con Chip,238141,807803,OMP 02_02
01/04/2025,Compras con Chip,238141,812583,OMP 02_02
01/05/2025,Compras con Chip,238141,896345,OMP 02_02
01/06/2025,Compras con Chip,238141,875318,OMP 02_02
01/07/2025,Compras con Chip,238141,1005828,OMP 02_02
01/08/2025,Compras con Chip,238141,1109448,OMP 02_02
01/09/2025,Compras con Chip,238141,1169296,OMP 02_02
01/10/2025,Compras con Chip,238141,1293535,OMP 02_02
01/11/2025,Compras con Chip,238141,1311412,OMP 02_02
01/12/2025,Compras con Chip,238141,1450904,OMP 02_02
01/01/2026,Compras con Chip,238141,1324376,OMP 02_02
01/02/2026,Compras con Chip,238141,1248669,OMP 02_02
01/03/2026,Compras con Chip,238141,1333526,OMP 02_02
01/02/2024,Compras con Chip,31137498761,30526114960,OMP 02_02
01/03/2024,Compras con Chip,31137498761,32253516455,OMP 02_02
01/04/2024,Compras con Chip,31137498761,29228542633,OMP 02_02
01/05/2024,Compras con Chip,31137498761,29737642328,OMP 02_02
01/06/2024,Compras con Chip,31137498761,30567565119,OMP 02_02
01/07/2024,Compras con Chip,31137498761,47582367633,OMP 02_02
01/08/2024,Compras con Chip,31137498761,58278508421,OMP 02_02
01/09/2024,Compras con Chip,31137498761,56651306038,OMP 02_02
01/10/2024,Compras con Chip,31137498761,59368838934,OMP 02_02
01/11/2024,Compras con Chip,31137498761,64933168106,OMP 02_02
01/12/2024,Compras con Chip,31137498761,87958532108,OMP 02_02
01/01/2025,Compras con Chip,31137498761,72070742966,OMP 02_02
01/02/2025,Compras con Chip,31137498761,72026901679,OMP 02_02
01/03/2025,Compras con Chip,31137498761,86331975511,OMP 02_02
01/04/2025,Compras con Chip,31137498761,86791794285,OMP 02_02
01/05/2025,Compras con Chip,31137498761,93231561516,OMP 02_02
01/06/2025,Compras con Chip,31137498761,91391168390,OMP 02_02
01/07/2025,Compras con Chip,31137498761,105046283326,OMP 02_02
01/08/2025,Compras con Chip,31137498761,113016350932,OMP 02_02
01/09/2025,Compras con Chip,31137498761,115280698536,OMP 02_02
01/10/2025,Compras con Chip,31137498761,123562121489,OMP 02_02
01/11/2025,Compras con Chip,31137498761,128285263642,OMP 02_02
01/12/2025,Compras con Chip,31137498761,161019118547,OMP 02_02
01/01/2026,Compras con Chip,31137498761,130663894320,OMP 02_02
01/02/2026,Compras con Chip,31137498761,120338124598,OMP 02_02
01/03/2026,Compras con Chip,31137498761,126158007507,OMP 02_02
01/02/2024,Compras con NFC,8198691,7821749,OMP 02_02
01/03/2024,Compras con NFC,8198691,8650289,OMP 02_02
01/04/2024,Compras con NFC,8198691,7836727,OMP 02_02
01/05/2024,Compras con NFC,8198691,8111947,OMP 02_02
01/06/2024,Compras con NFC,8198691,8233498,OMP 02_02
01/07/2024,Compras con NFC,8198691,7822951,OMP 02_02
01/08/2024,Compras con NFC,8198691,8311736,OMP 02_02
01/09/2024,Compras con NFC,8198691,8258380,OMP 02_02
01/10/2024,Compras con NFC,8198691,8459045,OMP 02_02
01/11/2024,Compras con NFC,8198691,8956190,OMP 02_02
01/12/2024,Compras con NFC,8198691,11079368,OMP 02_02
01/01/2025,Compras con NFC,8198691,9281852,OMP 02_02
01/02/2025,Compras con NFC,8198691,8579409,OMP 02_02
01/03/2025,Compras con NFC,8198691,9590318,OMP 02_02
01/04/2025,Compras con NFC,8198691,8839042,OMP 02_02
01/05/2025,Compras con NFC,8198691,9498734,OMP 02_02
01/06/2025,Compras con NFC,8198691,9003288,OMP 02_02
01/07/2025,Compras con NFC,8198691,9735382,OMP 02_02
01/08/2025,Compras con NFC,8198691,10165666.5,OMP 02_02
01/09/2025,Compras con NFC,8198691,9875783,OMP 02_02
01/10/2025,Compras con NFC,8198691,10468357,OMP 02_02
01/11/2025,Compras con NFC,8198691,10759594,OMP 02_02
01/12/2025,Compras con NFC,8198691,12680280,OMP 02_02
01/01/2026,Compras con NFC,8198691,10938890,OMP 02_02
01/02/2026,Compras con NFC,8198691,10037442,OMP 02_02
01/03/2026,Compras con NFC,8198691,10992604,OMP 02_02
01/02/2024,Compras con NFC,977621210727,911555850033,OMP 02_02
01/03/2024,Compras con NFC,977621210727,987283058902,OMP 02_02
01/04/2024,Compras con NFC,977621210727,881712075202,OMP 02_02
01/05/2024,Compras con NFC,977621210727,925015391719,OMP 02_02
01/06/2024,Compras con NFC,977621210727,918478730046,OMP 02_02
01/07/2024,Compras con NFC,977621210727,858229292835,OMP 02_02
01/08/2024,Compras con NFC,977621210727,889430339895,OMP 02_02
01/09/2024,Compras con NFC,977621210727,867607218492,OMP 02_02
01/10/2024,Compras con NFC,977621210727,878611944787,OMP 02_02
01/11/2024,Compras con NFC,977621210727,955196664317,OMP 02_02
01/12/2024,Compras con NFC,977621210727,1369726655734,OMP 02_02
01/01/2025,Compras con NFC,977621210727,1014659696182,OMP 02_02
01/02/2025,Compras con NFC,977621210727,915562098460,OMP 02_02
01/03/2025,Compras con NFC,977621210727,1004775152729,OMP 02_02
01/04/2025,Compras con NFC,977621210727,922348866806,OMP 02_02
01/05/2025,Compras con NFC,977621210727,974395415894,OMP 02_02
01/06/2025,Compras con NFC,977621210727,924914469612,OMP 02_02
01/07/2025,Compras con NFC,977621210727,975507705289,OMP 02_02
01/08/2025,Compras con NFC,977621210727,998650869271,OMP 02_02
01/09/2025,Compras con NFC,977621210727,947427520251,OMP 02_02
01/10/2025,Compras con NFC,977621210727,985006484616,OMP 02_02
01/11/2025,Compras con NFC,977621210727,1051408234477,OMP 02_02
01/12/2025,Compras con NFC,977621210727,1436196657807,OMP 02_02
01/01/2026,Compras con NFC,977621210727,1097049709691,OMP 02_02
01/02/2026,Compras con NFC,977621210727,975896884632,OMP 02_02
01/03/2026,Compras con NFC,977621210727,1045443642255,OMP 02_02
01/02/2024,Compras con Tarjeta no presente,428212,480919,OMP 02_02
01/03/2024,Compras con Tarjeta no presente,428212,502606,OMP 02_02
01/04/2024,Compras con Tarjeta no presente,428212,522637,OMP 02_02
01/05/2024,Compras con Tarjeta no presente,428212,555642,OMP 02_02
01/06/2024,Compras con Tarjeta no presente,428212,581970,OMP 02_02
01/07/2024,Compras con Tarjeta no presente,428212,573702,OMP 02_02
01/08/2024,Compras con Tarjeta no presente,428212,626945,OMP 02_02
01/09/2024,Compras con Tarjeta no presente,428212,634071,OMP 02_02
01/10/2024,Compras con Tarjeta no presente,428212,676477,OMP 02_02
01/11/2024,Compras con Tarjeta no presente,428212,714154,OMP 02_02
01/12/2024,Compras con Tarjeta no presente,428212,792689,OMP 02_02
01/01/2025,Compras con Tarjeta no presente,428212,766629,OMP 02_02
01/02/2025,Compras con Tarjeta no presente,428212,841020,OMP 02_02
01/03/2025,Compras con Tarjeta no presente,428212,885486,OMP 02_02
01/04/2025,Compras con Tarjeta no presente,428212,778521,OMP 02_02
01/05/2025,Compras con Tarjeta no presente,428212,873295,OMP 02_02
01/06/2025,Compras con Tarjeta no presente,428212,833466,OMP 02_02
01/07/2025,Compras con Tarjeta no presente,428212,916040,OMP 02_02
01/08/2025,Compras con Tarjeta no presente,428212,996528,OMP 02_02
01/09/2025,Compras con Tarjeta no presente,428212,915492,OMP 02_02
01/10/2025,Compras con Tarjeta no presente,428212,971427,OMP 02_02
01/11/2025,Compras con Tarjeta no presente,428212,902001,OMP 02_02
01/12/2025,Compras con Tarjeta no presente,428212,941552,OMP 02_02
01/01/2026,Compras con Tarjeta no presente,428212,871136,OMP 02_02
01/02/2026,Compras con Tarjeta no presente,428212,853195,OMP 02_02
01/03/2026,Compras con Tarjeta no presente,428212,937698,OMP 02_02
01/02/2024,Compras con Tarjeta no presente,19630398433,20828824445,OMP 02_02
01/03/2024,Compras con Tarjeta no presente,19630398433,22468286259,OMP 02_02
01/04/2024,Compras con Tarjeta no presente,19630398433,22973307733,OMP 02_02
01/05/2024,Compras con Tarjeta no presente,19630398433,24937653083,OMP 02_02
01/06/2024,Compras con Tarjeta no presente,19630398433,26101334948,OMP 02_02
01/07/2024,Compras con Tarjeta no presente,19630398433,25814617847,OMP 02_02
01/08/2024,Compras con Tarjeta no presente,19630398433,28242504115,OMP 02_02
01/09/2024,Compras con Tarjeta no presente,19630398433,29168799139,OMP 02_02
01/10/2024,Compras con Tarjeta no presente,19630398433,31071688506,OMP 02_02
01/11/2024,Compras con Tarjeta no presente,19630398433,33318685998,OMP 02_02
01/12/2024,Compras con Tarjeta no presente,19630398433,37913186469,OMP 02_02
01/01/2025,Compras con Tarjeta no presente,19630398433,34689553928,OMP 02_02
01/02/2025,Compras con Tarjeta no presente,19630398433,35464083427,OMP 02_02
01/03/2025,Compras con Tarjeta no presente,19630398433,37794372927,OMP 02_02
01/04/2025,Compras con Tarjeta no presente,19630398433,35840231588,OMP 02_02
01/05/2025,Compras con Tarjeta no presente,19630398433,38691817803,OMP 02_02
01/06/2025,Compras con Tarjeta no presente,19630398433,37756022206,OMP 02_02
01/07/2025,Compras con Tarjeta no presente,19630398433,52189844123,OMP 02_02
01/08/2025,Compras con Tarjeta no presente,19630398433,55816548933,OMP 02_02
01/09/2025,Compras con Tarjeta no presente,19630398433,43146890371,OMP 02_02
01/10/2025,Compras con Tarjeta no presente,19630398433,45440079295,OMP 02_02
01/11/2025,Compras con Tarjeta no presente,19630398433,45643149376,OMP 02_02
01/12/2025,Compras con Tarjeta no presente,19630398433,48421775598,OMP 02_02
01/01/2026,Compras con Tarjeta no presente,19630398433,42736213080,OMP 02_02
01/02/2026,Compras con Tarjeta no presente,19630398433,43871512694,OMP 02_02
01/03/2026,Compras con Tarjeta no presente,19630398433,47769902536,OMP 02_02
01/02/2024,Compras con QR,128404,128503,OMP 02_02
01/03/2024,Compras con QR,128404,141393,OMP 02_02
01/04/2024,Compras con QR,128404,138830,OMP 02_02
01/05/2024,Compras con QR,128404,148498,OMP 02_02
01/06/2024,Compras con QR,128404,155361,OMP 02_02
01/07/2024,Compras con QR,128404,171902,OMP 02_02
01/08/2024,Compras con QR,128404,179063,OMP 02_02
01/09/2024,Compras con QR,128404,183496,OMP 02_02
01/10/2024,Compras con QR,128404,198071,OMP 02_02
01/11/2024,Compras con QR,128404,197618,OMP 02_02
01/12/2024,Compras con QR,128404,219006,OMP 02_02
01/01/2025,Compras con QR,128404,199824,OMP 02_02
01/02/2025,Compras con QR,128404,185185,OMP 02_02
01/03/2025,Compras con QR,128404,206537,OMP 02_02
01/04/2025,Compras con QR,128404,198940,OMP 02_02
01/05/2025,Compras con QR,128404,223958,OMP 02_02
01/06/2025,Compras con QR,128404,220927,OMP 02_02
01/07/2025,Compras con QR,128404,233170,OMP 02_02
01/08/2025,Compras con QR,128404,252411,OMP 02_02
01/09/2025,Compras con QR,128404,241436,OMP 02_02
01/10/2025,Compras con QR,128404,265589,OMP 02_02
01/11/2025,Compras con QR,128404,264142,OMP 02_02
01/12/2025,Compras con QR,128404,315281,OMP 02_02
01/01/2026,Compras con QR,128404,295075,OMP 02_02
01/02/2026,Compras con QR,128404,279708,OMP 02_02
01/03/2026,Compras con QR,128404,317503,OMP 02_02
01/02/2024,Compras con QR,13369992216,13373255349,OMP 02_02
01/03/2024,Compras con QR,13369992216,14992703284,OMP 02_02
01/04/2024,Compras con QR,13369992216,13949535559,OMP 02_02
01/05/2024,Compras con QR,13369992216,15359229806,OMP 02_02
01/06/2024,Compras con QR,13369992216,15761248390,OMP 02_02
01/07/2024,Compras con QR,13369992216,16218318956,OMP 02_02
01/08/2024,Compras con QR,13369992216,16715699098,OMP 02_02
01/09/2024,Compras con QR,13369992216,17085701078,OMP 02_02
01/10/2024,Compras con QR,13369992216,18728284498,OMP 02_02
01/11/2024,Compras con QR,13369992216,20368141998,OMP 02_02
01/12/2024,Compras con QR,13369992216,24837126695,OMP 02_02
01/01/2025,Compras con QR,13369992216,20583986420,OMP 02_02
01/02/2025,Compras con QR,13369992216,18901654165,OMP 02_02
01/03/2025,Compras con QR,13369992216,21589262820,OMP 02_02
01/04/2025,Compras con QR,13369992216,21163486988,OMP 02_02
01/05/2025,Compras con QR,13369992216,23159728584,OMP 02_02
01/06/2025,Compras con QR,13369992216,23510810409,OMP 02_02
01/07/2025,Compras con QR,13369992216,24675552302,OMP 02_02
01/08/2025,Compras con QR,13369992216,26753239938,OMP 02_02
01/09/2025,Compras con QR,13369992216,26105364338,OMP 02_02
01/10/2025,Compras con QR,13369992216,28381551571,OMP 02_02
01/11/2025,Compras con QR,13369992216,29093534049,OMP 02_02
01/12/2025,Compras con QR,13369992216,37727043407,OMP 02_02
01/01/2026,Compras con QR,13369992216,30933994519,OMP 02_02
01/02/2026,Compras con QR,13369992216,29527925124,OMP 02_02
01/03/2026,Compras con QR,13369992216,34190090797,OMP 02_02
01/02/2024,Compras con Link de pago,1818,1987,OMP 02_02
01/03/2024,Compras con Link de pago,1818,1992,OMP 02_02
01/04/2024,Compras con Link de pago,1818,2558,OMP 02_02
01/05/2024,Compras con Link de pago,1818,2949,OMP 02_02
01/06/2024,Compras con Link de pago,1818,3368,OMP 02_02
01/07/2024,Compras con Link de pago,1818,2535,OMP 02_02
01/08/2024,Compras con Link de pago,1818,2459,OMP 02_02
01/09/2024,Compras con Link de pago,1818,2692,OMP 02_02
01/10/2024,Compras con Link de pago,1818,3054,OMP 02_02
01/11/2024,Compras con Link de pago,1818,3317,OMP 02_02
01/12/2024,Compras con Link de pago,1818,3833,OMP 02_02
01/01/2025,Compras con Link de pago,1818,3828,OMP 02_02
01/02/2025,Compras con Link de pago,1818,3900,OMP 02_02
01/03/2025,Compras con Link de pago,1818,4321,OMP 02_02
01/04/2025,Compras con Link de pago,1818,4140,OMP 02_02
01/05/2025,Compras con Link de pago,1818,4552,OMP 02_02
01/06/2025,Compras con Link de pago,1818,4663,OMP 02_02
01/07/2025,Compras con Link de pago,1818,5212,OMP 02_02
01/08/2025,Compras con Link de pago,1818,5412,OMP 02_02
01/09/2025,Compras con Link de pago,1818,5060,OMP 02_02
01/10/2025,Compras con Link de pago,1818,5439,OMP 02_02
01/11/2025,Compras con Link de pago,1818,5963,OMP 02_02
01/12/2025,Compras con Link de pago,1818,9615,OMP 02_02
01/01/2026,Compras con Link de pago,1818,12576,OMP 02_02
01/02/2026,Compras con Link de pago,1818,14387,OMP 02_02
01/03/2026,Compras con Link de pago,1818,17872,OMP 02_02
01/02/2024,Compras con Link de pago,462446698,609153836,OMP 02_02
01/03/2024,Compras con Link de pago,462446698,552303828,OMP 02_02
01/04/2024,Compras con Link de pago,462446698,649178353,OMP 02_02
01/05/2024,Compras con Link de pago,462446698,599707844,OMP 02_02
01/06/2024,Compras con Link de pago,462446698,702400251,OMP 02_02
01/07/2024,Compras con Link de pago,462446698,727994180,OMP 02_02
01/08/2024,Compras con Link de pago,462446698,707130639,OMP 02_02
01/09/2024,Compras con Link de pago,462446698,813236903,OMP 02_02
01/10/2024,Compras con Link de pago,462446698,903815641,OMP 02_02
01/11/2024,Compras con Link de pago,462446698,1063042889,OMP 02_02
01/12/2024,Compras con Link de pago,462446698,1208230200,OMP 02_02
01/01/2025,Compras con Link de pago,462446698,1099756752,OMP 02_02
01/02/2025,Compras con Link de pago,462446698,1114960751,OMP 02_02
01/03/2025,Compras con Link de pago,462446698,1223525443,OMP 02_02
01/04/2025,Compras con Link de pago,462446698,1192667603,OMP 02_02
01/05/2025,Compras con Link de pago,462446698,1222049323,OMP 02_02
01/06/2025,Compras con Link de pago,462446698,1296938273,OMP 02_02
01/07/2025,Compras con Link de pago,462446698,1410334646,OMP 02_02
01/08/2025,Compras con Link de pago,462446698,1466359871,OMP 02_02
01/09/2025,Compras con Link de pago,462446698,1519820317,OMP 02_02
01/10/2025,Compras con Link de pago,462446698,1572999325,OMP 02_02
01/11/2025,Compras con Link de pago,462446698,1792005042,OMP 02_02
01/12/2025,Compras con Link de pago,462446698,2236089897,OMP 02_02
01/01/2026,Compras con Link de pago,462446698,2280702478,OMP 02_02
01/02/2026,Compras con Link de pago,462446698,2716483211,OMP 02_02
01/03/2026,Compras con Link de pago,462446698,3114926024,OMP 02_02
01/02/2018,Cantidad de Tarjetas Prepagas Activas por Operadora,52360,53091,OMP 03
01/03/2018,Cantidad de Tarjetas Prepagas Activas por Operadora,52360,54119,OMP 03
01/04/2018,Cantidad de Tarjetas Prepagas Activas por Operadora,52360,54456,OMP 03
01/05/2018,Cantidad de Tarjetas Prepagas Activas por Operadora,52360,54577,OMP 03
01/06/2018,Cantidad de Tarjetas Prepagas Activas por Operadora,52360,55227,OMP 03
01/07/2018,Cantidad de Tarjetas Prepagas Activas por Operadora,52360,56246,OMP 03
01/08/2018,Cantidad de Tarjetas Prepagas Activas por Operadora,52360,57001,OMP 03
01/09/2018,Cantidad de Tarjetas Prepagas Activas por Operadora,52360,58103,OMP 03
01/10/2018,Cantidad de Tarjetas Prepagas Activas por Operadora,52360,58968,OMP 03
01/11/2018,Cantidad de Tarjetas Prepagas Activas por Operadora,52360,60152,OMP 03
01/12/2018,Cantidad de Tarjetas Prepagas Activas por Operadora,52360,61479,OMP 03
01/01/2019,Cantidad de Tarjetas Prepagas Activas por Operadora,52360,62381,OMP 03
01/02/2019,Cantidad de Tarjetas Prepagas Activas por Operadora,52360,63641,OMP 03
01/03/2019,Cantidad de Tarjetas Prepagas Activas por Operadora,52360,64861,OMP 03
01/04/2019,Cantidad de Tarjetas Prepagas Activas por Operadora,52360,66107,OMP 03
01/05/2019,Cantidad de Tarjetas Prepagas Activas por Operadora,52360,67792,OMP 03
01/06/2019,Cantidad de Tarjetas Prepagas Activas por Operadora,52360,68660,OMP 03
01/07/2019,Cantidad de Tarjetas Prepagas Activas por Operadora,52360,69806,OMP 03
01/08/2019,Cantidad de Tarjetas Prepagas Activas por Operadora,52360,71191,OMP 03
01/09/2019,Cantidad de Tarjetas Prepagas Activas por Operadora,52360,72327,OMP 03
01/10/2019,Cantidad de Tarjetas Prepagas Activas por Operadora,52360,74629,OMP 03
01/11/2019,Cantidad de Tarjetas Prepagas Activas por Operadora,52360,76502,OMP 03
01/12/2019,Cantidad de Tarjetas Prepagas Activas por Operadora,52360,78400,OMP 03
01/01/2020,Cantidad de Tarjetas Prepagas Activas por Operadora,52360,80904,OMP 03
01/02/2020,Cantidad de Tarjetas Prepagas Activas por Operadora,52360,83597,OMP 03
01/03/2020,Cantidad de Tarjetas Prepagas Activas por Operadora,52360,85290,OMP 03
01/04/2020,Cantidad de Tarjetas Prepagas Activas por Operadora,52360,86100,OMP 03
01/05/2020,Cantidad de Tarjetas Prepagas Activas por Operadora,52360,129364,OMP 03
01/06/2020,Cantidad de Tarjetas Prepagas Activas por Operadora,52360,132124,OMP 03
01/07/2020,Cantidad de Tarjetas Prepagas Activas por Operadora,52360,135301,OMP 03
01/08/2020,Cantidad de Tarjetas Prepagas Activas por Operadora,52360,137204,OMP 03
01/09/2020,Cantidad de Tarjetas Prepagas Activas por Operadora,52360,140003,OMP 03
01/10/2020,Cantidad de Tarjetas Prepagas Activas por Operadora,52360,141673,OMP 03
01/11/2020,Cantidad de Tarjetas Prepagas Activas por Operadora,52360,143615,OMP 03
01/12/2020,Cantidad de Tarjetas Prepagas Activas por Operadora,52360,144540,OMP 03
01/01/2021,Cantidad de Tarjetas Prepagas Activas por Operadora,52360,146215,OMP 03
01/02/2021,Cantidad de Tarjetas Prepagas Activas por Operadora,52360,148526,OMP 03
01/03/2021,Cantidad de Tarjetas Prepagas Activas por Operadora,52360,151182,OMP 03
01/04/2021,Cantidad de Tarjetas Prepagas Activas por Operadora,52360,153546,OMP 03
01/05/2021,Cantidad de Tarjetas Prepagas Activas por Operadora,52360,156808,OMP 03
01/06/2021,Cantidad de Tarjetas Prepagas Activas por Operadora,52360,158973,OMP 03
01/07/2021,Cantidad de Tarjetas Prepagas Activas por Operadora,52360,160838,OMP 03
01/08/2021,Cantidad de Tarjetas Prepagas Activas por Operadora,52360,161763,OMP 03
01/09/2021,Cantidad de Tarjetas Prepagas Activas por Operadora,52360,163786,OMP 03
01/10/2021,Cantidad de Tarjetas Prepagas Activas por Operadora,52360,165017,OMP 03
01/11/2021,Cantidad de Tarjetas Prepagas Activas por Operadora,52360,166753,OMP 03
01/12/2021,Cantidad de Tarjetas Prepagas Activas por Operadora,52360,168969,OMP 03
01/01/2022,Cantidad de Tarjetas Prepagas Activas por Operadora,52360,172427,OMP 03
01/02/2022,Cantidad de Tarjetas Prepagas Activas por Operadora,52360,176955,OMP 03
01/03/2022,Cantidad de Tarjetas Prepagas Activas por Operadora,52360,179415,OMP 03
01/04/2022,Cantidad de Tarjetas Prepagas Activas por Operadora,52360,182693,OMP 03
01/05/2022,Cantidad de Tarjetas Prepagas Activas por Operadora,52360,191763,OMP 03
01/06/2022,Cantidad de Tarjetas Prepagas Activas por Operadora,52360,195994,OMP 03
01/07/2022,Cantidad de Tarjetas Prepagas Activas por Operadora,52360,198859,OMP 03
01/08/2022,Cantidad de Tarjetas Prepagas Activas por Operadora,52360,204594,OMP 03
01/09/2022,Cantidad de Tarjetas Prepagas Activas por Operadora,52360,210091,OMP 03
01/10/2022,Cantidad de Tarjetas Prepagas Activas por Operadora,52360,217426,OMP 03
01/11/2022,Cantidad de Tarjetas Prepagas Activas por Operadora,52360,222978,OMP 03
01/12/2022,Cantidad de Tarjetas Prepagas Activas por Operadora,52360,229100,OMP 03
01/01/2023,Cantidad de Tarjetas Prepagas Activas por Operadora,52360,235587,OMP 03
01/02/2023,Cantidad de Tarjetas Prepagas Activas por Operadora,52360,239824,OMP 03
01/03/2023,Cantidad de Tarjetas Prepagas Activas por Operadora,52360,245948,OMP 03
01/04/2023,Cantidad de Tarjetas Prepagas Activas por Operadora,52360,252584,OMP 03
01/05/2023,Cantidad de Tarjetas Prepagas Activas por Operadora,52360,258895,OMP 03
01/06/2023,Cantidad de Tarjetas Prepagas Activas por Operadora,52360,262232,OMP 03
01/07/2023,Cantidad de Tarjetas Prepagas Activas por Operadora,52360,269782,OMP 03
01/08/2023,Cantidad de Tarjetas Prepagas Activas por Operadora,52360,275924,OMP 03
01/09/2023,Cantidad de Tarjetas Prepagas Activas por Operadora,52360,282229,OMP 03
01/10/2023,Cantidad de Tarjetas Prepagas Activas por Operadora,52360,287932,OMP 03
01/11/2023,Cantidad de Tarjetas Prepagas Activas por Operadora,52360,295600,OMP 03
01/12/2023,Cantidad de Tarjetas Prepagas Activas por Operadora,52360,288094,OMP 03
01/01/2024,Cantidad de Tarjetas Prepagas Activas por Operadora,52360,289687,OMP 03
01/02/2024,Cantidad de Tarjetas Prepagas Activas por Operadora,52360,294500,OMP 03
01/03/2024,Cantidad de Tarjetas Prepagas Activas por Operadora,52360,299513,OMP 03
01/04/2024,Cantidad de Tarjetas Prepagas Activas por Operadora,52360,297221,OMP 03
01/05/2024,Cantidad de Tarjetas Prepagas Activas por Operadora,52360,298457,OMP 03
01/06/2024,Cantidad de Tarjetas Prepagas Activas por Operadora,52360,126137,OMP 03
01/07/2024,Cantidad de Tarjetas Prepagas Activas por Operadora,52360,127540,OMP 03
01/08/2024,Cantidad de Tarjetas Prepagas Activas por Operadora,52360,129940,OMP 03
01/09/2024,Cantidad de Tarjetas Prepagas Activas por Operadora,52360,130985,OMP 03
01/10/2024,Cantidad de Tarjetas Prepagas Activas por Operadora,52360,131765,OMP 03
01/11/2024,Cantidad de Tarjetas Prepagas Activas por Operadora,52360,133683,OMP 03
01/12/2024,Cantidad de Tarjetas Prepagas Activas por Operadora,52360,134205,OMP 03
01/01/2025,Cantidad de Tarjetas Prepagas Activas por Operadora,52360,136716,OMP 03
01/02/2025,Cantidad de Tarjetas Prepagas Activas por Operadora,52360,138007,OMP 03
01/03/2025,Cantidad de Tarjetas Prepagas Activas por Operadora,52360,139002,OMP 03
01/04/2025,Cantidad de Tarjetas Prepagas Activas por Operadora,52360,139798,OMP 03
01/05/2025,Cantidad de Tarjetas Prepagas Activas por Operadora,52360,142214,OMP 03
01/06/2025,Cantidad de Tarjetas Prepagas Activas por Operadora,52360,142867,OMP 03
01/07/2025,Cantidad de Tarjetas Prepagas Activas por Operadora,52360,144405,OMP 03
01/08/2025,Cantidad de Tarjetas Prepagas Activas por Operadora,52360,145590,OMP 03
01/09/2025,Cantidad de Tarjetas Prepagas Activas por Operadora,52360,146882,OMP 03
01/10/2025,Cantidad de Tarjetas Prepagas Activas por Operadora,52360,145845,OMP 03
01/11/2025,Cantidad de Tarjetas Prepagas Activas por Operadora,52360,141005,OMP 03
01/12/2025,Cantidad de Tarjetas Prepagas Activas por Operadora,52360,141652,OMP 03
01/01/2026,Cantidad de Tarjetas Prepagas Activas por Operadora,52360,142673,OMP 03
01/02/2026,Cantidad de Tarjetas Prepagas Activas por Operadora,52360,143067,OMP 03
01/03/2026,Cantidad de Tarjetas Prepagas Activas por Operadora,52360,144644,OMP 03
01/02/2018,Cantidad de Tarjetas Prepagas Activas por Operadora,161096,211295,OMP 03
01/03/2018,Cantidad de Tarjetas Prepagas Activas por Operadora,161096,211307,OMP 03
01/04/2018,Cantidad de Tarjetas Prepagas Activas por Operadora,161096,211355,OMP 03
01/05/2018,Cantidad de Tarjetas Prepagas Activas por Operadora,161096,211441,OMP 03
01/06/2018,Cantidad de Tarjetas Prepagas Activas por Operadora,161096,211592,OMP 03
01/07/2018,Cantidad de Tarjetas Prepagas Activas por Operadora,161096,211837,OMP 03
01/08/2018,Cantidad de Tarjetas Prepagas Activas por Operadora,161096,211967,OMP 03
01/09/2018,Cantidad de Tarjetas Prepagas Activas por Operadora,161096,212190,OMP 03
01/10/2018,Cantidad de Tarjetas Prepagas Activas por Operadora,161096,212312,OMP 03
01/11/2018,Cantidad de Tarjetas Prepagas Activas por Operadora,161096,212504,OMP 03
01/12/2018,Cantidad de Tarjetas Prepagas Activas por Operadora,161096,212684,OMP 03
01/01/2019,Cantidad de Tarjetas Prepagas Activas por Operadora,161096,15768,OMP 03
01/02/2019,Cantidad de Tarjetas Prepagas Activas por Operadora,161096,12332,OMP 03
01/03/2019,Cantidad de Tarjetas Prepagas Activas por Operadora,161096,12698,OMP 03
01/04/2019,Cantidad de Tarjetas Prepagas Activas por Operadora,161096,12500,OMP 03
01/05/2019,Cantidad de Tarjetas Prepagas Activas por Operadora,161096,12781,OMP 03
01/06/2019,Cantidad de Tarjetas Prepagas Activas por Operadora,161096,12724,OMP 03
01/07/2019,Cantidad de Tarjetas Prepagas Activas por Operadora,161096,13100,OMP 03
01/08/2019,Cantidad de Tarjetas Prepagas Activas por Operadora,161096,13203,OMP 03
01/09/2019,Cantidad de Tarjetas Prepagas Activas por Operadora,161096,13269,OMP 03
01/10/2019,Cantidad de Tarjetas Prepagas Activas por Operadora,161096,13335,OMP 03
01/11/2019,Cantidad de Tarjetas Prepagas Activas por Operadora,161096,13323,OMP 03
01/12/2019,Cantidad de Tarjetas Prepagas Activas por Operadora,161096,13225,OMP 03
01/01/2020,Cantidad de Tarjetas Prepagas Activas por Operadora,161096,13213,OMP 03
01/02/2020,Cantidad de Tarjetas Prepagas Activas por Operadora,161096,13254,OMP 03
01/03/2020,Cantidad de Tarjetas Prepagas Activas por Operadora,161096,12872,OMP 03
01/04/2020,Cantidad de Tarjetas Prepagas Activas por Operadora,161096,13058,OMP 03
01/05/2020,Cantidad de Tarjetas Prepagas Activas por Operadora,161096,14231,OMP 03
01/06/2020,Cantidad de Tarjetas Prepagas Activas por Operadora,161096,14871,OMP 03
01/07/2020,Cantidad de Tarjetas Prepagas Activas por Operadora,161096,14130,OMP 03
01/08/2020,Cantidad de Tarjetas Prepagas Activas por Operadora,161096,15282,OMP 03
01/09/2020,Cantidad de Tarjetas Prepagas Activas por Operadora,161096,16301,OMP 03
01/10/2020,Cantidad de Tarjetas Prepagas Activas por Operadora,161096,17219,OMP 03
01/11/2020,Cantidad de Tarjetas Prepagas Activas por Operadora,161096,16886,OMP 03
01/12/2020,Cantidad de Tarjetas Prepagas Activas por Operadora,161096,17841,OMP 03
01/01/2021,Cantidad de Tarjetas Prepagas Activas por Operadora,161096,17818,OMP 03
01/02/2021,Cantidad de Tarjetas Prepagas Activas por Operadora,161096,18211,OMP 03
01/03/2021,Cantidad de Tarjetas Prepagas Activas por Operadora,161096,18428,OMP 03
01/04/2021,Cantidad de Tarjetas Prepagas Activas por Operadora,161096,18765,OMP 03
01/05/2021,Cantidad de Tarjetas Prepagas Activas por Operadora,161096,19611,OMP 03
01/06/2021,Cantidad de Tarjetas Prepagas Activas por Operadora,161096,20083,OMP 03
01/07/2021,Cantidad de Tarjetas Prepagas Activas por Operadora,161096,20922,OMP 03
01/08/2021,Cantidad de Tarjetas Prepagas Activas por Operadora,161096,21417,OMP 03
01/09/2021,Cantidad de Tarjetas Prepagas Activas por Operadora,161096,21715,OMP 03
01/10/2021,Cantidad de Tarjetas Prepagas Activas por Operadora,161096,21806,OMP 03
01/11/2021,Cantidad de Tarjetas Prepagas Activas por Operadora,161096,21957,OMP 03
01/12/2021,Cantidad de Tarjetas Prepagas Activas por Operadora,161096,19924,OMP 03
01/01/2022,Cantidad de Tarjetas Prepagas Activas por Operadora,161096,20848,OMP 03
01/02/2022,Cantidad de Tarjetas Prepagas Activas por Operadora,161096,21656,OMP 03
01/03/2022,Cantidad de Tarjetas Prepagas Activas por Operadora,161096,22179,OMP 03
01/04/2022,Cantidad de Tarjetas Prepagas Activas por Operadora,161096,22251,OMP 03
01/05/2022,Cantidad de Tarjetas Prepagas Activas por Operadora,161096,22284,OMP 03
01/06/2022,Cantidad de Tarjetas Prepagas Activas por Operadora,161096,24233,OMP 03
01/07/2022,Cantidad de Tarjetas Prepagas Activas por Operadora,161096,24417,OMP 03
01/08/2022,Cantidad de Tarjetas Prepagas Activas por Operadora,161096,25398,OMP 03
01/09/2022,Cantidad de Tarjetas Prepagas Activas por Operadora,161096,26319,OMP 03
01/10/2022,Cantidad de Tarjetas Prepagas Activas por Operadora,161096,31654,OMP 03
01/11/2022,Cantidad de Tarjetas Prepagas Activas por Operadora,161096,34317,OMP 03
01/12/2022,Cantidad de Tarjetas Prepagas Activas por Operadora,161096,33275,OMP 03
01/01/2023,Cantidad de Tarjetas Prepagas Activas por Operadora,161096,34396,OMP 03
01/02/2023,Cantidad de Tarjetas Prepagas Activas por Operadora,161096,30945,OMP 03
01/03/2023,Cantidad de Tarjetas Prepagas Activas por Operadora,161096,30501,OMP 03
01/04/2023,Cantidad de Tarjetas Prepagas Activas por Operadora,161096,30665,OMP 03
01/05/2023,Cantidad de Tarjetas Prepagas Activas por Operadora,161096,31359,OMP 03
01/06/2023,Cantidad de Tarjetas Prepagas Activas por Operadora,161096,24796,OMP 03
01/07/2023,Cantidad de Tarjetas Prepagas Activas por Operadora,161096,30496,OMP 03
01/08/2023,Cantidad de Tarjetas Prepagas Activas por Operadora,161096,28244,OMP 03
01/09/2023,Cantidad de Tarjetas Prepagas Activas por Operadora,161096,27482,OMP 03
01/10/2023,Cantidad de Tarjetas Prepagas Activas por Operadora,161096,27585,OMP 03
01/11/2023,Cantidad de Tarjetas Prepagas Activas por Operadora,161096,28258,OMP 03
01/12/2023,Cantidad de Tarjetas Prepagas Activas por Operadora,161096,26557,OMP 03
01/01/2024,Cantidad de Tarjetas Prepagas Activas por Operadora,161096,26617,OMP 03
01/02/2024,Cantidad de Tarjetas Prepagas Activas por Operadora,161096,26362,OMP 03
01/03/2024,Cantidad de Tarjetas Prepagas Activas por Operadora,161096,28455,OMP 03
01/04/2024,Cantidad de Tarjetas Prepagas Activas por Operadora,161096,28469,OMP 03
01/05/2024,Cantidad de Tarjetas Prepagas Activas por Operadora,161096,28711,OMP 03
01/06/2024,Cantidad de Tarjetas Prepagas Activas por Operadora,161096,28552,OMP 03
01/07/2024,Cantidad de Tarjetas Prepagas Activas por Operadora,161096,29148,OMP 03
01/08/2024,Cantidad de Tarjetas Prepagas Activas por Operadora,161096,28692,OMP 03
01/09/2024,Cantidad de Tarjetas Prepagas Activas por Operadora,161096,29332,OMP 03
01/10/2024,Cantidad de Tarjetas Prepagas Activas por Operadora,161096,29598,OMP 03
01/11/2024,Cantidad de Tarjetas Prepagas Activas por Operadora,161096,27001,OMP 03
01/12/2024,Cantidad de Tarjetas Prepagas Activas por Operadora,161096,26960,OMP 03
01/01/2025,Cantidad de Tarjetas Prepagas Activas por Operadora,161096,28590,OMP 03
01/02/2025,Cantidad de Tarjetas Prepagas Activas por Operadora,161096,28882,OMP 03
01/03/2025,Cantidad de Tarjetas Prepagas Activas por Operadora,161096,28459,OMP 03
01/04/2025,Cantidad de Tarjetas Prepagas Activas por Operadora,161096,28072,OMP 03
01/05/2025,Cantidad de Tarjetas Prepagas Activas por Operadora,161096,27995,OMP 03
01/06/2025,Cantidad de Tarjetas Prepagas Activas por Operadora,161096,27865,OMP 03
01/07/2025,Cantidad de Tarjetas Prepagas Activas por Operadora,161096,27431,OMP 03
01/08/2025,Cantidad de Tarjetas Prepagas Activas por Operadora,161096,29492,OMP 03
01/09/2025,Cantidad de Tarjetas Prepagas Activas por Operadora,161096,28856,OMP 03
01/10/2025,Cantidad de Tarjetas Prepagas Activas por Operadora,161096,29537,OMP 03
01/11/2025,Cantidad de Tarjetas Prepagas Activas por Operadora,161096,29349,OMP 03
01/12/2025,Cantidad de Tarjetas Prepagas Activas por Operadora,161096,25706,OMP 03
01/01/2026,Cantidad de Tarjetas Prepagas Activas por Operadora,161096,25563,OMP 03
01/02/2026,Cantidad de Tarjetas Prepagas Activas por Operadora,161096,24985,OMP 03
01/03/2026,Cantidad de Tarjetas Prepagas Activas por Operadora,161096,24748,OMP 03
01/02/2018,Cantidad de Tarjetas Prepagas Activas por Operadora,161096,,OMP 03
01/03/2018,Cantidad de Tarjetas Prepagas Activas por Operadora,161096,,OMP 03
01/04/2018,Cantidad de Tarjetas Prepagas Activas por Operadora,161096,,OMP 03
01/05/2018,Cantidad de Tarjetas Prepagas Activas por Operadora,161096,,OMP 03
01/06/2018,Cantidad de Tarjetas Prepagas Activas por Operadora,161096,,OMP 03
01/07/2018,Cantidad de Tarjetas Prepagas Activas por Operadora,161096,,OMP 03
01/08/2018,Cantidad de Tarjetas Prepagas Activas por Operadora,161096,,OMP 03
01/09/2018,Cantidad de Tarjetas Prepagas Activas por Operadora,161096,,OMP 03
01/10/2018,Cantidad de Tarjetas Prepagas Activas por Operadora,161096,,OMP 03
01/11/2018,Cantidad de Tarjetas Prepagas Activas por Operadora,161096,,OMP 03
01/12/2018,Cantidad de Tarjetas Prepagas Activas por Operadora,161096,,OMP 03
01/01/2019,Cantidad de Tarjetas Prepagas Activas por Operadora,161096,,OMP 03
01/02/2019,Cantidad de Tarjetas Prepagas Activas por Operadora,161096,,OMP 03
01/03/2019,Cantidad de Tarjetas Prepagas Activas por Operadora,161096,,OMP 03
01/04/2019,Cantidad de Tarjetas Prepagas Activas por Operadora,161096,,OMP 03
01/05/2019,Cantidad de Tarjetas Prepagas Activas por Operadora,161096,,OMP 03
01/06/2019,Cantidad de Tarjetas Prepagas Activas por Operadora,161096,,OMP 03
01/07/2019,Cantidad de Tarjetas Prepagas Activas por Operadora,161096,,OMP 03
01/08/2019,Cantidad de Tarjetas Prepagas Activas por Operadora,161096,,OMP 03
01/09/2019,Cantidad de Tarjetas Prepagas Activas por Operadora,161096,,OMP 03
01/10/2019,Cantidad de Tarjetas Prepagas Activas por Operadora,161096,,OMP 03
01/11/2019,Cantidad de Tarjetas Prepagas Activas por Operadora,161096,,OMP 03
01/12/2019,Cantidad de Tarjetas Prepagas Activas por Operadora,161096,,OMP 03
01/01/2020,Cantidad de Tarjetas Prepagas Activas por Operadora,161096,,OMP 03
01/02/2020,Cantidad de Tarjetas Prepagas Activas por Operadora,161096,,OMP 03
01/03/2020,Cantidad de Tarjetas Prepagas Activas por Operadora,161096,,OMP 03
01/04/2020,Cantidad de Tarjetas Prepagas Activas por Operadora,161096,,OMP 03
01/05/2020,Cantidad de Tarjetas Prepagas Activas por Operadora,161096,,OMP 03
01/06/2020,Cantidad de Tarjetas Prepagas Activas por Operadora,161096,,OMP 03
01/07/2020,Cantidad de Tarjetas Prepagas Activas por Operadora,161096,,OMP 03
01/08/2020,Cantidad de Tarjetas Prepagas Activas por Operadora,161096,,OMP 03
01/09/2020,Cantidad de Tarjetas Prepagas Activas por Operadora,161096,,OMP 03
01/10/2020,Cantidad de Tarjetas Prepagas Activas por Operadora,161096,,OMP 03
01/11/2020,Cantidad de Tarjetas Prepagas Activas por Operadora,161096,,OMP 03
01/12/2020,Cantidad de Tarjetas Prepagas Activas por Operadora,161096,,OMP 03
01/01/2021,Cantidad de Tarjetas Prepagas Activas por Operadora,161096,,OMP 03
01/02/2021,Cantidad de Tarjetas Prepagas Activas por Operadora,161096,,OMP 03
01/03/2021,Cantidad de Tarjetas Prepagas Activas por Operadora,161096,,OMP 03
01/04/2021,Cantidad de Tarjetas Prepagas Activas por Operadora,161096,,OMP 03
01/05/2021,Cantidad de Tarjetas Prepagas Activas por Operadora,161096,,OMP 03
01/06/2021,Cantidad de Tarjetas Prepagas Activas por Operadora,161096,,OMP 03
01/07/2021,Cantidad de Tarjetas Prepagas Activas por Operadora,161096,,OMP 03
01/08/2021,Cantidad de Tarjetas Prepagas Activas por Operadora,161096,,OMP 03
01/09/2021,Cantidad de Tarjetas Prepagas Activas por Operadora,161096,,OMP 03
01/10/2021,Cantidad de Tarjetas Prepagas Activas por Operadora,161096,,OMP 03
01/11/2021,Cantidad de Tarjetas Prepagas Activas por Operadora,161096,,OMP 03
01/12/2021,Cantidad de Tarjetas Prepagas Activas por Operadora,161096,,OMP 03
01/01/2022,Cantidad de Tarjetas Prepagas Activas por Operadora,161096,,OMP 03
01/02/2022,Cantidad de Tarjetas Prepagas Activas por Operadora,161096,,OMP 03
01/03/2022,Cantidad de Tarjetas Prepagas Activas por Operadora,161096,,OMP 03
01/04/2022,Cantidad de Tarjetas Prepagas Activas por Operadora,161096,,OMP 03
01/05/2022,Cantidad de Tarjetas Prepagas Activas por Operadora,161096,,OMP 03
01/06/2022,Cantidad de Tarjetas Prepagas Activas por Operadora,161096,,OMP 03
01/07/2022,Cantidad de Tarjetas Prepagas Activas por Operadora,161096,,OMP 03
01/08/2022,Cantidad de Tarjetas Prepagas Activas por Operadora,161096,,OMP 03
01/09/2022,Cantidad de Tarjetas Prepagas Activas por Operadora,161096,,OMP 03
01/10/2022,Cantidad de Tarjetas Prepagas Activas por Operadora,161096,,OMP 03
01/11/2022,Cantidad de Tarjetas Prepagas Activas por Operadora,161096,,OMP 03
01/12/2022,Cantidad de Tarjetas Prepagas Activas por Operadora,161096,,OMP 03
01/01/2023,Cantidad de Tarjetas Prepagas Activas por Operadora,161096,,OMP 03
01/02/2023,Cantidad de Tarjetas Prepagas Activas por Operadora,161096,,OMP 03
01/03/2023,Cantidad de Tarjetas Prepagas Activas por Operadora,161096,,OMP 03
01/04/2023,Cantidad de Tarjetas Prepagas Activas por Operadora,161096,,OMP 03
01/05/2023,Cantidad de Tarjetas Prepagas Activas por Operadora,161096,,OMP 03
01/06/2023,Cantidad de Tarjetas Prepagas Activas por Operadora,161096,,OMP 03
01/07/2023,Cantidad de Tarjetas Prepagas Activas por Operadora,161096,,OMP 03
01/08/2023,Cantidad de Tarjetas Prepagas Activas por Operadora,161096,,OMP 03
01/09/2023,Cantidad de Tarjetas Prepagas Activas por Operadora,161096,,OMP 03
01/10/2023,Cantidad de Tarjetas Prepagas Activas por Operadora,161096,,OMP 03
01/11/2023,Cantidad de Tarjetas Prepagas Activas por Operadora,161096,,OMP 03
01/12/2023,Cantidad de Tarjetas Prepagas Activas por Operadora,161096,,OMP 03
01/01/2024,Cantidad de Tarjetas Prepagas Activas por Operadora,161096,,OMP 03
01/02/2024,Cantidad de Tarjetas Prepagas Activas por Operadora,161096,,OMP 03
01/03/2024,Cantidad de Tarjetas Prepagas Activas por Operadora,161096,73152,OMP 03
01/04/2024,Cantidad de Tarjetas Prepagas Activas por Operadora,161096,76515,OMP 03
01/05/2024,Cantidad de Tarjetas Prepagas Activas por Operadora,161096,81458,OMP 03
01/06/2024,Cantidad de Tarjetas Prepagas Activas por Operadora,161096,86939,OMP 03
01/07/2024,Cantidad de Tarjetas Prepagas Activas por Operadora,161096,91727,OMP 03
01/08/2024,Cantidad de Tarjetas Prepagas Activas por Operadora,161096,95437,OMP 03
01/09/2024,Cantidad de Tarjetas Prepagas Activas por Operadora,161096,98791,OMP 03
01/10/2024,Cantidad de Tarjetas Prepagas Activas por Operadora,161096,102298,OMP 03
01/11/2024,Cantidad de Tarjetas Prepagas Activas por Operadora,161096,106221,OMP 03
01/12/2024,Cantidad de Tarjetas Prepagas Activas por Operadora,161096,109152,OMP 03
01/01/2025,Cantidad de Tarjetas Prepagas Activas por Operadora,161096,110712,OMP 03
01/02/2025,Cantidad de Tarjetas Prepagas Activas por Operadora,161096,115785,OMP 03
01/03/2025,Cantidad de Tarjetas Prepagas Activas por Operadora,161096,119123,OMP 03
01/04/2025,Cantidad de Tarjetas Prepagas Activas por Operadora,161096,123695,OMP 03
01/05/2025,Cantidad de Tarjetas Prepagas Activas por Operadora,161096,127065,OMP 03
01/06/2025,Cantidad de Tarjetas Prepagas Activas por Operadora,161096,131130,OMP 03
01/07/2025,Cantidad de Tarjetas Prepagas Activas por Operadora,161096,135166,OMP 03
01/08/2025,Cantidad de Tarjetas Prepagas Activas por Operadora,161096,138799,OMP 03
01/09/2025,Cantidad de Tarjetas Prepagas Activas por Operadora,161096,142590,OMP 03
01/10/2025,Cantidad de Tarjetas Prepagas Activas por Operadora,161096,146123,OMP 03
01/11/2025,Cantidad de Tarjetas Prepagas Activas por Operadora,161096,148552,OMP 03
01/12/2025,Cantidad de Tarjetas Prepagas Activas por Operadora,161096,150646,OMP 03
01/01/2026,Cantidad de Tarjetas Prepagas Activas por Operadora,161096,153783,OMP 03
01/02/2026,Cantidad de Tarjetas Prepagas Activas por Operadora,161096,157690,OMP 03
01/03/2026,Cantidad de Tarjetas Prepagas Activas por Operadora,161096,160714,OMP 03
01/02/2018,Cantidad de Tarjetas Prepagas Activas por Operadora,3856,3816,OMP 03
01/03/2018,Cantidad de Tarjetas Prepagas Activas por Operadora,3856,3858,OMP 03
01/04/2018,Cantidad de Tarjetas Prepagas Activas por Operadora,3856,3744,OMP 03
01/05/2018,Cantidad de Tarjetas Prepagas Activas por Operadora,3856,3691,OMP 03
01/06/2018,Cantidad de Tarjetas Prepagas Activas por Operadora,3856,3853,OMP 03
01/07/2018,Cantidad de Tarjetas Prepagas Activas por Operadora,3856,3791,OMP 03
01/08/2018,Cantidad de Tarjetas Prepagas Activas por Operadora,3856,3734,OMP 03
01/09/2018,Cantidad de Tarjetas Prepagas Activas por Operadora,3856,3844,OMP 03
01/10/2018,Cantidad de Tarjetas Prepagas Activas por Operadora,3856,3784,OMP 03
01/11/2018,Cantidad de Tarjetas Prepagas Activas por Operadora,3856,3744,OMP 03
01/12/2018,Cantidad de Tarjetas Prepagas Activas por Operadora,3856,3772,OMP 03
01/01/2019,Cantidad de Tarjetas Prepagas Activas por Operadora,3856,3656,OMP 03
01/02/2019,Cantidad de Tarjetas Prepagas Activas por Operadora,3856,3623,OMP 03
01/03/2019,Cantidad de Tarjetas Prepagas Activas por Operadora,3856,3648,OMP 03
01/04/2019,Cantidad de Tarjetas Prepagas Activas por Operadora,3856,3521,OMP 03
01/05/2019,Cantidad de Tarjetas Prepagas Activas por Operadora,3856,3476,OMP 03
01/06/2019,Cantidad de Tarjetas Prepagas Activas por Operadora,3856,3543,OMP 03
01/07/2019,Cantidad de Tarjetas Prepagas Activas por Operadora,3856,3433,OMP 03
01/08/2019,Cantidad de Tarjetas Prepagas Activas por Operadora,3856,2516,OMP 03
01/09/2019,Cantidad de Tarjetas Prepagas Activas por Operadora,3856,2219,OMP 03
01/10/2019,Cantidad de Tarjetas Prepagas Activas por Operadora,3856,2211,OMP 03
01/11/2019,Cantidad de Tarjetas Prepagas Activas por Operadora,3856,2213,OMP 03
01/12/2019,Cantidad de Tarjetas Prepagas Activas por Operadora,3856,2015,OMP 03
01/01/2020,Cantidad de Tarjetas Prepagas Activas por Operadora,3856,1947,OMP 03
01/02/2020,Cantidad de Tarjetas Prepagas Activas por Operadora,3856,1851,OMP 03
01/03/2020,Cantidad de Tarjetas Prepagas Activas por Operadora,3856,1843,OMP 03
01/04/2020,Cantidad de Tarjetas Prepagas Activas por Operadora,3856,1838,OMP 03
01/05/2020,Cantidad de Tarjetas Prepagas Activas por Operadora,3856,1815,OMP 03
01/06/2020,Cantidad de Tarjetas Prepagas Activas por Operadora,3856,1815,OMP 03
01/07/2020,Cantidad de Tarjetas Prepagas Activas por Operadora,3856,1797,OMP 03
01/08/2020,Cantidad de Tarjetas Prepagas Activas por Operadora,3856,1729,OMP 03
01/09/2020,Cantidad de Tarjetas Prepagas Activas por Operadora,3856,1705,OMP 03
01/10/2020,Cantidad de Tarjetas Prepagas Activas por Operadora,3856,1628,OMP 03
01/11/2020,Cantidad de Tarjetas Prepagas Activas por Operadora,3856,2063,OMP 03
01/12/2020,Cantidad de Tarjetas Prepagas Activas por Operadora,3856,2154,OMP 03
01/01/2021,Cantidad de Tarjetas Prepagas Activas por Operadora,3856,2159,OMP 03
01/02/2021,Cantidad de Tarjetas Prepagas Activas por Operadora,3856,2125,OMP 03
01/03/2021,Cantidad de Tarjetas Prepagas Activas por Operadora,3856,2069,OMP 03
01/04/2021,Cantidad de Tarjetas Prepagas Activas por Operadora,3856,2056,OMP 03
01/05/2021,Cantidad de Tarjetas Prepagas Activas por Operadora,3856,2092,OMP 03
01/06/2021,Cantidad de Tarjetas Prepagas Activas por Operadora,3856,2030,OMP 03
01/07/2021,Cantidad de Tarjetas Prepagas Activas por Operadora,3856,1918,OMP 03
01/08/2021,Cantidad de Tarjetas Prepagas Activas por Operadora,3856,1860,OMP 03
01/09/2021,Cantidad de Tarjetas Prepagas Activas por Operadora,3856,1904,OMP 03
01/10/2021,Cantidad de Tarjetas Prepagas Activas por Operadora,3856,1855,OMP 03
01/11/2021,Cantidad de Tarjetas Prepagas Activas por Operadora,3856,1998,OMP 03
01/12/2021,Cantidad de Tarjetas Prepagas Activas por Operadora,3856,2075,OMP 03
01/01/2022,Cantidad de Tarjetas Prepagas Activas por Operadora,3856,2085,OMP 03
01/02/2022,Cantidad de Tarjetas Prepagas Activas por Operadora,3856,2084,OMP 03
01/03/2022,Cantidad de Tarjetas Prepagas Activas por Operadora,3856,2079,OMP 03
01/04/2022,Cantidad de Tarjetas Prepagas Activas por Operadora,3856,2055,OMP 03
01/05/2022,Cantidad de Tarjetas Prepagas Activas por Operadora,3856,2052,OMP 03
01/06/2022,Cantidad de Tarjetas Prepagas Activas por Operadora,3856,2052,OMP 03
01/07/2022,Cantidad de Tarjetas Prepagas Activas por Operadora,3856,2057,OMP 03
01/08/2022,Cantidad de Tarjetas Prepagas Activas por Operadora,3856,2283,OMP 03
01/09/2022,Cantidad de Tarjetas Prepagas Activas por Operadora,3856,2306,OMP 03
01/10/2022,Cantidad de Tarjetas Prepagas Activas por Operadora,3856,2323,OMP 03
01/11/2022,Cantidad de Tarjetas Prepagas Activas por Operadora,3856,2446,OMP 03
01/12/2022,Cantidad de Tarjetas Prepagas Activas por Operadora,3856,2563,OMP 03
01/01/2023,Cantidad de Tarjetas Prepagas Activas por Operadora,3856,2595,OMP 03
01/02/2023,Cantidad de Tarjetas Prepagas Activas por Operadora,3856,2668,OMP 03
01/03/2023,Cantidad de Tarjetas Prepagas Activas por Operadora,3856,2691,OMP 03
01/04/2023,Cantidad de Tarjetas Prepagas Activas por Operadora,3856,2735,OMP 03
01/05/2023,Cantidad de Tarjetas Prepagas Activas por Operadora,3856,2751,OMP 03
01/06/2023,Cantidad de Tarjetas Prepagas Activas por Operadora,3856,2702,OMP 03
01/07/2023,Cantidad de Tarjetas Prepagas Activas por Operadora,3856,2689,OMP 03
01/08/2023,Cantidad de Tarjetas Prepagas Activas por Operadora,3856,2687,OMP 03
01/09/2023,Cantidad de Tarjetas Prepagas Activas por Operadora,3856,2663,OMP 03
01/10/2023,Cantidad de Tarjetas Prepagas Activas por Operadora,3856,2678,OMP 03
01/11/2023,Cantidad de Tarjetas Prepagas Activas por Operadora,3856,2699,OMP 03
01/12/2023,Cantidad de Tarjetas Prepagas Activas por Operadora,3856,2792,OMP 03
01/01/2024,Cantidad de Tarjetas Prepagas Activas por Operadora,3856,2811,OMP 03
01/02/2024,Cantidad de Tarjetas Prepagas Activas por Operadora,3856,2838,OMP 03
01/03/2024,Cantidad de Tarjetas Prepagas Activas por Operadora,3856,2844,OMP 03
01/04/2024,Cantidad de Tarjetas Prepagas Activas por Operadora,3856,2849,OMP 03
01/05/2024,Cantidad de Tarjetas Prepagas Activas por Operadora,3856,2818,OMP 03
01/06/2024,Cantidad de Tarjetas Prepagas Activas por Operadora,3856,2823,OMP 03
01/07/2024,Cantidad de Tarjetas Prepagas Activas por Operadora,3856,2836,OMP 03
01/08/2024,Cantidad de Tarjetas Prepagas Activas por Operadora,3856,2816,OMP 03
01/09/2024,Cantidad de Tarjetas Prepagas Activas por Operadora,3856,2787,OMP 03
01/10/2024,Cantidad de Tarjetas Prepagas Activas por Operadora,3856,2802,OMP 03
01/11/2024,Cantidad de Tarjetas Prepagas Activas por Operadora,3856,2823,OMP 03
01/12/2024,Cantidad de Tarjetas Prepagas Activas por Operadora,3856,2991,OMP 03
01/01/2025,Cantidad de Tarjetas Prepagas Activas por Operadora,3856,3037,OMP 03
01/02/2025,Cantidad de Tarjetas Prepagas Activas por Operadora,3856,3142,OMP 03
01/03/2025,Cantidad de Tarjetas Prepagas Activas por Operadora,3856,3162,OMP 03
01/04/2025,Cantidad de Tarjetas Prepagas Activas por Operadora,3856,3168,OMP 03
01/05/2025,Cantidad de Tarjetas Prepagas Activas por Operadora,3856,3165,OMP 03
01/06/2025,Cantidad de Tarjetas Prepagas Activas por Operadora,3856,3168,OMP 03
01/07/2025,Cantidad de Tarjetas Prepagas Activas por Operadora,3856,3162,OMP 03
01/08/2025,Cantidad de Tarjetas Prepagas Activas por Operadora,3856,3166,OMP 03
01/09/2025,Cantidad de Tarjetas Prepagas Activas por Operadora,3856,3161,OMP 03
01/10/2025,Cantidad de Tarjetas Prepagas Activas por Operadora,3856,3182,OMP 03
01/11/2025,Cantidad de Tarjetas Prepagas Activas por Operadora,3856,3038,OMP 03
01/12/2025,Cantidad de Tarjetas Prepagas Activas por Operadora,3856,3064,OMP 03
01/01/2026,Cantidad de Tarjetas Prepagas Activas por Operadora,3856,3087,OMP 03
01/02/2026,Cantidad de Tarjetas Prepagas Activas por Operadora,3856,3095,OMP 03
01/03/2026,Cantidad de Tarjetas Prepagas Activas por Operadora,3856,3068,OMP 03
01/02/2018,Compras en POS con Tarjetas Prepagas,43407,40634,OMP 03
01/03/2018,Compras en POS con Tarjetas Prepagas,43407,44098,OMP 03
01/04/2018,Compras en POS con Tarjetas Prepagas,43407,45948,OMP 03
01/05/2018,Compras en POS con Tarjetas Prepagas,43407,44112,OMP 03
01/06/2018,Compras en POS con Tarjetas Prepagas,43407,42039,OMP 03
01/07/2018,Compras en POS con Tarjetas Prepagas,43407,49423,OMP 03
01/08/2018,Compras en POS con Tarjetas Prepagas,43407,48348,OMP 03
01/09/2018,Compras en POS con Tarjetas Prepagas,43407,44778,OMP 03
01/10/2018,Compras en POS con Tarjetas Prepagas,43407,50987,OMP 03
01/11/2018,Compras en POS con Tarjetas Prepagas,43407,48855,OMP 03
01/12/2018,Compras en POS con Tarjetas Prepagas,43407,47701,OMP 03
01/01/2019,Compras en POS con Tarjetas Prepagas,43407,51363,OMP 03
01/02/2019,Compras en POS con Tarjetas Prepagas,43407,46444,OMP 03
01/03/2019,Compras en POS con Tarjetas Prepagas,43407,51254,OMP 03
01/04/2019,Compras en POS con Tarjetas Prepagas,43407,50384,OMP 03
01/05/2019,Compras en POS con Tarjetas Prepagas,43407,52887,OMP 03
01/06/2019,Compras en POS con Tarjetas Prepagas,43407,48751,OMP 03
01/07/2019,Compras en POS con Tarjetas Prepagas,43407,56028,OMP 03
01/08/2019,Compras en POS con Tarjetas Prepagas,43407,55385,OMP 03
01/09/2019,Compras en POS con Tarjetas Prepagas,43407,56070,OMP 03
01/10/2019,Compras en POS con Tarjetas Prepagas,43407,60268,OMP 03
01/11/2019,Compras en POS con Tarjetas Prepagas,43407,58247,OMP 03
01/12/2019,Compras en POS con Tarjetas Prepagas,43407,59272,OMP 03
01/01/2020,Compras en POS con Tarjetas Prepagas,43407,57300,OMP 03
01/02/2020,Compras en POS con Tarjetas Prepagas,43407,55541,OMP 03
01/03/2020,Compras en POS con Tarjetas Prepagas,43407,43457,OMP 03
01/04/2020,Compras en POS con Tarjetas Prepagas,43407,24726,OMP 03
01/05/2020,Compras en POS con Tarjetas Prepagas,43407,95128,OMP 03
01/06/2020,Compras en POS con Tarjetas Prepagas,43407,118105,OMP 03
01/07/2020,Compras en POS con Tarjetas Prepagas,43407,124378,OMP 03
01/08/2020,Compras en POS con Tarjetas Prepagas,43407,125188,OMP 03
01/09/2020,Compras en POS con Tarjetas Prepagas,43407,122020,OMP 03
01/10/2020,Compras en POS con Tarjetas Prepagas,43407,130646,OMP 03
01/11/2020,Compras en POS con Tarjetas Prepagas,43407,144354,OMP 03
01/12/2020,Compras en POS con Tarjetas Prepagas,43407,151426,OMP 03
01/01/2021,Compras en POS con Tarjetas Prepagas,43407,133067,OMP 03
01/02/2021,Compras en POS con Tarjetas Prepagas,43407,135258,OMP 03
01/03/2021,Compras en POS con Tarjetas Prepagas,43407,148641,OMP 03
01/04/2021,Compras en POS con Tarjetas Prepagas,43407,128067,OMP 03
01/05/2021,Compras en POS con Tarjetas Prepagas,43407,148576,OMP 03
01/06/2021,Compras en POS con Tarjetas Prepagas,43407,148833,OMP 03
01/07/2021,Compras en POS con Tarjetas Prepagas,43407,157692,OMP 03
01/08/2021,Compras en POS con Tarjetas Prepagas,43407,171928,OMP 03
01/09/2021,Compras en POS con Tarjetas Prepagas,43407,166530,OMP 03
01/10/2021,Compras en POS con Tarjetas Prepagas,43407,169143,OMP 03
01/11/2021,Compras en POS con Tarjetas Prepagas,43407,191275,OMP 03
01/12/2021,Compras en POS con Tarjetas Prepagas,43407,207625,OMP 03
01/01/2022,Compras en POS con Tarjetas Prepagas,43407,189939,OMP 03
01/02/2022,Compras en POS con Tarjetas Prepagas,43407,163829,OMP 03
01/03/2022,Compras en POS con Tarjetas Prepagas,43407,221954,OMP 03
01/04/2022,Compras en POS con Tarjetas Prepagas,43407,189869,OMP 03
01/05/2022,Compras en POS con Tarjetas Prepagas,43407,218596,OMP 03
01/06/2022,Compras en POS con Tarjetas Prepagas,43407,206584,OMP 03
01/07/2022,Compras en POS con Tarjetas Prepagas,43407,212128,OMP 03
01/08/2022,Compras en POS con Tarjetas Prepagas,43407,234739,OMP 03
01/09/2022,Compras en POS con Tarjetas Prepagas,43407,216594,OMP 03
01/10/2022,Compras en POS con Tarjetas Prepagas,43407,221553,OMP 03
01/11/2022,Compras en POS con Tarjetas Prepagas,43407,207171,OMP 03
01/12/2022,Compras en POS con Tarjetas Prepagas,43407,215877,OMP 03
01/01/2023,Compras en POS con Tarjetas Prepagas,43407,206558,OMP 03
01/02/2023,Compras en POS con Tarjetas Prepagas,43407,182052,OMP 03
01/03/2023,Compras en POS con Tarjetas Prepagas,43407,201516,OMP 03
01/04/2023,Compras en POS con Tarjetas Prepagas,43407,170711,OMP 03
01/05/2023,Compras en POS con Tarjetas Prepagas,43407,201141,OMP 03
01/06/2023,Compras en POS con Tarjetas Prepagas,43407,184265,OMP 03
01/07/2023,Compras en POS con Tarjetas Prepagas,43407,189173,OMP 03
01/08/2023,Compras en POS con Tarjetas Prepagas,43407,184729,OMP 03
01/09/2023,Compras en POS con Tarjetas Prepagas,43407,173347,OMP 03
01/10/2023,Compras en POS con Tarjetas Prepagas,43407,198979,OMP 03
01/11/2023,Compras en POS con Tarjetas Prepagas,43407,174384,OMP 03
01/12/2023,Compras en POS con Tarjetas Prepagas,43407,173221,OMP 03
01/01/2024,Compras en POS con Tarjetas Prepagas,43407,176171,OMP 03
01/02/2024,Compras en POS con Tarjetas Prepagas,43407,154098,OMP 03
01/03/2024,Compras en POS con Tarjetas Prepagas,43407,125070,OMP 03
01/04/2024,Compras en POS con Tarjetas Prepagas,43407,145788,OMP 03
01/05/2024,Compras en POS con Tarjetas Prepagas,43407,130144,OMP 03
01/06/2024,Compras en POS con Tarjetas Prepagas,43407,132167,OMP 03
01/07/2024,Compras en POS con Tarjetas Prepagas,43407,136332,OMP 03
01/08/2024,Compras en POS con Tarjetas Prepagas,43407,134095,OMP 03
01/09/2024,Compras en POS con Tarjetas Prepagas,43407,129164,OMP 03
01/10/2024,Compras en POS con Tarjetas Prepagas,43407,140927,OMP 03
01/11/2024,Compras en POS con Tarjetas Prepagas,43407,120029,OMP 03
01/12/2024,Compras en POS con Tarjetas Prepagas,43407,127749,OMP 03
01/01/2025,Compras en POS con Tarjetas Prepagas,43407,114299,OMP 03
01/02/2025,Compras en POS con Tarjetas Prepagas,43407,110721,OMP 03
01/03/2025,Compras en POS con Tarjetas Prepagas,43407,128050,OMP 03
01/04/2025,Compras en POS con Tarjetas Prepagas,43407,110847,OMP 03
01/05/2025,Compras en POS con Tarjetas Prepagas,43407,117133,OMP 03
01/06/2025,Compras en POS con Tarjetas Prepagas,43407,118255,OMP 03
01/07/2025,Compras en POS con Tarjetas Prepagas,43407,118134,OMP 03
01/08/2025,Compras en POS con Tarjetas Prepagas,43407,120598,OMP 03
01/09/2025,Compras en POS con Tarjetas Prepagas,43407,127144,OMP 03
01/10/2025,Compras en POS con Tarjetas Prepagas,43407,130557,OMP 03
01/11/2025,Compras en POS con Tarjetas Prepagas,43407,110122,OMP 03
01/12/2025,Compras en POS con Tarjetas Prepagas,43407,117807,OMP 03
01/01/2026,Compras en POS con Tarjetas Prepagas,43407,107509,OMP 03
01/02/2026,Compras en POS con Tarjetas Prepagas,43407,108578,OMP 03
01/03/2026,Compras en POS con Tarjetas Prepagas,43407,126061,OMP 03
01/02/2018,Compras en POS con Tarjetas Prepagas,3722267320,3444120605,OMP 03
01/03/2018,Compras en POS con Tarjetas Prepagas,3722267320,3871012922,OMP 03
01/04/2018,Compras en POS con Tarjetas Prepagas,3722267320,3776188691,OMP 03
01/05/2018,Compras en POS con Tarjetas Prepagas,3722267320,3712327927,OMP 03
01/06/2018,Compras en POS con Tarjetas Prepagas,3722267320,3492969787,OMP 03
01/07/2018,Compras en POS con Tarjetas Prepagas,3722267320,3994858394,OMP 03
01/08/2018,Compras en POS con Tarjetas Prepagas,3722267320,4002390123,OMP 03
01/09/2018,Compras en POS con Tarjetas Prepagas,3722267320,3676903107,OMP 03
01/10/2018,Compras en POS con Tarjetas Prepagas,3722267320,4167114792,OMP 03
01/11/2018,Compras en POS con Tarjetas Prepagas,3722267320,4155486256,OMP 03
01/12/2018,Compras en POS con Tarjetas Prepagas,3722267320,4675611137,OMP 03
01/01/2019,Compras en POS con Tarjetas Prepagas,3722267320,4387529184,OMP 03
01/02/2019,Compras en POS con Tarjetas Prepagas,3722267320,3941179988,OMP 03
01/03/2019,Compras en POS con Tarjetas Prepagas,3722267320,4188165441,OMP 03
01/04/2019,Compras en POS con Tarjetas Prepagas,3722267320,4147311943,OMP 03
01/05/2019,Compras en POS con Tarjetas Prepagas,3722267320,4331424998,OMP 03
01/06/2019,Compras en POS con Tarjetas Prepagas,3722267320,3928757942,OMP 03
01/07/2019,Compras en POS con Tarjetas Prepagas,3722267320,4392339561,OMP 03
01/08/2019,Compras en POS con Tarjetas Prepagas,3722267320,4384787282,OMP 03
01/09/2019,Compras en POS con Tarjetas Prepagas,3722267320,4452026661,OMP 03
01/10/2019,Compras en POS con Tarjetas Prepagas,3722267320,4601230083,OMP 03
01/11/2019,Compras en POS con Tarjetas Prepagas,3722267320,4521158115,OMP 03
01/12/2019,Compras en POS con Tarjetas Prepagas,3722267320,5321268396,OMP 03
01/01/2020,Compras en POS con Tarjetas Prepagas,3722267320,4691713943,OMP 03
01/02/2020,Compras en POS con Tarjetas Prepagas,3722267320,4695318903,OMP 03
01/03/2020,Compras en POS con Tarjetas Prepagas,3722267320,3997136186,OMP 03
01/04/2020,Compras en POS con Tarjetas Prepagas,3722267320,2918134572,OMP 03
01/05/2020,Compras en POS con Tarjetas Prepagas,3722267320,13062786747,OMP 03
01/06/2020,Compras en POS con Tarjetas Prepagas,3722267320,15358707477,OMP 03
01/07/2020,Compras en POS con Tarjetas Prepagas,3722267320,15093025776,OMP 03
01/08/2020,Compras en POS con Tarjetas Prepagas,3722267320,15532882878,OMP 03
01/09/2020,Compras en POS con Tarjetas Prepagas,3722267320,15027738248,OMP 03
01/10/2020,Compras en POS con Tarjetas Prepagas,3722267320,15010370211,OMP 03
01/11/2020,Compras en POS con Tarjetas Prepagas,3722267320,16873484383,OMP 03
01/12/2020,Compras en POS con Tarjetas Prepagas,3722267320,20071494984,OMP 03
01/01/2021,Compras en POS con Tarjetas Prepagas,3722267320,14808692841,OMP 03
01/02/2021,Compras en POS con Tarjetas Prepagas,3722267320,15328906399,OMP 03
01/03/2021,Compras en POS con Tarjetas Prepagas,3722267320,18015202542,OMP 03
01/04/2021,Compras en POS con Tarjetas Prepagas,3722267320,13961335274,OMP 03
01/05/2021,Compras en POS con Tarjetas Prepagas,3722267320,17008842992,OMP 03
01/06/2021,Compras en POS con Tarjetas Prepagas,3722267320,16388538802,OMP 03
01/07/2021,Compras en POS con Tarjetas Prepagas,3722267320,16087369057,OMP 03
01/08/2021,Compras en POS con Tarjetas Prepagas,3722267320,17560862719,OMP 03
01/09/2021,Compras en POS con Tarjetas Prepagas,3722267320,16209886696,OMP 03
01/10/2021,Compras en POS con Tarjetas Prepagas,3722267320,15844966921,OMP 03
01/11/2021,Compras en POS con Tarjetas Prepagas,3722267320,18444580255,OMP 03
01/12/2021,Compras en POS con Tarjetas Prepagas,3722267320,22118333677,OMP 03
01/01/2022,Compras en POS con Tarjetas Prepagas,3722267320,19146590071,OMP 03
01/02/2022,Compras en POS con Tarjetas Prepagas,3722267320,15228140586,OMP 03
01/03/2022,Compras en POS con Tarjetas Prepagas,3722267320,20891854399,OMP 03
01/04/2022,Compras en POS con Tarjetas Prepagas,3722267320,17577111424,OMP 03
01/05/2022,Compras en POS con Tarjetas Prepagas,3722267320,20941694226,OMP 03
01/06/2022,Compras en POS con Tarjetas Prepagas,3722267320,17346732224,OMP 03
01/07/2022,Compras en POS con Tarjetas Prepagas,3722267320,19320037456,OMP 03
01/08/2022,Compras en POS con Tarjetas Prepagas,3722267320,21666044063,OMP 03
01/09/2022,Compras en POS con Tarjetas Prepagas,3722267320,18776564519,OMP 03
01/10/2022,Compras en POS con Tarjetas Prepagas,3722267320,20296974119,OMP 03
01/11/2022,Compras en POS con Tarjetas Prepagas,3722267320,18707031452,OMP 03
01/12/2022,Compras en POS con Tarjetas Prepagas,3722267320,23450486040,OMP 03
01/01/2023,Compras en POS con Tarjetas Prepagas,3722267320,20278309993,OMP 03
01/02/2023,Compras en POS con Tarjetas Prepagas,3722267320,17430662009,OMP 03
01/03/2023,Compras en POS con Tarjetas Prepagas,3722267320,18299245154,OMP 03
01/04/2023,Compras en POS con Tarjetas Prepagas,3722267320,16416935432,OMP 03
01/05/2023,Compras en POS con Tarjetas Prepagas,3722267320,19363902340,OMP 03
01/06/2023,Compras en POS con Tarjetas Prepagas,3722267320,16944628833,OMP 03
01/07/2023,Compras en POS con Tarjetas Prepagas,3722267320,18274467915,OMP 03
01/08/2023,Compras en POS con Tarjetas Prepagas,3722267320,16490150370,OMP 03
01/09/2023,Compras en POS con Tarjetas Prepagas,3722267320,16077703114,OMP 03
01/10/2023,Compras en POS con Tarjetas Prepagas,3722267320,19170952729,OMP 03
01/11/2023,Compras en POS con Tarjetas Prepagas,3722267320,16988870636,OMP 03
01/12/2023,Compras en POS con Tarjetas Prepagas,3722267320,20905105983,OMP 03
01/01/2024,Compras en POS con Tarjetas Prepagas,3722267320,18706890099,OMP 03
01/02/2024,Compras en POS con Tarjetas Prepagas,3722267320,14570736487,OMP 03
01/03/2024,Compras en POS con Tarjetas Prepagas,3722267320,10246465328,OMP 03
01/04/2024,Compras en POS con Tarjetas Prepagas,3722267320,11652821805,OMP 03
01/05/2024,Compras en POS con Tarjetas Prepagas,3722267320,11290403534,OMP 03
01/06/2024,Compras en POS con Tarjetas Prepagas,3722267320,11159773540,OMP 03
01/07/2024,Compras en POS con Tarjetas Prepagas,3722267320,12198038133,OMP 03
01/08/2024,Compras en POS con Tarjetas Prepagas,3722267320,11452771229,OMP 03
01/09/2024,Compras en POS con Tarjetas Prepagas,3722267320,10816428123,OMP 03
01/10/2024,Compras en POS con Tarjetas Prepagas,3722267320,12030624921,OMP 03
01/11/2024,Compras en POS con Tarjetas Prepagas,3722267320,10632754280,OMP 03
01/12/2024,Compras en POS con Tarjetas Prepagas,3722267320,13921135675,OMP 03
01/01/2025,Compras en POS con Tarjetas Prepagas,3722267320,11116845245,OMP 03
01/02/2025,Compras en POS con Tarjetas Prepagas,3722267320,10552417663,OMP 03
01/03/2025,Compras en POS con Tarjetas Prepagas,3722267320,11906494643,OMP 03
01/04/2025,Compras en POS con Tarjetas Prepagas,3722267320,10521840485,OMP 03
01/05/2025,Compras en POS con Tarjetas Prepagas,3722267320,11546364950,OMP 03
01/06/2025,Compras en POS con Tarjetas Prepagas,3722267320,11895183098,OMP 03
01/07/2025,Compras en POS con Tarjetas Prepagas,3722267320,12078745270,OMP 03
01/08/2025,Compras en POS con Tarjetas Prepagas,3722267320,11471998170,OMP 03
01/09/2025,Compras en POS con Tarjetas Prepagas,3722267320,11865336407,OMP 03
01/10/2025,Compras en POS con Tarjetas Prepagas,3722267320,11949695540,OMP 03
01/11/2025,Compras en POS con Tarjetas Prepagas,3722267320,11107134841,OMP 03
01/12/2025,Compras en POS con Tarjetas Prepagas,3722267320,14419930288,OMP 03
01/01/2026,Compras en POS con Tarjetas Prepagas,3722267320,11515281639,OMP 03
01/02/2026,Compras en POS con Tarjetas Prepagas,3722267320,11213042081,OMP 03
01/03/2026,Compras en POS con Tarjetas Prepagas,3722267320,12586386818,OMP 03
01/02/2018,Compras en Internet con Tarjetas Prepagas,998,884,OMP 03
01/03/2018,Compras en Internet con Tarjetas Prepagas,998,922,OMP 03
01/04/2018,Compras en Internet con Tarjetas Prepagas,998,1299,OMP 03
01/05/2018,Compras en Internet con Tarjetas Prepagas,998,1143,OMP 03
01/06/2018,Compras en Internet con Tarjetas Prepagas,998,975,OMP 03
01/07/2018,Compras en Internet con Tarjetas Prepagas,998,1306,OMP 03
01/08/2018,Compras en Internet con Tarjetas Prepagas,998,1389,OMP 03
01/09/2018,Compras en Internet con Tarjetas Prepagas,998,1219,OMP 03
01/10/2018,Compras en Internet con Tarjetas Prepagas,998,1572,OMP 03
01/11/2018,Compras en Internet con Tarjetas Prepagas,998,1679,OMP 03
01/12/2018,Compras en Internet con Tarjetas Prepagas,998,1576,OMP 03
01/01/2019,Compras en Internet con Tarjetas Prepagas,998,2037,OMP 03
01/02/2019,Compras en Internet con Tarjetas Prepagas,998,1833,OMP 03
01/03/2019,Compras en Internet con Tarjetas Prepagas,998,1974,OMP 03
01/04/2019,Compras en Internet con Tarjetas Prepagas,998,2239,OMP 03
01/05/2019,Compras en Internet con Tarjetas Prepagas,998,2087,OMP 03
01/06/2019,Compras en Internet con Tarjetas Prepagas,998,1906,OMP 03
01/07/2019,Compras en Internet con Tarjetas Prepagas,998,2494,OMP 03
01/08/2019,Compras en Internet con Tarjetas Prepagas,998,2477,OMP 03
01/09/2019,Compras en Internet con Tarjetas Prepagas,998,2414,OMP 03
01/10/2019,Compras en Internet con Tarjetas Prepagas,998,2901,OMP 03
01/11/2019,Compras en Internet con Tarjetas Prepagas,998,2890,OMP 03
01/12/2019,Compras en Internet con Tarjetas Prepagas,998,3375,OMP 03
01/01/2020,Compras en Internet con Tarjetas Prepagas,998,3321,OMP 03
01/02/2020,Compras en Internet con Tarjetas Prepagas,998,3253,OMP 03
01/03/2020,Compras en Internet con Tarjetas Prepagas,998,3493,OMP 03
01/04/2020,Compras en Internet con Tarjetas Prepagas,998,4183,OMP 03
01/05/2020,Compras en Internet con Tarjetas Prepagas,998,5473,OMP 03
01/06/2020,Compras en Internet con Tarjetas Prepagas,998,6878,OMP 03
01/07/2020,Compras en Internet con Tarjetas Prepagas,998,7634,OMP 03
01/08/2020,Compras en Internet con Tarjetas Prepagas,998,7947,OMP 03
01/09/2020,Compras en Internet con Tarjetas Prepagas,998,7886,OMP 03
01/10/2020,Compras en Internet con Tarjetas Prepagas,998,8764,OMP 03
01/11/2020,Compras en Internet con Tarjetas Prepagas,998,10899,OMP 03
01/12/2020,Compras en Internet con Tarjetas Prepagas,998,11822,OMP 03
01/01/2021,Compras en Internet con Tarjetas Prepagas,998,11181,OMP 03
01/02/2021,Compras en Internet con Tarjetas Prepagas,998,11350,OMP 03
01/03/2021,Compras en Internet con Tarjetas Prepagas,998,13989,OMP 03
01/04/2021,Compras en Internet con Tarjetas Prepagas,998,107441,OMP 03
01/05/2021,Compras en Internet con Tarjetas Prepagas,998,204175,OMP 03
01/06/2021,Compras en Internet con Tarjetas Prepagas,998,19020,OMP 03
01/07/2021,Compras en Internet con Tarjetas Prepagas,998,25299,OMP 03
01/08/2021,Compras en Internet con Tarjetas Prepagas,998,27838,OMP 03
01/09/2021,Compras en Internet con Tarjetas Prepagas,998,26622,OMP 03
01/10/2021,Compras en Internet con Tarjetas Prepagas,998,25223,OMP 03
01/11/2021,Compras en Internet con Tarjetas Prepagas,998,29820,OMP 03
01/12/2021,Compras en Internet con Tarjetas Prepagas,998,30131,OMP 03
01/01/2022,Compras en Internet con Tarjetas Prepagas,998,27177,OMP 03
01/02/2022,Compras en Internet con Tarjetas Prepagas,998,22128,OMP 03
01/03/2022,Compras en Internet con Tarjetas Prepagas,998,30683,OMP 03
01/04/2022,Compras en Internet con Tarjetas Prepagas,998,26546,OMP 03
01/05/2022,Compras en Internet con Tarjetas Prepagas,998,28102,OMP 03
01/06/2022,Compras en Internet con Tarjetas Prepagas,998,27800,OMP 03
01/07/2022,Compras en Internet con Tarjetas Prepagas,998,26981,OMP 03
01/08/2022,Compras en Internet con Tarjetas Prepagas,998,32328,OMP 03
01/09/2022,Compras en Internet con Tarjetas Prepagas,998,32684,OMP 03
01/10/2022,Compras en Internet con Tarjetas Prepagas,998,34214,OMP 03
01/11/2022,Compras en Internet con Tarjetas Prepagas,998,28898,OMP 03
01/12/2022,Compras en Internet con Tarjetas Prepagas,998,27687,OMP 03
01/01/2023,Compras en Internet con Tarjetas Prepagas,998,29658,OMP 03
01/02/2023,Compras en Internet con Tarjetas Prepagas,998,25261,OMP 03
01/03/2023,Compras en Internet con Tarjetas Prepagas,998,29127,OMP 03
01/04/2023,Compras en Internet con Tarjetas Prepagas,998,32367,OMP 03
01/05/2023,Compras en Internet con Tarjetas Prepagas,998,30659,OMP 03
01/06/2023,Compras en Internet con Tarjetas Prepagas,998,28578,OMP 03
01/07/2023,Compras en Internet con Tarjetas Prepagas,998,30152,OMP 03
01/08/2023,Compras en Internet con Tarjetas Prepagas,998,28429,OMP 03
01/09/2023,Compras en Internet con Tarjetas Prepagas,998,30146,OMP 03
01/10/2023,Compras en Internet con Tarjetas Prepagas,998,40078,OMP 03
01/11/2023,Compras en Internet con Tarjetas Prepagas,998,38538,OMP 03
01/12/2023,Compras en Internet con Tarjetas Prepagas,998,35754,OMP 03
01/01/2024,Compras en Internet con Tarjetas Prepagas,998,39175,OMP 03
01/02/2024,Compras en Internet con Tarjetas Prepagas,998,40185,OMP 03
01/03/2024,Compras en Internet con Tarjetas Prepagas,998,37071,OMP 03
01/04/2024,Compras en Internet con Tarjetas Prepagas,998,41952,OMP 03
01/05/2024,Compras en Internet con Tarjetas Prepagas,998,37879,OMP 03
01/06/2024,Compras en Internet con Tarjetas Prepagas,998,33242,OMP 03
01/07/2024,Compras en Internet con Tarjetas Prepagas,998,19442,OMP 03
01/08/2024,Compras en Internet con Tarjetas Prepagas,998,18511,OMP 03
01/09/2024,Compras en Internet con Tarjetas Prepagas,998,17853,OMP 03
01/10/2024,Compras en Internet con Tarjetas Prepagas,998,21914,OMP 03
01/11/2024,Compras en Internet con Tarjetas Prepagas,998,19991,OMP 03
01/12/2024,Compras en Internet con Tarjetas Prepagas,998,19964,OMP 03
01/01/2025,Compras en Internet con Tarjetas Prepagas,998,17263,OMP 03
01/02/2025,Compras en Internet con Tarjetas Prepagas,998,16841,OMP 03
01/03/2025,Compras en Internet con Tarjetas Prepagas,998,19712,OMP 03
01/04/2025,Compras en Internet con Tarjetas Prepagas,998,21446,OMP 03
01/05/2025,Compras en Internet con Tarjetas Prepagas,998,21704,OMP 03
01/06/2025,Compras en Internet con Tarjetas Prepagas,998,22014,OMP 03
01/07/2025,Compras en Internet con Tarjetas Prepagas,998,22535,OMP 03
01/08/2025,Compras en Internet con Tarjetas Prepagas,998,21770,OMP 03
01/09/2025,Compras en Internet con Tarjetas Prepagas,998,21301,OMP 03
01/10/2025,Compras en Internet con Tarjetas Prepagas,998,21483,OMP 03
01/11/2025,Compras en Internet con Tarjetas Prepagas,998,19508,OMP 03
01/12/2025,Compras en Internet con Tarjetas Prepagas,998,21029,OMP 03
01/01/2026,Compras en Internet con Tarjetas Prepagas,998,17907,OMP 03
01/02/2026,Compras en Internet con Tarjetas Prepagas,998,17455,OMP 03
01/03/2026,Compras en Internet con Tarjetas Prepagas,998,19566,OMP 03
01/02/2018,Compras en Internet con Tarjetas Prepagas,68756571,72472071,OMP 03
01/03/2018,Compras en Internet con Tarjetas Prepagas,68756571,81391123,OMP 03
01/04/2018,Compras en Internet con Tarjetas Prepagas,68756571,98575734,OMP 03
01/05/2018,Compras en Internet con Tarjetas Prepagas,68756571,81240566,OMP 03
01/06/2018,Compras en Internet con Tarjetas Prepagas,68756571,87149036,OMP 03
01/07/2018,Compras en Internet con Tarjetas Prepagas,68756571,97331279,OMP 03
01/08/2018,Compras en Internet con Tarjetas Prepagas,68756571,72520043,OMP 03
01/09/2018,Compras en Internet con Tarjetas Prepagas,68756571,67691063,OMP 03
01/10/2018,Compras en Internet con Tarjetas Prepagas,68756571,143174565,OMP 03
01/11/2018,Compras en Internet con Tarjetas Prepagas,68756571,150760784,OMP 03
01/12/2018,Compras en Internet con Tarjetas Prepagas,68756571,115463055,OMP 03
01/01/2019,Compras en Internet con Tarjetas Prepagas,68756571,244464980,OMP 03
01/02/2019,Compras en Internet con Tarjetas Prepagas,68756571,154417936,OMP 03
01/03/2019,Compras en Internet con Tarjetas Prepagas,68756571,164016104,OMP 03
01/04/2019,Compras en Internet con Tarjetas Prepagas,68756571,181686676,OMP 03
01/05/2019,Compras en Internet con Tarjetas Prepagas,68756571,164592069,OMP 03
01/06/2019,Compras en Internet con Tarjetas Prepagas,68756571,149955148,OMP 03
01/07/2019,Compras en Internet con Tarjetas Prepagas,68756571,251013140,OMP 03
01/08/2019,Compras en Internet con Tarjetas Prepagas,68756571,281716349,OMP 03
01/09/2019,Compras en Internet con Tarjetas Prepagas,68756571,218917559,OMP 03
01/10/2019,Compras en Internet con Tarjetas Prepagas,68756571,265322468,OMP 03
01/11/2019,Compras en Internet con Tarjetas Prepagas,68756571,372943602,OMP 03
01/12/2019,Compras en Internet con Tarjetas Prepagas,68756571,450963108,OMP 03
01/01/2020,Compras en Internet con Tarjetas Prepagas,68756571,360264279,OMP 03
01/02/2020,Compras en Internet con Tarjetas Prepagas,68756571,399096640,OMP 03
01/03/2020,Compras en Internet con Tarjetas Prepagas,68756571,300065787,OMP 03
01/04/2020,Compras en Internet con Tarjetas Prepagas,68756571,353109706,OMP 03
01/05/2020,Compras en Internet con Tarjetas Prepagas,68756571,595273022,OMP 03
01/06/2020,Compras en Internet con Tarjetas Prepagas,68756571,575005043,OMP 03
01/07/2020,Compras en Internet con Tarjetas Prepagas,68756571,582816258,OMP 03
01/08/2020,Compras en Internet con Tarjetas Prepagas,68756571,600855923,OMP 03
01/09/2020,Compras en Internet con Tarjetas Prepagas,68756571,698653216,OMP 03
01/10/2020,Compras en Internet con Tarjetas Prepagas,68756571,690124809,OMP 03
01/11/2020,Compras en Internet con Tarjetas Prepagas,68756571,846174986,OMP 03
01/12/2020,Compras en Internet con Tarjetas Prepagas,68756571,881637420,OMP 03
01/01/2021,Compras en Internet con Tarjetas Prepagas,68756571,790826842,OMP 03
01/02/2021,Compras en Internet con Tarjetas Prepagas,68756571,746142253,OMP 03
01/03/2021,Compras en Internet con Tarjetas Prepagas,68756571,974205034,OMP 03
01/04/2021,Compras en Internet con Tarjetas Prepagas,68756571,1501982564,OMP 03
01/05/2021,Compras en Internet con Tarjetas Prepagas,68756571,2191138009,OMP 03
01/06/2021,Compras en Internet con Tarjetas Prepagas,68756571,1205065703,OMP 03
01/07/2021,Compras en Internet con Tarjetas Prepagas,68756571,1216567771,OMP 03
01/08/2021,Compras en Internet con Tarjetas Prepagas,68756571,1496898024,OMP 03
01/09/2021,Compras en Internet con Tarjetas Prepagas,68756571,1425934926,OMP 03
01/10/2021,Compras en Internet con Tarjetas Prepagas,68756571,1408736562,OMP 03
01/11/2021,Compras en Internet con Tarjetas Prepagas,68756571,1807271583,OMP 03
01/12/2021,Compras en Internet con Tarjetas Prepagas,68756571,1745569083,OMP 03
01/01/2022,Compras en Internet con Tarjetas Prepagas,68756571,1570368348,OMP 03
01/02/2022,Compras en Internet con Tarjetas Prepagas,68756571,1351973402,OMP 03
01/03/2022,Compras en Internet con Tarjetas Prepagas,68756571,1900249819,OMP 03
01/04/2022,Compras en Internet con Tarjetas Prepagas,68756571,1577601720,OMP 03
01/05/2022,Compras en Internet con Tarjetas Prepagas,68756571,1695392585,OMP 03
01/06/2022,Compras en Internet con Tarjetas Prepagas,68756571,1645431740,OMP 03
01/07/2022,Compras en Internet con Tarjetas Prepagas,68756571,1701443474,OMP 03
01/08/2022,Compras en Internet con Tarjetas Prepagas,68756571,1960079120,OMP 03
01/09/2022,Compras en Internet con Tarjetas Prepagas,68756571,2051209135,OMP 03
01/10/2022,Compras en Internet con Tarjetas Prepagas,68756571,2556855298,OMP 03
01/11/2022,Compras en Internet con Tarjetas Prepagas,68756571,2290758081,OMP 03
01/12/2022,Compras en Internet con Tarjetas Prepagas,68756571,2228564972,OMP 03
01/01/2023,Compras en Internet con Tarjetas Prepagas,68756571,2141182915,OMP 03
01/02/2023,Compras en Internet con Tarjetas Prepagas,68756571,1968247881,OMP 03
01/03/2023,Compras en Internet con Tarjetas Prepagas,68756571,2602592372,OMP 03
01/04/2023,Compras en Internet con Tarjetas Prepagas,68756571,2675849689,OMP 03
01/05/2023,Compras en Internet con Tarjetas Prepagas,68756571,2887361831,OMP 03
01/06/2023,Compras en Internet con Tarjetas Prepagas,68756571,2525549717,OMP 03
01/07/2023,Compras en Internet con Tarjetas Prepagas,68756571,2853112874,OMP 03
01/08/2023,Compras en Internet con Tarjetas Prepagas,68756571,2657798269,OMP 03
01/09/2023,Compras en Internet con Tarjetas Prepagas,68756571,2273637901,OMP 03
01/10/2023,Compras en Internet con Tarjetas Prepagas,68756571,2638106626,OMP 03
01/11/2023,Compras en Internet con Tarjetas Prepagas,68756571,2928436529,OMP 03
01/12/2023,Compras en Internet con Tarjetas Prepagas,68756571,2731097456,OMP 03
01/01/2024,Compras en Internet con Tarjetas Prepagas,68756571,2787322881,OMP 03
01/02/2024,Compras en Internet con Tarjetas Prepagas,68756571,2752765055,OMP 03
01/03/2024,Compras en Internet con Tarjetas Prepagas,68756571,2532968001,OMP 03
01/04/2024,Compras en Internet con Tarjetas Prepagas,68756571,2749757276,OMP 03
01/05/2024,Compras en Internet con Tarjetas Prepagas,68756571,2437239916,OMP 03
01/06/2024,Compras en Internet con Tarjetas Prepagas,68756571,2184128824,OMP 03
01/07/2024,Compras en Internet con Tarjetas Prepagas,68756571,1127051949,OMP 03
01/08/2024,Compras en Internet con Tarjetas Prepagas,68756571,1013118537,OMP 03
01/09/2024,Compras en Internet con Tarjetas Prepagas,68756571,998552124,OMP 03
01/10/2024,Compras en Internet con Tarjetas Prepagas,68756571,1181345058,OMP 03
01/11/2024,Compras en Internet con Tarjetas Prepagas,68756571,1065108248,OMP 03
01/12/2024,Compras en Internet con Tarjetas Prepagas,68756571,1105009110,OMP 03
01/01/2025,Compras en Internet con Tarjetas Prepagas,68756571,968362471,OMP 03
01/02/2025,Compras en Internet con Tarjetas Prepagas,68756571,961086221,OMP 03
01/03/2025,Compras en Internet con Tarjetas Prepagas,68756571,1092031463,OMP 03
01/04/2025,Compras en Internet con Tarjetas Prepagas,68756571,1067877372,OMP 03
01/05/2025,Compras en Internet con Tarjetas Prepagas,68756571,1097727913,OMP 03
01/06/2025,Compras en Internet con Tarjetas Prepagas,68756571,1123985541,OMP 03
01/07/2025,Compras en Internet con Tarjetas Prepagas,68756571,1162635060,OMP 03
01/08/2025,Compras en Internet con Tarjetas Prepagas,68756571,1155896235,OMP 03
01/09/2025,Compras en Internet con Tarjetas Prepagas,68756571,1245491636,OMP 03
01/10/2025,Compras en Internet con Tarjetas Prepagas,68756571,1202538063,OMP 03
01/11/2025,Compras en Internet con Tarjetas Prepagas,68756571,1012588769,OMP 03
01/12/2025,Compras en Internet con Tarjetas Prepagas,68756571,1255446876,OMP 03
01/01/2026,Compras en Internet con Tarjetas Prepagas,68756571,1133449128,OMP 03
01/02/2026,Compras en Internet con Tarjetas Prepagas,68756571,1015192152,OMP 03
01/03/2026,Compras en Internet con Tarjetas Prepagas,68756571,1218155534,OMP 03
01/02/2018,Extracciones en ATM con Tarjetas Prepagas,22177,20910,OMP 03
01/03/2018,Extracciones en ATM con Tarjetas Prepagas,22177,23612,OMP 03
01/04/2018,Extracciones en ATM con Tarjetas Prepagas,22177,25669,OMP 03
01/05/2018,Extracciones en ATM con Tarjetas Prepagas,22177,22745,OMP 03
01/06/2018,Extracciones en ATM con Tarjetas Prepagas,22177,20710,OMP 03
01/07/2018,Extracciones en ATM con Tarjetas Prepagas,22177,23700,OMP 03
01/08/2018,Extracciones en ATM con Tarjetas Prepagas,22177,23826,OMP 03
01/09/2018,Extracciones en ATM con Tarjetas Prepagas,22177,21806,OMP 03
01/10/2018,Extracciones en ATM con Tarjetas Prepagas,22177,23609,OMP 03
01/11/2018,Extracciones en ATM con Tarjetas Prepagas,22177,22750,OMP 03
01/12/2018,Extracciones en ATM con Tarjetas Prepagas,22177,22196,OMP 03
01/01/2019,Extracciones en ATM con Tarjetas Prepagas,22177,21659,OMP 03
01/02/2019,Extracciones en ATM con Tarjetas Prepagas,22177,21073,OMP 03
01/03/2019,Extracciones en ATM con Tarjetas Prepagas,22177,22263,OMP 03
01/04/2019,Extracciones en ATM con Tarjetas Prepagas,22177,21224,OMP 03
01/05/2019,Extracciones en ATM con Tarjetas Prepagas,22177,24848,OMP 03
01/06/2019,Extracciones en ATM con Tarjetas Prepagas,22177,21916,OMP 03
01/07/2019,Extracciones en ATM con Tarjetas Prepagas,22177,23851,OMP 03
01/08/2019,Extracciones en ATM con Tarjetas Prepagas,22177,23328,OMP 03
01/09/2019,Extracciones en ATM con Tarjetas Prepagas,22177,22712,OMP 03
01/10/2019,Extracciones en ATM con Tarjetas Prepagas,22177,25059,OMP 03
01/11/2019,Extracciones en ATM con Tarjetas Prepagas,22177,23917,OMP 03
01/12/2019,Extracciones en ATM con Tarjetas Prepagas,22177,23716,OMP 03
01/01/2020,Extracciones en ATM con Tarjetas Prepagas,22177,21894,OMP 03
01/02/2020,Extracciones en ATM con Tarjetas Prepagas,22177,22235,OMP 03
01/03/2020,Extracciones en ATM con Tarjetas Prepagas,22177,18390,OMP 03
01/04/2020,Extracciones en ATM con Tarjetas Prepagas,22177,10337,OMP 03
01/05/2020,Extracciones en ATM con Tarjetas Prepagas,22177,10846,OMP 03
01/06/2020,Extracciones en ATM con Tarjetas Prepagas,22177,18028,OMP 03
01/07/2020,Extracciones en ATM con Tarjetas Prepagas,22177,20015,OMP 03
01/08/2020,Extracciones en ATM con Tarjetas Prepagas,22177,19717,OMP 03
01/09/2020,Extracciones en ATM con Tarjetas Prepagas,22177,19423,OMP 03
01/10/2020,Extracciones en ATM con Tarjetas Prepagas,22177,20135,OMP 03
01/11/2020,Extracciones en ATM con Tarjetas Prepagas,22177,21009,OMP 03
01/12/2020,Extracciones en ATM con Tarjetas Prepagas,22177,21600,OMP 03
01/01/2021,Extracciones en ATM con Tarjetas Prepagas,22177,19574,OMP 03
01/02/2021,Extracciones en ATM con Tarjetas Prepagas,22177,19580,OMP 03
01/03/2021,Extracciones en ATM con Tarjetas Prepagas,22177,20536,OMP 03
01/04/2021,Extracciones en ATM con Tarjetas Prepagas,22177,18273,OMP 03
01/05/2021,Extracciones en ATM con Tarjetas Prepagas,22177,20847,OMP 03
01/06/2021,Extracciones en ATM con Tarjetas Prepagas,22177,20627,OMP 03
01/07/2021,Extracciones en ATM con Tarjetas Prepagas,22177,22420,OMP 03
01/08/2021,Extracciones en ATM con Tarjetas Prepagas,22177,25334,OMP 03
01/09/2021,Extracciones en ATM con Tarjetas Prepagas,22177,24921,OMP 03
01/10/2021,Extracciones en ATM con Tarjetas Prepagas,22177,24686,OMP 03
01/11/2021,Extracciones en ATM con Tarjetas Prepagas,22177,26645,OMP 03
01/12/2021,Extracciones en ATM con Tarjetas Prepagas,22177,42794,OMP 03
01/01/2022,Extracciones en ATM con Tarjetas Prepagas,22177,33512,OMP 03
01/02/2022,Extracciones en ATM con Tarjetas Prepagas,22177,30790,OMP 03
01/03/2022,Extracciones en ATM con Tarjetas Prepagas,22177,40659,OMP 03
01/04/2022,Extracciones en ATM con Tarjetas Prepagas,22177,37919,OMP 03
01/05/2022,Extracciones en ATM con Tarjetas Prepagas,22177,36558,OMP 03
01/06/2022,Extracciones en ATM con Tarjetas Prepagas,22177,15245,OMP 03
01/07/2022,Extracciones en ATM con Tarjetas Prepagas,22177,39304,OMP 03
01/08/2022,Extracciones en ATM con Tarjetas Prepagas,22177,39615,OMP 03
01/09/2022,Extracciones en ATM con Tarjetas Prepagas,22177,40517,OMP 03
01/10/2022,Extracciones en ATM con Tarjetas Prepagas,22177,37132,OMP 03
01/11/2022,Extracciones en ATM con Tarjetas Prepagas,22177,32326,OMP 03
01/12/2022,Extracciones en ATM con Tarjetas Prepagas,22177,32345,OMP 03
01/01/2023,Extracciones en ATM con Tarjetas Prepagas,22177,30283,OMP 03
01/02/2023,Extracciones en ATM con Tarjetas Prepagas,22177,26402,OMP 03
01/03/2023,Extracciones en ATM con Tarjetas Prepagas,22177,29372,OMP 03
01/04/2023,Extracciones en ATM con Tarjetas Prepagas,22177,25048,OMP 03
01/05/2023,Extracciones en ATM con Tarjetas Prepagas,22177,26015,OMP 03
01/06/2023,Extracciones en ATM con Tarjetas Prepagas,22177,23228,OMP 03
01/07/2023,Extracciones en ATM con Tarjetas Prepagas,22177,28908,OMP 03
01/08/2023,Extracciones en ATM con Tarjetas Prepagas,22177,25541,OMP 03
01/09/2023,Extracciones en ATM con Tarjetas Prepagas,22177,21253,OMP 03
01/10/2023,Extracciones en ATM con Tarjetas Prepagas,22177,5761,OMP 03
01/11/2023,Extracciones en ATM con Tarjetas Prepagas,22177,21165,OMP 03
01/12/2023,Extracciones en ATM con Tarjetas Prepagas,22177,19704,OMP 03
01/01/2024,Extracciones en ATM con Tarjetas Prepagas,22177,17909,OMP 03
01/02/2024,Extracciones en ATM con Tarjetas Prepagas,22177,16313,OMP 03
01/03/2024,Extracciones en ATM con Tarjetas Prepagas,22177,3960,OMP 03
01/04/2024,Extracciones en ATM con Tarjetas Prepagas,22177,30765,OMP 03
01/05/2024,Extracciones en ATM con Tarjetas Prepagas,22177,15936,OMP 03
01/06/2024,Extracciones en ATM con Tarjetas Prepagas,22177,15895,OMP 03
01/07/2024,Extracciones en ATM con Tarjetas Prepagas,22177,13570,OMP 03
01/08/2024,Extracciones en ATM con Tarjetas Prepagas,22177,20056,OMP 03
01/09/2024,Extracciones en ATM con Tarjetas Prepagas,22177,21289,OMP 03
01/10/2024,Extracciones en ATM con Tarjetas Prepagas,22177,21320,OMP 03
01/11/2024,Extracciones en ATM con Tarjetas Prepagas,22177,19333,OMP 03
01/12/2024,Extracciones en ATM con Tarjetas Prepagas,22177,23623,OMP 03
01/01/2025,Extracciones en ATM con Tarjetas Prepagas,22177,18274,OMP 03
01/02/2025,Extracciones en ATM con Tarjetas Prepagas,22177,17296,OMP 03
01/03/2025,Extracciones en ATM con Tarjetas Prepagas,22177,21352,OMP 03
01/04/2025,Extracciones en ATM con Tarjetas Prepagas,22177,18482,OMP 03
01/05/2025,Extracciones en ATM con Tarjetas Prepagas,22177,20206,OMP 03
01/06/2025,Extracciones en ATM con Tarjetas Prepagas,22177,20551,OMP 03
01/07/2025,Extracciones en ATM con Tarjetas Prepagas,22177,21396,OMP 03
01/08/2025,Extracciones en ATM con Tarjetas Prepagas,22177,20239,OMP 03
01/09/2025,Extracciones en ATM con Tarjetas Prepagas,22177,19335,OMP 03
01/10/2025,Extracciones en ATM con Tarjetas Prepagas,22177,20925,OMP 03
01/11/2025,Extracciones en ATM con Tarjetas Prepagas,22177,18562,OMP 03
01/12/2025,Extracciones en ATM con Tarjetas Prepagas,22177,19252,OMP 03
01/01/2026,Extracciones en ATM con Tarjetas Prepagas,22177,17835,OMP 03
01/02/2026,Extracciones en ATM con Tarjetas Prepagas,22177,17803,OMP 03
01/03/2026,Extracciones en ATM con Tarjetas Prepagas,22177,20808,OMP 03
01/02/2018,Extracciones en ATM con Tarjetas Prepagas,9905790000,10003940000,OMP 03
01/03/2018,Extracciones en ATM con Tarjetas Prepagas,9905790000,11211570000,OMP 03
01/04/2018,Extracciones en ATM con Tarjetas Prepagas,9905790000,12511240000,OMP 03
01/05/2018,Extracciones en ATM con Tarjetas Prepagas,9905790000,10490500000,OMP 03
01/06/2018,Extracciones en ATM con Tarjetas Prepagas,9905790000,9787400000,OMP 03
01/07/2018,Extracciones en ATM con Tarjetas Prepagas,9905790000,11257870000,OMP 03
01/08/2018,Extracciones en ATM con Tarjetas Prepagas,9905790000,11607690000,OMP 03
01/09/2018,Extracciones en ATM con Tarjetas Prepagas,9905790000,9840170000,OMP 03
01/10/2018,Extracciones en ATM con Tarjetas Prepagas,9905790000,10010480000,OMP 03
01/11/2018,Extracciones en ATM con Tarjetas Prepagas,9905790000,10317000000,OMP 03
01/12/2018,Extracciones en ATM con Tarjetas Prepagas,9905790000,12098950000,OMP 03
01/01/2019,Extracciones en ATM con Tarjetas Prepagas,9905790000,10349510000,OMP 03
01/02/2019,Extracciones en ATM con Tarjetas Prepagas,9905790000,10067710000,OMP 03
01/03/2019,Extracciones en ATM con Tarjetas Prepagas,9905790000,10350590000,OMP 03
01/04/2019,Extracciones en ATM con Tarjetas Prepagas,9905790000,9570620000,OMP 03
01/05/2019,Extracciones en ATM con Tarjetas Prepagas,9905790000,12622280000,OMP 03
01/06/2019,Extracciones en ATM con Tarjetas Prepagas,9905790000,9426460000,OMP 03
01/07/2019,Extracciones en ATM con Tarjetas Prepagas,9905790000,11004920000,OMP 03
01/08/2019,Extracciones en ATM con Tarjetas Prepagas,9905790000,10564520000,OMP 03
01/09/2019,Extracciones en ATM con Tarjetas Prepagas,9905790000,9759270000,OMP 03
01/10/2019,Extracciones en ATM con Tarjetas Prepagas,9905790000,11499650000,OMP 03
01/11/2019,Extracciones en ATM con Tarjetas Prepagas,9905790000,10417470000,OMP 03
01/12/2019,Extracciones en ATM con Tarjetas Prepagas,9905790000,12020260000,OMP 03
01/01/2020,Extracciones en ATM con Tarjetas Prepagas,9905790000,10308360000,OMP 03
01/02/2020,Extracciones en ATM con Tarjetas Prepagas,9905790000,10226550000,OMP 03
01/03/2020,Extracciones en ATM con Tarjetas Prepagas,9905790000,9188350000,OMP 03
01/04/2020,Extracciones en ATM con Tarjetas Prepagas,9905790000,6076800000,OMP 03
01/05/2020,Extracciones en ATM con Tarjetas Prepagas,9905790000,6584520000,OMP 03
01/06/2020,Extracciones en ATM con Tarjetas Prepagas,9905790000,10059380000,OMP 03
01/07/2020,Extracciones en ATM con Tarjetas Prepagas,9905790000,10771870000,OMP 03
01/08/2020,Extracciones en ATM con Tarjetas Prepagas,9905790000,10545030000,OMP 03
01/09/2020,Extracciones en ATM con Tarjetas Prepagas,9905790000,10385390000,OMP 03
01/10/2020,Extracciones en ATM con Tarjetas Prepagas,9905790000,10628940000,OMP 03
01/11/2020,Extracciones en ATM con Tarjetas Prepagas,9905790000,11332850000,OMP 03
01/12/2020,Extracciones en ATM con Tarjetas Prepagas,9905790000,12670780000,OMP 03
01/01/2021,Extracciones en ATM con Tarjetas Prepagas,9905790000,10499790000,OMP 03
01/02/2021,Extracciones en ATM con Tarjetas Prepagas,9905790000,10291570000,OMP 03
01/03/2021,Extracciones en ATM con Tarjetas Prepagas,9905790000,11277450000,OMP 03
01/04/2021,Extracciones en ATM con Tarjetas Prepagas,9905790000,9666830000,OMP 03
01/05/2021,Extracciones en ATM con Tarjetas Prepagas,9905790000,11282290000,OMP 03
01/06/2021,Extracciones en ATM con Tarjetas Prepagas,9905790000,10940930000,OMP 03
01/07/2021,Extracciones en ATM con Tarjetas Prepagas,9905790000,12134610000,OMP 03
01/08/2021,Extracciones en ATM con Tarjetas Prepagas,9905790000,13469190000,OMP 03
01/09/2021,Extracciones en ATM con Tarjetas Prepagas,9905790000,13030480000,OMP 03
01/10/2021,Extracciones en ATM con Tarjetas Prepagas,9905790000,12793070000,OMP 03
01/11/2021,Extracciones en ATM con Tarjetas Prepagas,9905790000,13750230000,OMP 03
01/12/2021,Extracciones en ATM con Tarjetas Prepagas,9905790000,24764330000,OMP 03
01/01/2022,Extracciones en ATM con Tarjetas Prepagas,9905790000,17663210000,OMP 03
01/02/2022,Extracciones en ATM con Tarjetas Prepagas,9905790000,16459820000,OMP 03
01/03/2022,Extracciones en ATM con Tarjetas Prepagas,9905790000,20239940000,OMP 03
01/04/2022,Extracciones en ATM con Tarjetas Prepagas,9905790000,19114320000,OMP 03
01/05/2022,Extracciones en ATM con Tarjetas Prepagas,9905790000,18359760897,OMP 03
01/06/2022,Extracciones en ATM con Tarjetas Prepagas,9905790000,8204800000,OMP 03
01/07/2022,Extracciones en ATM con Tarjetas Prepagas,9905790000,21240350000,OMP 03
01/08/2022,Extracciones en ATM con Tarjetas Prepagas,9905790000,21142330000,OMP 03
01/09/2022,Extracciones en ATM con Tarjetas Prepagas,9905790000,22274750000,OMP 03
01/10/2022,Extracciones en ATM con Tarjetas Prepagas,9905790000,20333368800,OMP 03
01/11/2022,Extracciones en ATM con Tarjetas Prepagas,9905790000,19672140000,OMP 03
01/12/2022,Extracciones en ATM con Tarjetas Prepagas,9905790000,23538790000,OMP 03
01/01/2023,Extracciones en ATM con Tarjetas Prepagas,9905790000,18288430000,OMP 03
01/02/2023,Extracciones en ATM con Tarjetas Prepagas,9905790000,16640490000,OMP 03
01/03/2023,Extracciones en ATM con Tarjetas Prepagas,9905790000,18255770000,OMP 03
01/04/2023,Extracciones en ATM con Tarjetas Prepagas,9905790000,17602250000,OMP 03
01/05/2023,Extracciones en ATM con Tarjetas Prepagas,9905790000,16487840000,OMP 03
01/06/2023,Extracciones en ATM con Tarjetas Prepagas,9905790000,15624750000,OMP 03
01/07/2023,Extracciones en ATM con Tarjetas Prepagas,9905790000,22449270000,OMP 03
01/08/2023,Extracciones en ATM con Tarjetas Prepagas,9905790000,17191440000,OMP 03
01/09/2023,Extracciones en ATM con Tarjetas Prepagas,9905790000,14439930000,OMP 03
01/10/2023,Extracciones en ATM con Tarjetas Prepagas,9905790000,5060490000,OMP 03
01/11/2023,Extracciones en ATM con Tarjetas Prepagas,9905790000,14532730000,OMP 03
01/12/2023,Extracciones en ATM con Tarjetas Prepagas,9905790000,15334200000,OMP 03
01/01/2024,Extracciones en ATM con Tarjetas Prepagas,9905790000,12143610000,OMP 03
01/02/2024,Extracciones en ATM con Tarjetas Prepagas,9905790000,11346047000,OMP 03
01/03/2024,Extracciones en ATM con Tarjetas Prepagas,9905790000,3786111500,OMP 03
01/04/2024,Extracciones en ATM con Tarjetas Prepagas,9905790000,18656783156,OMP 03
01/05/2024,Extracciones en ATM con Tarjetas Prepagas,9905790000,11912841000,OMP 03
01/06/2024,Extracciones en ATM con Tarjetas Prepagas,9905790000,12422742630,OMP 03
01/07/2024,Extracciones en ATM con Tarjetas Prepagas,9905790000,10973723500,OMP 03
01/08/2024,Extracciones en ATM con Tarjetas Prepagas,9905790000,13736645519,OMP 03
01/09/2024,Extracciones en ATM con Tarjetas Prepagas,9905790000,15106712097,OMP 03
01/10/2024,Extracciones en ATM con Tarjetas Prepagas,9905790000,15354459468,OMP 03
01/11/2024,Extracciones en ATM con Tarjetas Prepagas,9905790000,13218691107,OMP 03
01/12/2024,Extracciones en ATM con Tarjetas Prepagas,9905790000,17759131945,OMP 03
01/01/2025,Extracciones en ATM con Tarjetas Prepagas,9905790000,11484843544,OMP 03
01/02/2025,Extracciones en ATM con Tarjetas Prepagas,9905790000,11079904847,OMP 03
01/03/2025,Extracciones en ATM con Tarjetas Prepagas,9905790000,13317189776,OMP 03
01/04/2025,Extracciones en ATM con Tarjetas Prepagas,9905790000,12239714743,OMP 03
01/05/2025,Extracciones en ATM con Tarjetas Prepagas,9905790000,13524926130,OMP 03
01/06/2025,Extracciones en ATM con Tarjetas Prepagas,9905790000,12807252262,OMP 03
01/07/2025,Extracciones en ATM con Tarjetas Prepagas,9905790000,12731169643,OMP 03
01/08/2025,Extracciones en ATM con Tarjetas Prepagas,9905790000,10379890707,OMP 03
01/09/2025,Extracciones en ATM con Tarjetas Prepagas,9905790000,9865709988,OMP 03
01/10/2025,Extracciones en ATM con Tarjetas Prepagas,9905790000,10304932709,OMP 03
01/11/2025,Extracciones en ATM con Tarjetas Prepagas,9905790000,9183967344,OMP 03
01/12/2025,Extracciones en ATM con Tarjetas Prepagas,9905790000,10036864170,OMP 03
01/01/2026,Extracciones en ATM con Tarjetas Prepagas,9905790000,8740901276,OMP 03
01/02/2026,Extracciones en ATM con Tarjetas Prepagas,9905790000,8207814826,OMP 03
01/03/2026,Extracciones en ATM con Tarjetas Prepagas,9905790000,10078385662,OMP 03
01/02/2018,Compras con QR,9905790000,,OMP 03
01/03/2018,Compras con QR,9905790000,,OMP 03
01/04/2018,Compras con QR,9905790000,,OMP 03
01/05/2018,Compras con QR,9905790000,,OMP 03
01/06/2018,Compras con QR,9905790000,,OMP 03
01/07/2018,Compras con QR,9905790000,,OMP 03
01/08/2018,Compras con QR,9905790000,,OMP 03
01/09/2018,Compras con QR,9905790000,,OMP 03
01/10/2018,Compras con QR,9905790000,,OMP 03
01/11/2018,Compras con QR,9905790000,,OMP 03
01/12/2018,Compras con QR,9905790000,,OMP 03
01/01/2019,Compras con QR,9905790000,,OMP 03
01/02/2019,Compras con QR,9905790000,,OMP 03
01/03/2019,Compras con QR,9905790000,,OMP 03
01/04/2019,Compras con QR,9905790000,,OMP 03
01/05/2019,Compras con QR,9905790000,,OMP 03
01/06/2019,Compras con QR,9905790000,,OMP 03
01/07/2019,Compras con QR,9905790000,,OMP 03
01/08/2019,Compras con QR,9905790000,,OMP 03
01/09/2019,Compras con QR,9905790000,,OMP 03
01/10/2019,Compras con QR,9905790000,,OMP 03
01/11/2019,Compras con QR,9905790000,,OMP 03
01/12/2019,Compras con QR,9905790000,,OMP 03
01/01/2020,Compras con QR,9905790000,,OMP 03
01/02/2020,Compras con QR,9905790000,,OMP 03
01/03/2020,Compras con QR,9905790000,,OMP 03
01/04/2020,Compras con QR,9905790000,,OMP 03
01/05/2020,Compras con QR,9905790000,,OMP 03
01/06/2020,Compras con QR,9905790000,,OMP 03
01/07/2020,Compras con QR,9905790000,,OMP 03
01/08/2020,Compras con QR,9905790000,,OMP 03
01/09/2020,Compras con QR,9905790000,,OMP 03
01/10/2020,Compras con QR,9905790000,,OMP 03
01/11/2020,Compras con QR,9905790000,,OMP 03
01/12/2020,Compras con QR,9905790000,,OMP 03
01/01/2021,Compras con QR,9905790000,,OMP 03
01/02/2021,Compras con QR,9905790000,,OMP 03
01/03/2021,Compras con QR,9905790000,,OMP 03
01/04/2021,Compras con QR,9905790000,,OMP 03
01/05/2021,Compras con QR,9905790000,,OMP 03
01/06/2021,Compras con QR,9905790000,,OMP 03
01/07/2021,Compras con QR,9905790000,,OMP 03
01/08/2021,Compras con QR,9905790000,,OMP 03
01/09/2021,Compras con QR,9905790000,,OMP 03
01/10/2021,Compras con QR,9905790000,,OMP 03
01/11/2021,Compras con QR,9905790000,,OMP 03
01/12/2021,Compras con QR,9905790000,,OMP 03
01/01/2022,Compras con QR,9905790000,5589,OMP 03
01/02/2022,Compras con QR,9905790000,6713,OMP 03
01/03/2022,Compras con QR,9905790000,11193,OMP 03
01/04/2022,Compras con QR,9905790000,9355,OMP 03
01/05/2022,Compras con QR,9905790000,12829,OMP 03
01/06/2022,Compras con QR,9905790000,13616,OMP 03
01/07/2022,Compras con QR,9905790000,15709,OMP 03
01/08/2022,Compras con QR,9905790000,21518,OMP 03
01/09/2022,Compras con QR,9905790000,22796,OMP 03
01/10/2022,Compras con QR,9905790000,25437,OMP 03
01/11/2022,Compras con QR,9905790000,27133,OMP 03
01/12/2022,Compras con QR,9905790000,28645,OMP 03
01/01/2023,Compras con QR,9905790000,31992,OMP 03
01/02/2023,Compras con QR,9905790000,30366,OMP 03
01/03/2023,Compras con QR,9905790000,38583,OMP 03
01/04/2023,Compras con QR,9905790000,33704,OMP 03
01/05/2023,Compras con QR,9905790000,44655,OMP 03
01/06/2023,Compras con QR,9905790000,43201,OMP 03
01/07/2023,Compras con QR,9905790000,46858,OMP 03
01/08/2023,Compras con QR,9905790000,50094,OMP 03
01/09/2023,Compras con QR,9905790000,49248,OMP 03
01/10/2023,Compras con QR,9905790000,57912,OMP 03
01/11/2023,Compras con QR,9905790000,56067,OMP 03
01/12/2023,Compras con QR,9905790000,53662,OMP 03
01/01/2024,Compras con QR,9905790000,60653,OMP 03
01/02/2024,Compras con QR,9905790000,61942,OMP 03
01/03/2024,Compras con QR,9905790000,57695,OMP 03
01/04/2024,Compras con QR,9905790000,71136,OMP 03
01/05/2024,Compras con QR,9905790000,67723,OMP 03
01/06/2024,Compras con QR,9905790000,67378,OMP 03
01/07/2024,Compras con QR,9905790000,76695,OMP 03
01/08/2024,Compras con QR,9905790000,79772,OMP 03
01/09/2024,Compras con QR,9905790000,78506,OMP 03
01/10/2024,Compras con QR,9905790000,93167,OMP 03
01/11/2024,Compras con QR,9905790000,82559,OMP 03
01/12/2024,Compras con QR,9905790000,85859,OMP 03
01/01/2025,Compras con QR,9905790000,82864,OMP 03
01/02/2025,Compras con QR,9905790000,81584,OMP 03
01/03/2025,Compras con QR,9905790000,98022,OMP 03
01/04/2025,Compras con QR,9905790000,88621,OMP 03
01/05/2025,Compras con QR,9905790000,95133,OMP 03
01/06/2025,Compras con QR,9905790000,96712,OMP 03
01/07/2025,Compras con QR,9905790000,101760,OMP 03
01/08/2025,Compras con QR,9905790000,96575,OMP 03
01/09/2025,Compras con QR,9905790000,102538,OMP 03
01/10/2025,Compras con QR,9905790000,104903,OMP 03
01/11/2025,Compras con QR,9905790000,96430,OMP 03
01/12/2025,Compras con QR,9905790000,105853,OMP 03
01/01/2026,Compras con QR,9905790000,98983,OMP 03
01/02/2026,Compras con QR,9905790000,95919,OMP 03
01/03/2026,Compras con QR,9905790000,109878,OMP 03
01/02/2018,Compras con QR,9905790000,,OMP 03
01/03/2018,Compras con QR,9905790000,,OMP 03
01/04/2018,Compras con QR,9905790000,,OMP 03
01/05/2018,Compras con QR,9905790000,,OMP 03
01/06/2018,Compras con QR,9905790000,,OMP 03
01/07/2018,Compras con QR,9905790000,,OMP 03
01/08/2018,Compras con QR,9905790000,,OMP 03
01/09/2018,Compras con QR,9905790000,,OMP 03
01/10/2018,Compras con QR,9905790000,,OMP 03
01/11/2018,Compras con QR,9905790000,,OMP 03
01/12/2018,Compras con QR,9905790000,,OMP 03
01/01/2019,Compras con QR,9905790000,,OMP 03
01/02/2019,Compras con QR,9905790000,,OMP 03
01/03/2019,Compras con QR,9905790000,,OMP 03
01/04/2019,Compras con QR,9905790000,,OMP 03
01/05/2019,Compras con QR,9905790000,,OMP 03
01/06/2019,Compras con QR,9905790000,,OMP 03
01/07/2019,Compras con QR,9905790000,,OMP 03
01/08/2019,Compras con QR,9905790000,,OMP 03
01/09/2019,Compras con QR,9905790000,,OMP 03
01/10/2019,Compras con QR,9905790000,,OMP 03
01/11/2019,Compras con QR,9905790000,,OMP 03
01/12/2019,Compras con QR,9905790000,,OMP 03
01/01/2020,Compras con QR,9905790000,,OMP 03
01/02/2020,Compras con QR,9905790000,,OMP 03
01/03/2020,Compras con QR,9905790000,,OMP 03
01/04/2020,Compras con QR,9905790000,,OMP 03
01/05/2020,Compras con QR,9905790000,,OMP 03
01/06/2020,Compras con QR,9905790000,,OMP 03
01/07/2020,Compras con QR,9905790000,,OMP 03
01/08/2020,Compras con QR,9905790000,,OMP 03
01/09/2020,Compras con QR,9905790000,,OMP 03
01/10/2020,Compras con QR,9905790000,,OMP 03
01/11/2020,Compras con QR,9905790000,,OMP 03
01/12/2020,Compras con QR,9905790000,,OMP 03
01/01/2021,Compras con QR,9905790000,,OMP 03
01/02/2021,Compras con QR,9905790000,,OMP 03
01/03/2021,Compras con QR,9905790000,,OMP 03
01/04/2021,Compras con QR,9905790000,,OMP 03
01/05/2021,Compras con QR,9905790000,,OMP 03
01/06/2021,Compras con QR,9905790000,,OMP 03
01/07/2021,Compras con QR,9905790000,,OMP 03
01/08/2021,Compras con QR,9905790000,,OMP 03
01/09/2021,Compras con QR,9905790000,,OMP 03
01/10/2021,Compras con QR,9905790000,,OMP 03
01/11/2021,Compras con QR,9905790000,,OMP 03
01/12/2021,Compras con QR,9905790000,,OMP 03
01/01/2022,Compras con QR,9905790000,434425313,OMP 03
01/02/2022,Compras con QR,9905790000,484915410,OMP 03
01/03/2022,Compras con QR,9905790000,758384151,OMP 03
01/04/2022,Compras con QR,9905790000,671284862,OMP 03
01/05/2022,Compras con QR,9905790000,872375170,OMP 03
01/06/2022,Compras con QR,9905790000,958138506,OMP 03
01/07/2022,Compras con QR,9905790000,1034261120,OMP 03
01/08/2022,Compras con QR,9905790000,1438826762,OMP 03
01/09/2022,Compras con QR,9905790000,1416129112,OMP 03
01/10/2022,Compras con QR,9905790000,1653593452,OMP 03
01/11/2022,Compras con QR,9905790000,1810210589,OMP 03
01/12/2022,Compras con QR,9905790000,2251651770,OMP 03
01/01/2023,Compras con QR,9905790000,2415498463,OMP 03
01/02/2023,Compras con QR,9905790000,2264705202,OMP 03
01/03/2023,Compras con QR,9905790000,2615575632,OMP 03
01/04/2023,Compras con QR,9905790000,2408622104,OMP 03
01/05/2023,Compras con QR,9905790000,3082373646,OMP 03
01/06/2023,Compras con QR,9905790000,2867827346,OMP 03
01/07/2023,Compras con QR,9905790000,3223500919,OMP 03
01/08/2023,Compras con QR,9905790000,3248731369,OMP 03
01/09/2023,Compras con QR,9905790000,3254124878,OMP 03
01/10/2023,Compras con QR,9905790000,3979806036,OMP 03
01/11/2023,Compras con QR,9905790000,3844382319,OMP 03
01/12/2023,Compras con QR,9905790000,4139136245,OMP 03
01/01/2024,Compras con QR,9905790000,4552449378,OMP 03
01/02/2024,Compras con QR,9905790000,4284265040,OMP 03
01/03/2024,Compras con QR,9905790000,3891426528,OMP 03
01/04/2024,Compras con QR,9905790000,4923830353,OMP 03
01/05/2024,Compras con QR,9905790000,4746820961,OMP 03
01/06/2024,Compras con QR,9905790000,4477054102,OMP 03
01/07/2024,Compras con QR,9905790000,5091904732,OMP 03
01/08/2024,Compras con QR,9905790000,4950714998,OMP 03
01/09/2024,Compras con QR,9905790000,4872608674,OMP 03
01/10/2024,Compras con QR,9905790000,6014799985,OMP 03
01/11/2024,Compras con QR,9905790000,5379029649,OMP 03
01/12/2024,Compras con QR,9905790000,6760345842,OMP 03
01/01/2025,Compras con QR,9905790000,5839152566,OMP 03
01/02/2025,Compras con QR,9905790000,5720449774,OMP 03
01/03/2025,Compras con QR,9905790000,7000155104,OMP 03
01/04/2025,Compras con QR,9905790000,6269393417,OMP 03
01/05/2025,Compras con QR,9905790000,6933010181,OMP 03
01/06/2025,Compras con QR,9905790000,7215818577,OMP 03
01/07/2025,Compras con QR,9905790000,7167688389,OMP 03
01/08/2025,Compras con QR,9905790000,6943538781,OMP 03
01/09/2025,Compras con QR,9905790000,7477281654,OMP 03
01/10/2025,Compras con QR,9905790000,7382100793,OMP 03
01/11/2025,Compras con QR,9905790000,7178555564,OMP 03
01/12/2025,Compras con QR,9905790000,8793257160,OMP 03
01/01/2026,Compras con QR,9905790000,7577844412,OMP 03
01/02/2026,Compras con QR,9905790000,7209133708,OMP 03
01/03/2026,Compras con QR,9905790000,8230964000,OMP 03
01/02/2024,Compras con banda Magnetica,82948,74836,OMP 03_02
01/03/2024,Compras con banda Magnetica,82948,78531,OMP 03_02
01/04/2024,Compras con banda Magnetica,82948,87295,OMP 03_02
01/05/2024,Compras con banda Magnetica,82948,80716,OMP 03_02
01/06/2024,Compras con banda Magnetica,82948,76732,OMP 03_02
01/07/2024,Compras con banda Magnetica,82948,87126,OMP 03_02
01/08/2024,Compras con banda Magnetica,82948,81925,OMP 03_02
01/09/2024,Compras con banda Magnetica,82948,79586,OMP 03_02
01/10/2024,Compras con banda Magnetica,82948,85688,OMP 03_02
01/11/2024,Compras con banda Magnetica,82948,73572,OMP 03_02
01/12/2024,Compras con banda Magnetica,82948,74550,OMP 03_02
01/01/2025,Compras con banda Magnetica,82948,61521,OMP 03_02
01/02/2025,Compras con banda Magnetica,82948,54621,OMP 03_02
01/03/2025,Compras con banda Magnetica,82948,55037,OMP 03_02
01/04/2025,Compras con banda Magnetica,82948,44638,OMP 03_02
01/05/2025,Compras con banda Magnetica,82948,44444,OMP 03_02
01/06/2025,Compras con banda Magnetica,82948,43640,OMP 03_02
01/07/2025,Compras con banda Magnetica,82948,42891,OMP 03_02
01/08/2025,Compras con banda Magnetica,82948,38416.5,OMP 03_02
01/09/2025,Compras con banda Magnetica,82948,39562,OMP 03_02
01/10/2025,Compras con banda Magnetica,82948,39320,OMP 03_02
01/11/2025,Compras con banda Magnetica,82948,34818,OMP 03_02
01/12/2025,Compras con banda Magnetica,82948,36726,OMP 03_02
01/01/2026,Compras con banda Magnetica,82948,32532,OMP 03_02
01/02/2026,Compras con banda Magnetica,82948,30386,OMP 03_02
01/03/2026,Compras con banda Magnetica,82948,31627,OMP 03_02
01/02/2024,Compras con banda Magnetica,7915950538,6680002404,OMP 03_02
01/03/2024,Compras con banda Magnetica,7915950538,6907910983,OMP 03_02
01/04/2024,Compras con banda Magnetica,7915950538,7612023335,OMP 03_02
01/05/2024,Compras con banda Magnetica,7915950538,7203574737,OMP 03_02
01/06/2024,Compras con banda Magnetica,7915950538,6894171115,OMP 03_02
01/07/2024,Compras con banda Magnetica,7915950538,7876892748,OMP 03_02
01/08/2024,Compras con banda Magnetica,7915950538,7288439694,OMP 03_02
01/09/2024,Compras con banda Magnetica,7915950538,7089313776,OMP 03_02
01/10/2024,Compras con banda Magnetica,7915950538,8027553208,OMP 03_02
01/11/2024,Compras con banda Magnetica,7915950538,6838169237,OMP 03_02
01/12/2024,Compras con banda Magnetica,7915950538,8274843947,OMP 03_02
01/01/2025,Compras con banda Magnetica,7915950538,6416867712,OMP 03_02
01/02/2025,Compras con banda Magnetica,7915950538,5905697776,OMP 03_02
01/03/2025,Compras con banda Magnetica,7915950538,6342659573,OMP 03_02
01/04/2025,Compras con banda Magnetica,7915950538,5166755224,OMP 03_02
01/05/2025,Compras con banda Magnetica,7915950538,5514249883,OMP 03_02
01/06/2025,Compras con banda Magnetica,7915950538,5576701006,OMP 03_02
01/07/2025,Compras con banda Magnetica,7915950538,5158510263,OMP 03_02
01/08/2025,Compras con banda Magnetica,7915950538,4874956378,OMP 03_02
01/09/2025,Compras con banda Magnetica,7915950538,5152910788,OMP 03_02
01/10/2025,Compras con banda Magnetica,7915950538,5034454981,OMP 03_02
01/11/2025,Compras con banda Magnetica,7915950538,4550384094,OMP 03_02
01/12/2025,Compras con banda Magnetica,7915950538,5468542610,OMP 03_02
01/01/2026,Compras con banda Magnetica,7915950538,4544417346,OMP 03_02
01/02/2026,Compras con banda Magnetica,7915950538,4397983650,OMP 03_02
01/03/2026,Compras con banda Magnetica,7915950538,4806977001,OMP 03_02
01/02/2024,Compras con QR,50730,51948,OMP 03_02
01/03/2024,Compras con QR,50730,52315,OMP 03_02
01/04/2024,Compras con QR,50730,61036,OMP 03_02
01/05/2024,Compras con QR,50730,58053,OMP 03_02
01/06/2024,Compras con QR,50730,57878,OMP 03_02
01/07/2024,Compras con QR,50730,64188,OMP 03_02
01/08/2024,Compras con QR,50730,67953,OMP 03_02
01/09/2024,Compras con QR,50730,66555,OMP 03_02
01/10/2024,Compras con QR,50730,79151,OMP 03_02
01/11/2024,Compras con QR,50730,70389,OMP 03_02
01/12/2024,Compras con QR,50730,73095,OMP 03_02
01/01/2025,Compras con QR,50730,70454,OMP 03_02
01/02/2025,Compras con QR,50730,69782,OMP 03_02
01/03/2025,Compras con QR,50730,84497,OMP 03_02
01/04/2025,Compras con QR,50730,76504,OMP 03_02
01/05/2025,Compras con QR,50730,82476,OMP 03_02
01/06/2025,Compras con QR,50730,83053,OMP 03_02
01/07/2025,Compras con QR,50730,88163,OMP 03_02
01/08/2025,Compras con QR,50730,83460,OMP 03_02
01/09/2025,Compras con QR,50730,88471,OMP 03_02
01/10/2025,Compras con QR,50730,90372,OMP 03_02
01/11/2025,Compras con QR,50730,82797,OMP 03_02
01/12/2025,Compras con QR,50730,91213,OMP 03_02
01/01/2026,Compras con QR,50730,84179,OMP 03_02
01/02/2026,Compras con QR,50730,82179,OMP 03_02
01/03/2026,Compras con QR,50730,94477,OMP 03_02
01/02/2024,Compras con QR,3724660107,3507886006,OMP 03_02
01/03/2024,Compras con QR,3724660107,3445649946,OMP 03_02
01/04/2024,Compras con QR,3724660107,4063186399,OMP 03_02
01/05/2024,Compras con QR,3724660107,3905447630,OMP 03_02
01/06/2024,Compras con QR,3724660107,3668907801,OMP 03_02
01/07/2024,Compras con QR,3724660107,4086031974,OMP 03_02
01/08/2024,Compras con QR,3724660107,4077891625,OMP 03_02
01/09/2024,Compras con QR,3724660107,3971638560,OMP 03_02
01/10/2024,Compras con QR,3724660107,4921703601,OMP 03_02
01/11/2024,Compras con QR,3724660107,4370766584,OMP 03_02
01/12/2024,Compras con QR,3724660107,5552629936,OMP 03_02
01/01/2025,Compras con QR,3724660107,4790454597,OMP 03_02
01/02/2025,Compras con QR,3724660107,4740636686,OMP 03_02
01/03/2025,Compras con QR,3724660107,5856521775,OMP 03_02
01/04/2025,Compras con QR,3724660107,5269509563,OMP 03_02
01/05/2025,Compras con QR,3724660107,5852596046,OMP 03_02
01/06/2025,Compras con QR,3724660107,6016773487,OMP 03_02
01/07/2025,Compras con QR,3724660107,6053673139,OMP 03_02
01/08/2025,Compras con QR,3724660107,5816986950,OMP 03_02
01/09/2025,Compras con QR,3724660107,6249666399,OMP 03_02
01/10/2025,Compras con QR,3724660107,6182036640,OMP 03_02
01/11/2025,Compras con QR,3724660107,5961132420,OMP 03_02
01/12/2025,Compras con QR,3724660107,7404737543,OMP 03_02
01/01/2026,Compras con QR,3724660107,6301889913,OMP 03_02
01/02/2026,Compras con QR,3724660107,6010446598,OMP 03_02
01/03/2026,Compras con QR,3724660107,6880041024,OMP 03_02
01/02/2024,Compras con Chip,2544,2364,OMP 03_02
01/03/2024,Compras con Chip,2544,2069,OMP 03_02
01/04/2024,Compras con Chip,2544,2091,OMP 03_02
01/05/2024,Compras con Chip,2544,1994,OMP 03_02
01/06/2024,Compras con Chip,2544,1867,OMP 03_02
01/07/2024,Compras con Chip,2544,1641,OMP 03_02
01/08/2024,Compras con Chip,2544,1775,OMP 03_02
01/09/2024,Compras con Chip,2544,1727,OMP 03_02
01/10/2024,Compras con Chip,2544,2058,OMP 03_02
01/11/2024,Compras con Chip,2544,1513,OMP 03_02
01/12/2024,Compras con Chip,2544,1363,OMP 03_02
01/01/2025,Compras con Chip,2544,1423,OMP 03_02
01/02/2025,Compras con Chip,2544,1699,OMP 03_02
01/03/2025,Compras con Chip,2544,2537,OMP 03_02
01/04/2025,Compras con Chip,2544,2369,OMP 03_02
01/05/2025,Compras con Chip,2544,2377,OMP 03_02
01/06/2025,Compras con Chip,2544,2393,OMP 03_02
01/07/2025,Compras con Chip,2544,2503,OMP 03_02
01/08/2025,Compras con Chip,2544,2672,OMP 03_02
01/09/2025,Compras con Chip,2544,2893,OMP 03_02
01/10/2025,Compras con Chip,2544,3526,OMP 03_02
01/11/2025,Compras con Chip,2544,3798,OMP 03_02
01/12/2025,Compras con Chip,2544,5210,OMP 03_02
01/01/2026,Compras con Chip,2544,6475,OMP 03_02
01/02/2026,Compras con Chip,2544,7751,OMP 03_02
01/03/2026,Compras con Chip,2544,10872,OMP 03_02
01/02/2024,Compras con Chip,325189752,285586270,OMP 03_02
01/03/2024,Compras con Chip,325189752,236763800,OMP 03_02
01/04/2024,Compras con Chip,325189752,217058534,OMP 03_02
01/05/2024,Compras con Chip,325189752,238293893,OMP 03_02
01/06/2024,Compras con Chip,325189752,217267549,OMP 03_02
01/07/2024,Compras con Chip,325189752,257750840,OMP 03_02
01/08/2024,Compras con Chip,325189752,183331816,OMP 03_02
01/09/2024,Compras con Chip,325189752,197517269,OMP 03_02
01/10/2024,Compras con Chip,325189752,194596787,OMP 03_02
01/11/2024,Compras con Chip,325189752,190878715,OMP 03_02
01/12/2024,Compras con Chip,325189752,209595964,OMP 03_02
01/01/2025,Compras con Chip,325189752,274511487,OMP 03_02
01/02/2025,Compras con Chip,325189752,271766536,OMP 03_02
01/03/2025,Compras con Chip,325189752,343317535,OMP 03_02
01/04/2025,Compras con Chip,325189752,247528076,OMP 03_02
01/05/2025,Compras con Chip,325189752,313425051,OMP 03_02
01/06/2025,Compras con Chip,325189752,351741429,OMP 03_02
01/07/2025,Compras con Chip,325189752,467943844,OMP 03_02
01/08/2025,Compras con Chip,325189752,315486892,OMP 03_02
01/09/2025,Compras con Chip,325189752,287553117,OMP 03_02
01/10/2025,Compras con Chip,325189752,308772531,OMP 03_02
01/11/2025,Compras con Chip,325189752,361603105,OMP 03_02
01/12/2025,Compras con Chip,325189752,586811900,OMP 03_02
01/01/2026,Compras con Chip,325189752,674881316,OMP 03_02
01/02/2026,Compras con Chip,325189752,759895256,OMP 03_02
01/03/2026,Compras con Chip,325189752,953378914,OMP 03_02
01/02/2024,Compras con NFC,90679,76898,OMP 03_02
01/03/2024,Compras con NFC,90679,49551,OMP 03_02
01/04/2024,Compras con NFC,90679,56402,OMP 03_02
01/05/2024,Compras con NFC,90679,56167,OMP 03_02
01/06/2024,Compras con NFC,90679,53548,OMP 03_02
01/07/2024,Compras con NFC,90679,47530,OMP 03_02
01/08/2024,Compras con NFC,90679,50395,OMP 03_02
01/09/2024,Compras con NFC,90679,47851,OMP 03_02
01/10/2024,Compras con NFC,90679,53181,OMP 03_02
01/11/2024,Compras con NFC,90679,44944,OMP 03_02
01/12/2024,Compras con NFC,90679,51836,OMP 03_02
01/01/2025,Compras con NFC,90679,51355,OMP 03_02
01/02/2025,Compras con NFC,90679,54401,OMP 03_02
01/03/2025,Compras con NFC,90679,70476,OMP 03_02
01/04/2025,Compras con NFC,90679,63840,OMP 03_02
01/05/2025,Compras con NFC,90679,70312,OMP 03_02
01/06/2025,Compras con NFC,90679,72222,OMP 03_02
01/07/2025,Compras con NFC,90679,72740,OMP 03_02
01/08/2025,Compras con NFC,90679,79509.5,OMP 03_02
01/09/2025,Compras con NFC,90679,84689,OMP 03_02
01/10/2025,Compras con NFC,90679,87711,OMP 03_02
01/11/2025,Compras con NFC,90679,71506,OMP 03_02
01/12/2025,Compras con NFC,90679,75871,OMP 03_02
01/01/2026,Compras con NFC,90679,68502,OMP 03_02
01/02/2026,Compras con NFC,90679,70441,OMP 03_02
01/03/2026,Compras con NFC,90679,83562,OMP 03_02
01/02/2024,Compras con NFC,10465749809,7605147813,OMP 03_02
01/03/2024,Compras con NFC,10465749809,3508379736,OMP 03_02
01/04/2024,Compras con NFC,10465749809,3823739936,OMP 03_02
01/05/2024,Compras con NFC,10465749809,4499663418,OMP 03_02
01/06/2024,Compras con NFC,10465749809,4046690916,OMP 03_02
01/07/2024,Compras con NFC,10465749809,4061352727,OMP 03_02
01/08/2024,Compras con NFC,10465749809,3980999719,OMP 03_02
01/09/2024,Compras con NFC,10465749809,3529597078,OMP 03_02
01/10/2024,Compras con NFC,10465749809,3808474926,OMP 03_02
01/11/2024,Compras con NFC,10465749809,3603706328,OMP 03_02
01/12/2024,Compras con NFC,10465749809,5436695764,OMP 03_02
01/01/2025,Compras con NFC,10465749809,4425466046,OMP 03_02
01/02/2025,Compras con NFC,10465749809,4374953351,OMP 03_02
01/03/2025,Compras con NFC,10465749809,5220517535,OMP 03_02
01/04/2025,Compras con NFC,10465749809,5107557185,OMP 03_02
01/05/2025,Compras con NFC,10465749809,5718690016,OMP 03_02
01/06/2025,Compras con NFC,10465749809,5966740663,OMP 03_02
01/07/2025,Compras con NFC,10465749809,6452291163,OMP 03_02
01/08/2025,Compras con NFC,10465749809,6281554900,OMP 03_02
01/09/2025,Compras con NFC,10465749809,6424872502,OMP 03_02
01/10/2025,Compras con NFC,10465749809,6606468028,OMP 03_02
01/11/2025,Compras con NFC,10465749809,6195147642,OMP 03_02
01/12/2025,Compras con NFC,10465749809,8364575778,OMP 03_02
01/01/2026,Compras con NFC,10465749809,6295982977,OMP 03_02
01/02/2026,Compras con NFC,10465749809,6055163175,OMP 03_02
01/03/2026,Compras con NFC,10465749809,6826030903,OMP 03_02
01/02/2024,Compras con Tarjeta no presente,39032,40021,OMP 03_02
01/03/2024,Compras con Tarjeta no presente,39032,36485,OMP 03_02
01/04/2024,Compras con Tarjeta no presente,39032,41797,OMP 03_02
01/05/2024,Compras con Tarjeta no presente,39032,37733,OMP 03_02
01/06/2024,Compras con Tarjeta no presente,39032,33096,OMP 03_02
01/07/2024,Compras con Tarjeta no presente,39032,19368,OMP 03_02
01/08/2024,Compras con Tarjeta no presente,39032,18437,OMP 03_02
01/09/2024,Compras con Tarjeta no presente,39032,17762,OMP 03_02
01/10/2024,Compras con Tarjeta no presente,39032,21818,OMP 03_02
01/11/2024,Compras con Tarjeta no presente,39032,19911,OMP 03_02
01/12/2024,Compras con Tarjeta no presente,39032,19871,OMP 03_02
01/01/2025,Compras con Tarjeta no presente,39032,17164,OMP 03_02
01/02/2025,Compras con Tarjeta no presente,39032,16752,OMP 03_02
01/03/2025,Compras con Tarjeta no presente,39032,19616,OMP 03_02
01/04/2025,Compras con Tarjeta no presente,39032,21362,OMP 03_02
01/05/2025,Compras con Tarjeta no presente,39032,21627,OMP 03_02
01/06/2025,Compras con Tarjeta no presente,39032,21914,OMP 03_02
01/07/2025,Compras con Tarjeta no presente,39032,22424,OMP 03_02
01/08/2025,Compras con Tarjeta no presente,39032,21674,OMP 03_02
01/09/2025,Compras con Tarjeta no presente,39032,21216,OMP 03_02
01/10/2025,Compras con Tarjeta no presente,39032,21373,OMP 03_02
01/11/2025,Compras con Tarjeta no presente,39032,19405,OMP 03_02
01/12/2025,Compras con Tarjeta no presente,39032,20908,OMP 03_02
01/01/2026,Compras con Tarjeta no presente,39032,17770,OMP 03_02
01/02/2026,Compras con Tarjeta no presente,39032,17330,OMP 03_02
01/03/2026,Compras con Tarjeta no presente,39032,19411,OMP 03_02
01/02/2024,Compras con Tarjeta no presente,2733206042,2670048889,OMP 03_02
01/03/2024,Compras con Tarjeta no presente,2733206042,2451585998,OMP 03_02
01/04/2024,Compras con Tarjeta no presente,2733206042,2694413357,OMP 03_02
01/05/2024,Compras con Tarjeta no presente,2733206042,2386795190,OMP 03_02
01/06/2024,Compras con Tarjeta no presente,2733206042,2125364420,OMP 03_02
01/07/2024,Compras con Tarjeta no presente,2733206042,1110419621,OMP 03_02
01/08/2024,Compras con Tarjeta no presente,2733206042,994505363,OMP 03_02
01/09/2024,Compras con Tarjeta no presente,2733206042,979988744,OMP 03_02
01/10/2024,Compras con Tarjeta no presente,2733206042,1161179704,OMP 03_02
01/11/2024,Compras con Tarjeta no presente,2733206042,1050238034,OMP 03_02
01/12/2024,Compras con Tarjeta no presente,2733206042,1080202195,OMP 03_02
01/01/2025,Compras con Tarjeta no presente,2733206042,949483759,OMP 03_02
01/02/2025,Compras con Tarjeta no presente,2733206042,936309770,OMP 03_02
01/03/2025,Compras con Tarjeta no presente,2733206042,1075945529,OMP 03_02
01/04/2025,Compras con Tarjeta no presente,2733206042,1050467748,OMP 03_02
01/05/2025,Compras con Tarjeta no presente,2733206042,1083050724,OMP 03_02
01/06/2025,Compras con Tarjeta no presente,2733206042,1099716935,OMP 03_02
01/07/2025,Compras con Tarjeta no presente,2733206042,1141624349,OMP 03_02
01/08/2025,Compras con Tarjeta no presente,2733206042,1135724829,OMP 03_02
01/09/2025,Compras con Tarjeta no presente,2733206042,1206453800,OMP 03_02
01/10/2025,Compras con Tarjeta no presente,2733206042,1175186157,OMP 03_02
01/11/2025,Compras con Tarjeta no presente,2733206042,981012067,OMP 03_02
01/12/2025,Compras con Tarjeta no presente,2733206042,1219865343,OMP 03_02
01/01/2026,Compras con Tarjeta no presente,2733206042,1102355115,OMP 03_02
01/02/2026,Compras con Tarjeta no presente,2733206042,985685791,OMP 03_02
01/03/2026,Compras con Tarjeta no presente,2733206042,1186335942,OMP 03_02
01/02/2024,Compras con QR,9923,9994,OMP 03_02
01/03/2024,Compras con QR,9923,8820,OMP 03_02
01/04/2024,Compras con QR,9923,10100,OMP 03_02
01/05/2024,Compras con QR,9923,9670,OMP 03_02
01/06/2024,Compras con QR,9923,9490,OMP 03_02
01/07/2024,Compras con QR,9923,12500,OMP 03_02
01/08/2024,Compras con QR,9923,11804,OMP 03_02
01/09/2024,Compras con QR,9923,11951,OMP 03_02
01/10/2024,Compras con QR,9923,14016,OMP 03_02
01/11/2024,Compras con QR,9923,12170,OMP 03_02
01/12/2024,Compras con QR,9923,12764,OMP 03_02
01/01/2025,Compras con QR,9923,12410,OMP 03_02
01/02/2025,Compras con QR,9923,11802,OMP 03_02
01/03/2025,Compras con QR,9923,13525,OMP 03_02
01/04/2025,Compras con QR,9923,12117,OMP 03_02
01/05/2025,Compras con QR,9923,12657,OMP 03_02
01/06/2025,Compras con QR,9923,13659,OMP 03_02
01/07/2025,Compras con QR,9923,13597,OMP 03_02
01/08/2025,Compras con QR,9923,13115,OMP 03_02
01/09/2025,Compras con QR,9923,14067,OMP 03_02
01/10/2025,Compras con QR,9923,14531,OMP 03_02
01/11/2025,Compras con QR,9923,13633,OMP 03_02
01/12/2025,Compras con QR,9923,14640,OMP 03_02
01/01/2026,Compras con QR,9923,14804,OMP 03_02
01/02/2026,Compras con QR,9923,13740,OMP 03_02
01/03/2026,Compras con QR,9923,15401,OMP 03_02
01/02/2024,Compras con QR,827789271,776379034,OMP 03_02
01/03/2024,Compras con QR,827789271,715751241,OMP 03_02
01/04/2024,Compras con QR,827789271,860643954,OMP 03_02
01/05/2024,Compras con QR,827789271,841373331,OMP 03_02
01/06/2024,Compras con QR,827789271,807750727,OMP 03_02
01/07/2024,Compras con QR,827789271,1005435902,OMP 03_02
01/08/2024,Compras con QR,827789271,872478875,OMP 03_02
01/09/2024,Compras con QR,827789271,900970114,OMP 03_02
01/10/2024,Compras con QR,827789271,1093096384,OMP 03_02
01/11/2024,Compras con QR,827789271,1008263065,OMP 03_02
01/12/2024,Compras con QR,827789271,1207715906,OMP 03_02
01/01/2025,Compras con QR,827789271,1048697969,OMP 03_02
01/02/2025,Compras con QR,827789271,979813088,OMP 03_02
01/03/2025,Compras con QR,827789271,1143633329,OMP 03_02
01/04/2025,Compras con QR,827789271,999883854,OMP 03_02
01/05/2025,Compras con QR,827789271,1080414135,OMP 03_02
01/06/2025,Compras con QR,827789271,1199045090,OMP 03_02
01/07/2025,Compras con QR,827789271,1114015250,OMP 03_02
01/08/2025,Compras con QR,827789271,1126551831,OMP 03_02
01/09/2025,Compras con QR,827789271,1227615255,OMP 03_02
01/10/2025,Compras con QR,827789271,1200064153,OMP 03_02
01/11/2025,Compras con QR,827789271,1217423144,OMP 03_02
01/12/2025,Compras con QR,827789271,1388519617,OMP 03_02
01/01/2026,Compras con QR,827789271,1275954499,OMP 03_02
01/02/2026,Compras con QR,827789271,1198687110,OMP 03_02
01/03/2026,Compras con QR,827789271,1350922976,OMP 03_02
01/02/2024,Compras con Link de pago,143,164,OMP 03_02
01/03/2024,Compras con Link de pago,143,110,OMP 03_02
01/04/2024,Compras con Link de pago,143,155,OMP 03_02
01/05/2024,Compras con Link de pago,143,158,OMP 03_02
01/06/2024,Compras con Link de pago,143,146,OMP 03_02
01/07/2024,Compras con Link de pago,143,74,OMP 03_02
01/08/2024,Compras con Link de pago,143,74,OMP 03_02
01/09/2024,Compras con Link de pago,143,91,OMP 03_02
01/10/2024,Compras con Link de pago,143,96,OMP 03_02
01/11/2024,Compras con Link de pago,143,80,OMP 03_02
01/12/2024,Compras con Link de pago,143,93,OMP 03_02
01/01/2025,Compras con Link de pago,143,99,OMP 03_02
01/02/2025,Compras con Link de pago,143,89,OMP 03_02
01/03/2025,Compras con Link de pago,143,96,OMP 03_02
01/04/2025,Compras con Link de pago,143,84,OMP 03_02
01/05/2025,Compras con Link de pago,143,77,OMP 03_02
01/06/2025,Compras con Link de pago,143,100,OMP 03_02
01/07/2025,Compras con Link de pago,143,111,OMP 03_02
01/08/2025,Compras con Link de pago,143,96,OMP 03_02
01/09/2025,Compras con Link de pago,143,85,OMP 03_02
01/10/2025,Compras con Link de pago,143,110,OMP 03_02
01/11/2025,Compras con Link de pago,143,103,OMP 03_02
01/12/2025,Compras con Link de pago,143,121,OMP 03_02
01/01/2026,Compras con Link de pago,143,137,OMP 03_02
01/02/2026,Compras con Link de pago,143,125,OMP 03_02
01/03/2026,Compras con Link de pago,143,155,OMP 03_02
01/02/2024,Compras con Link de pago,54116839,82716166,OMP 03_02
01/03/2024,Compras con Link de pago,54116839,35050458,OMP 03_02
01/04/2024,Compras con Link de pago,54116839,55343919,OMP 03_02
01/05/2024,Compras con Link de pago,54116839,51299526,OMP 03_02
01/06/2024,Compras con Link de pago,54116839,58764404,OMP 03_02
01/07/2024,Compras con Link de pago,54116839,16632328,OMP 03_02
01/08/2024,Compras con Link de pago,54116839,18613174,OMP 03_02
01/09/2024,Compras con Link de pago,54116839,18563380,OMP 03_02
01/10/2024,Compras con Link de pago,54116839,20165354,OMP 03_02
01/11/2024,Compras con Link de pago,54116839,14870214,OMP 03_02
01/12/2024,Compras con Link de pago,54116839,24806915,OMP 03_02
01/01/2025,Compras con Link de pago,54116839,18878712,OMP 03_02
01/02/2025,Compras con Link de pago,54116839,24776451,OMP 03_02
01/03/2025,Compras con Link de pago,54116839,16085934,OMP 03_02
01/04/2025,Compras con Link de pago,54116839,17409624,OMP 03_02
01/05/2025,Compras con Link de pago,54116839,14677189,OMP 03_02
01/06/2025,Compras con Link de pago,54116839,24268606,OMP 03_02
01/07/2025,Compras con Link de pago,54116839,21010711,OMP 03_02
01/08/2025,Compras con Link de pago,54116839,20171406,OMP 03_02
01/09/2025,Compras con Link de pago,54116839,39037836,OMP 03_02
01/10/2025,Compras con Link de pago,54116839,27351906,OMP 03_02
01/11/2025,Compras con Link de pago,54116839,31576702,OMP 03_02
01/12/2025,Compras con Link de pago,54116839,35581533,OMP 03_02
01/01/2026,Compras con Link de pago,54116839,31094013,OMP 03_02
01/02/2026,Compras con Link de pago,54116839,29506361,OMP 03_02
01/03/2026,Compras con Link de pago,54116839,31819592,OMP 03_02
01/02/2018,Cantidad de ATM por Operadora,1053,1053,OMP 04
01/03/2018,Cantidad de ATM por Operadora,1053,1055,OMP 04
01/04/2018,Cantidad de ATM por Operadora,1053,1058,OMP 04
01/05/2018,Cantidad de ATM por Operadora,1053,1056,OMP 04
01/06/2018,Cantidad de ATM por Operadora,1053,1062,OMP 04
01/07/2018,Cantidad de ATM por Operadora,1053,1059,OMP 04
01/08/2018,Cantidad de ATM por Operadora,1053,1053,OMP 04
01/09/2018,Cantidad de ATM por Operadora,1053,1060,OMP 04
01/10/2018,Cantidad de ATM por Operadora,1053,1062,OMP 04
01/11/2018,Cantidad de ATM por Operadora,1053,1066,OMP 04
01/12/2018,Cantidad de ATM por Operadora,1053,1068,OMP 04
01/01/2019,Cantidad de ATM por Operadora,1053,1067,OMP 04
01/02/2019,Cantidad de ATM por Operadora,1053,1066,OMP 04
01/03/2019,Cantidad de ATM por Operadora,1053,1067,OMP 04
01/04/2019,Cantidad de ATM por Operadora,1053,1064,OMP 04
01/05/2019,Cantidad de ATM por Operadora,1053,1039,OMP 04
01/06/2019,Cantidad de ATM por Operadora,1053,1039,OMP 04
01/07/2019,Cantidad de ATM por Operadora,1053,1039,OMP 04
01/08/2019,Cantidad de ATM por Operadora,1053,1038,OMP 04
01/09/2019,Cantidad de ATM por Operadora,1053,1043,OMP 04
01/10/2019,Cantidad de ATM por Operadora,1053,1038,OMP 04
01/11/2019,Cantidad de ATM por Operadora,1053,1040,OMP 04
01/12/2019,Cantidad de ATM por Operadora,1053,1035,OMP 04
01/01/2020,Cantidad de ATM por Operadora,1053,1038,OMP 04
01/02/2020,Cantidad de ATM por Operadora,1053,1038,OMP 04
01/03/2020,Cantidad de ATM por Operadora,1053,1038,OMP 04
01/04/2020,Cantidad de ATM por Operadora,1053,1038,OMP 04
01/05/2020,Cantidad de ATM por Operadora,1053,1039,OMP 04
01/06/2020,Cantidad de ATM por Operadora,1053,1033,OMP 04
01/07/2020,Cantidad de ATM por Operadora,1053,1029,OMP 04
01/08/2020,Cantidad de ATM por Operadora,1053,1029,OMP 04
01/09/2020,Cantidad de ATM por Operadora,1053,1030,OMP 04
01/10/2020,Cantidad de ATM por Operadora,1053,1033,OMP 04
01/11/2020,Cantidad de ATM por Operadora,1053,1043,OMP 04
01/12/2020,Cantidad de ATM por Operadora,1053,1046,OMP 04
01/01/2021,Cantidad de ATM por Operadora,1053,1042,OMP 04
01/02/2021,Cantidad de ATM por Operadora,1053,1043,OMP 04
01/03/2021,Cantidad de ATM por Operadora,1053,1045,OMP 04
01/04/2021,Cantidad de ATM por Operadora,1053,1045,OMP 04
01/05/2021,Cantidad de ATM por Operadora,1053,1046,OMP 04
01/06/2021,Cantidad de ATM por Operadora,1053,1045,OMP 04
01/07/2021,Cantidad de ATM por Operadora,1053,1047,OMP 04
01/08/2021,Cantidad de ATM por Operadora,1053,1047,OMP 04
01/09/2021,Cantidad de ATM por Operadora,1053,1049,OMP 04
01/10/2021,Cantidad de ATM por Operadora,1053,1015,OMP 04
01/11/2021,Cantidad de ATM por Operadora,1053,988,OMP 04
01/12/2021,Cantidad de ATM por Operadora,1053,990,OMP 04
01/01/2022,Cantidad de ATM por Operadora,1053,990,OMP 04
01/02/2022,Cantidad de ATM por Operadora,1053,993,OMP 04
01/03/2022,Cantidad de ATM por Operadora,1053,997,OMP 04
01/04/2022,Cantidad de ATM por Operadora,1053,997,OMP 04
01/05/2022,Cantidad de ATM por Operadora,1053,1000,OMP 04
01/06/2022,Cantidad de ATM por Operadora,1053,990,OMP 04
01/07/2022,Cantidad de ATM por Operadora,1053,976,OMP 04
01/08/2022,Cantidad de ATM por Operadora,1053,972,OMP 04
01/09/2022,Cantidad de ATM por Operadora,1053,969,OMP 04
01/10/2022,Cantidad de ATM por Operadora,1053,972,OMP 04
01/11/2022,Cantidad de ATM por Operadora,1053,979,OMP 04
01/12/2022,Cantidad de ATM por Operadora,1053,980,OMP 04
01/01/2023,Cantidad de ATM por Operadora,1053,974,OMP 04
01/02/2023,Cantidad de ATM por Operadora,1053,977,OMP 04
01/03/2023,Cantidad de ATM por Operadora,1053,976,OMP 04
01/04/2023,Cantidad de ATM por Operadora,1053,977,OMP 04
01/05/2023,Cantidad de ATM por Operadora,1053,981,OMP 04
01/06/2023,Cantidad de ATM por Operadora,1053,960,OMP 04
01/07/2023,Cantidad de ATM por Operadora,1053,966,OMP 04
01/08/2023,Cantidad de ATM por Operadora,1053,969,OMP 04
01/09/2023,Cantidad de ATM por Operadora,1053,974,OMP 04
01/10/2023,Cantidad de ATM por Operadora,1053,976,OMP 04
01/11/2023,Cantidad de ATM por Operadora,1053,976,OMP 04
01/12/2023,Cantidad de ATM por Operadora,1053,974,OMP 04
01/01/2024,Cantidad de ATM por Operadora,1053,970,OMP 04
01/02/2024,Cantidad de ATM por Operadora,1053,966,OMP 04
01/03/2024,Cantidad de ATM por Operadora,1053,967,OMP 04
01/04/2024,Cantidad de ATM por Operadora,1053,969,OMP 04
01/05/2024,Cantidad de ATM por Operadora,1053,969,OMP 04
01/06/2024,Cantidad de ATM por Operadora,1053,871,OMP 04
01/07/2024,Cantidad de ATM por Operadora,1053,869,OMP 04
01/08/2024,Cantidad de ATM por Operadora,1053,875,OMP 04
01/09/2024,Cantidad de ATM por Operadora,1053,878,OMP 04
01/10/2024,Cantidad de ATM por Operadora,1053,879,OMP 04
01/11/2024,Cantidad de ATM por Operadora,1053,886,OMP 04
01/12/2024,Cantidad de ATM por Operadora,1053,892,OMP 04
01/01/2025,Cantidad de ATM por Operadora,1053,894,OMP 04
01/02/2025,Cantidad de ATM por Operadora,1053,856,OMP 04
01/03/2025,Cantidad de ATM por Operadora,1053,849,OMP 04
01/04/2025,Cantidad de ATM por Operadora,1053,844,OMP 04
01/05/2025,Cantidad de ATM por Operadora,1053,847,OMP 04
01/06/2025,Cantidad de ATM por Operadora,1053,851,OMP 04
01/07/2025,Cantidad de ATM por Operadora,1053,883,OMP 04
01/08/2025,Cantidad de ATM por Operadora,1053,864,OMP 04
01/09/2025,Cantidad de ATM por Operadora,1053,877,OMP 04
01/10/2025,Cantidad de ATM por Operadora,1053,887,OMP 04
01/11/2025,Cantidad de ATM por Operadora,1053,889,OMP 04
01/12/2025,Cantidad de ATM por Operadora,1053,893,OMP 04
01/01/2026,Cantidad de ATM por Operadora,1053,897,OMP 04
01/02/2026,Cantidad de ATM por Operadora,1053,898,OMP 04
01/03/2026,Cantidad de ATM por Operadora,1053,898,OMP 04
01/02/2018,Cantidad de ATM por Operadora,310,310,OMP 04
01/03/2018,Cantidad de ATM por Operadora,310,311,OMP 04
01/04/2018,Cantidad de ATM por Operadora,310,312,OMP 04
01/05/2018,Cantidad de ATM por Operadora,310,312,OMP 04
01/06/2018,Cantidad de ATM por Operadora,310,315,OMP 04
01/07/2018,Cantidad de ATM por Operadora,310,318,OMP 04
01/08/2018,Cantidad de ATM por Operadora,310,321,OMP 04
01/09/2018,Cantidad de ATM por Operadora,310,325,OMP 04
01/10/2018,Cantidad de ATM por Operadora,310,330,OMP 04
01/11/2018,Cantidad de ATM por Operadora,310,330,OMP 04
01/12/2018,Cantidad de ATM por Operadora,310,330,OMP 04
01/01/2019,Cantidad de ATM por Operadora,310,335,OMP 04
01/02/2019,Cantidad de ATM por Operadora,310,347,OMP 04
01/03/2019,Cantidad de ATM por Operadora,310,351,OMP 04
01/04/2019,Cantidad de ATM por Operadora,310,369,OMP 04
01/05/2019,Cantidad de ATM por Operadora,310,376,OMP 04
01/06/2019,Cantidad de ATM por Operadora,310,378,OMP 04
01/07/2019,Cantidad de ATM por Operadora,310,389,OMP 04
01/08/2019,Cantidad de ATM por Operadora,310,394,OMP 04
01/09/2019,Cantidad de ATM por Operadora,310,400,OMP 04
01/10/2019,Cantidad de ATM por Operadora,310,403,OMP 04
01/11/2019,Cantidad de ATM por Operadora,310,409,OMP 04
01/12/2019,Cantidad de ATM por Operadora,310,409,OMP 04
01/01/2020,Cantidad de ATM por Operadora,310,414,OMP 04
01/02/2020,Cantidad de ATM por Operadora,310,414,OMP 04
01/03/2020,Cantidad de ATM por Operadora,310,422,OMP 04
01/04/2020,Cantidad de ATM por Operadora,310,422,OMP 04
01/05/2020,Cantidad de ATM por Operadora,310,421,OMP 04
01/06/2020,Cantidad de ATM por Operadora,310,430,OMP 04
01/07/2020,Cantidad de ATM por Operadora,310,430,OMP 04
01/08/2020,Cantidad de ATM por Operadora,310,440,OMP 04
01/09/2020,Cantidad de ATM por Operadora,310,445,OMP 04
01/10/2020,Cantidad de ATM por Operadora,310,452,OMP 04
01/11/2020,Cantidad de ATM por Operadora,310,452,OMP 04
01/12/2020,Cantidad de ATM por Operadora,310,459,OMP 04
01/01/2021,Cantidad de ATM por Operadora,310,459,OMP 04
01/02/2021,Cantidad de ATM por Operadora,310,468,OMP 04
01/03/2021,Cantidad de ATM por Operadora,310,471,OMP 04
01/04/2021,Cantidad de ATM por Operadora,310,468,OMP 04
01/05/2021,Cantidad de ATM por Operadora,310,470,OMP 04
01/06/2021,Cantidad de ATM por Operadora,310,472,OMP 04
01/07/2021,Cantidad de ATM por Operadora,310,476,OMP 04
01/08/2021,Cantidad de ATM por Operadora,310,478,OMP 04
01/09/2021,Cantidad de ATM por Operadora,310,481,OMP 04
01/10/2021,Cantidad de ATM por Operadora,310,507,OMP 04
01/11/2021,Cantidad de ATM por Operadora,310,544,OMP 04
01/12/2021,Cantidad de ATM por Operadora,310,544,OMP 04
01/01/2022,Cantidad de ATM por Operadora,310,545,OMP 04
01/02/2022,Cantidad de ATM por Operadora,310,538,OMP 04
01/03/2022,Cantidad de ATM por Operadora,310,538,OMP 04
01/04/2022,Cantidad de ATM por Operadora,310,538,OMP 04
01/05/2022,Cantidad de ATM por Operadora,310,540,OMP 04
01/06/2022,Cantidad de ATM por Operadora,310,566,OMP 04
01/07/2022,Cantidad de ATM por Operadora,310,577,OMP 04
01/08/2022,Cantidad de ATM por Operadora,310,587,OMP 04
01/09/2022,Cantidad de ATM por Operadora,310,585,OMP 04
01/10/2022,Cantidad de ATM por Operadora,310,585,OMP 04
01/11/2022,Cantidad de ATM por Operadora,310,588,OMP 04
01/12/2022,Cantidad de ATM por Operadora,310,597,OMP 04
01/01/2023,Cantidad de ATM por Operadora,310,594,OMP 04
01/02/2023,Cantidad de ATM por Operadora,310,598,OMP 04
01/03/2023,Cantidad de ATM por Operadora,310,581,OMP 04
01/04/2023,Cantidad de ATM por Operadora,310,584,OMP 04
01/05/2023,Cantidad de ATM por Operadora,310,584,OMP 04
01/06/2023,Cantidad de ATM por Operadora,310,586,OMP 04
01/07/2023,Cantidad de ATM por Operadora,310,585,OMP 04
01/08/2023,Cantidad de ATM por Operadora,310,589,OMP 04
01/09/2023,Cantidad de ATM por Operadora,310,589,OMP 04
01/10/2023,Cantidad de ATM por Operadora,310,589,OMP 04
01/11/2023,Cantidad de ATM por Operadora,310,592,OMP 04
01/12/2023,Cantidad de ATM por Operadora,310,597,OMP 04
01/01/2024,Cantidad de ATM por Operadora,310,598,OMP 04
01/02/2024,Cantidad de ATM por Operadora,310,603,OMP 04
01/03/2024,Cantidad de ATM por Operadora,310,603,OMP 04
01/04/2024,Cantidad de ATM por Operadora,310,605,OMP 04
01/05/2024,Cantidad de ATM por Operadora,310,604,OMP 04
01/06/2024,Cantidad de ATM por Operadora,310,610,OMP 04
01/07/2024,Cantidad de ATM por Operadora,310,609,OMP 04
01/08/2024,Cantidad de ATM por Operadora,310,615,OMP 04
01/09/2024,Cantidad de ATM por Operadora,310,622,OMP 04
01/10/2024,Cantidad de ATM por Operadora,310,616,OMP 04
01/11/2024,Cantidad de ATM por Operadora,310,619,OMP 04
01/12/2024,Cantidad de ATM por Operadora,310,627,OMP 04
01/01/2025,Cantidad de ATM por Operadora,310,626,OMP 04
01/02/2025,Cantidad de ATM por Operadora,310,623,OMP 04
01/03/2025,Cantidad de ATM por Operadora,310,629,OMP 04
01/04/2025,Cantidad de ATM por Operadora,310,628,OMP 04
01/05/2025,Cantidad de ATM por Operadora,310,628,OMP 04
01/06/2025,Cantidad de ATM por Operadora,310,627,OMP 04
01/07/2025,Cantidad de ATM por Operadora,310,621,OMP 04
01/08/2025,Cantidad de ATM por Operadora,310,622,OMP 04
01/09/2025,Cantidad de ATM por Operadora,310,613,OMP 04
01/10/2025,Cantidad de ATM por Operadora,310,602,OMP 04
01/11/2025,Cantidad de ATM por Operadora,310,604,OMP 04
01/12/2025,Cantidad de ATM por Operadora,310,604,OMP 04
01/01/2026,Cantidad de ATM por Operadora,310,606,OMP 04
01/02/2026,Cantidad de ATM por Operadora,310,604,OMP 04
01/03/2026,Cantidad de ATM por Operadora,310,605,OMP 04
01/02/2018,Cantidad de ATM por Operadora,310,,OMP 04
01/03/2018,Cantidad de ATM por Operadora,310,,OMP 04
01/04/2018,Cantidad de ATM por Operadora,310,,OMP 04
01/05/2018,Cantidad de ATM por Operadora,310,,OMP 04
01/06/2018,Cantidad de ATM por Operadora,310,,OMP 04
01/07/2018,Cantidad de ATM por Operadora,310,,OMP 04
01/08/2018,Cantidad de ATM por Operadora,310,,OMP 04
01/09/2018,Cantidad de ATM por Operadora,310,,OMP 04
01/10/2018,Cantidad de ATM por Operadora,310,,OMP 04
01/11/2018,Cantidad de ATM por Operadora,310,,OMP 04
01/12/2018,Cantidad de ATM por Operadora,310,,OMP 04
01/01/2019,Cantidad de ATM por Operadora,310,,OMP 04
01/02/2019,Cantidad de ATM por Operadora,310,,OMP 04
01/03/2019,Cantidad de ATM por Operadora,310,,OMP 04
01/04/2019,Cantidad de ATM por Operadora,310,,OMP 04
01/05/2019,Cantidad de ATM por Operadora,310,,OMP 04
01/06/2019,Cantidad de ATM por Operadora,310,,OMP 04
01/07/2019,Cantidad de ATM por Operadora,310,,OMP 04
01/08/2019,Cantidad de ATM por Operadora,310,,OMP 04
01/09/2019,Cantidad de ATM por Operadora,310,,OMP 04
01/10/2019,Cantidad de ATM por Operadora,310,,OMP 04
01/11/2019,Cantidad de ATM por Operadora,310,,OMP 04
01/12/2019,Cantidad de ATM por Operadora,310,,OMP 04
01/01/2020,Cantidad de ATM por Operadora,310,,OMP 04
01/02/2020,Cantidad de ATM por Operadora,310,,OMP 04
01/03/2020,Cantidad de ATM por Operadora,310,,OMP 04
01/04/2020,Cantidad de ATM por Operadora,310,,OMP 04
01/05/2020,Cantidad de ATM por Operadora,310,,OMP 04
01/06/2020,Cantidad de ATM por Operadora,310,,OMP 04
01/07/2020,Cantidad de ATM por Operadora,310,,OMP 04
01/08/2020,Cantidad de ATM por Operadora,310,,OMP 04
01/09/2020,Cantidad de ATM por Operadora,310,,OMP 04
01/10/2020,Cantidad de ATM por Operadora,310,,OMP 04
01/11/2020,Cantidad de ATM por Operadora,310,,OMP 04
01/12/2020,Cantidad de ATM por Operadora,310,,OMP 04
01/01/2021,Cantidad de ATM por Operadora,310,,OMP 04
01/02/2021,Cantidad de ATM por Operadora,310,,OMP 04
01/03/2021,Cantidad de ATM por Operadora,310,,OMP 04
01/04/2021,Cantidad de ATM por Operadora,310,,OMP 04
01/05/2021,Cantidad de ATM por Operadora,310,,OMP 04
01/06/2021,Cantidad de ATM por Operadora,310,,OMP 04
01/07/2021,Cantidad de ATM por Operadora,310,,OMP 04
01/08/2021,Cantidad de ATM por Operadora,310,,OMP 04
01/09/2021,Cantidad de ATM por Operadora,310,,OMP 04
01/10/2021,Cantidad de ATM por Operadora,310,,OMP 04
01/11/2021,Cantidad de ATM por Operadora,310,,OMP 04
01/12/2021,Cantidad de ATM por Operadora,310,,OMP 04
01/01/2022,Cantidad de ATM por Operadora,310,,OMP 04
01/02/2022,Cantidad de ATM por Operadora,310,,OMP 04
01/03/2022,Cantidad de ATM por Operadora,310,,OMP 04
01/04/2022,Cantidad de ATM por Operadora,310,,OMP 04
01/05/2022,Cantidad de ATM por Operadora,310,,OMP 04
01/06/2022,Cantidad de ATM por Operadora,310,,OMP 04
01/07/2022,Cantidad de ATM por Operadora,310,,OMP 04
01/08/2022,Cantidad de ATM por Operadora,310,,OMP 04
01/09/2022,Cantidad de ATM por Operadora,310,,OMP 04
01/10/2022,Cantidad de ATM por Operadora,310,,OMP 04
01/11/2022,Cantidad de ATM por Operadora,310,,OMP 04
01/12/2022,Cantidad de ATM por Operadora,310,,OMP 04
01/01/2023,Cantidad de ATM por Operadora,310,,OMP 04
01/02/2023,Cantidad de ATM por Operadora,310,,OMP 04
01/03/2023,Cantidad de ATM por Operadora,310,,OMP 04
01/04/2023,Cantidad de ATM por Operadora,310,,OMP 04
01/05/2023,Cantidad de ATM por Operadora,310,,OMP 04
01/06/2023,Cantidad de ATM por Operadora,310,,OMP 04
01/07/2023,Cantidad de ATM por Operadora,310,,OMP 04
01/08/2023,Cantidad de ATM por Operadora,310,,OMP 04
01/09/2023,Cantidad de ATM por Operadora,310,,OMP 04
01/10/2023,Cantidad de ATM por Operadora,310,,OMP 04
01/11/2023,Cantidad de ATM por Operadora,310,,OMP 04
01/12/2023,Cantidad de ATM por Operadora,310,,OMP 04
01/01/2024,Cantidad de ATM por Operadora,310,,OMP 04
01/02/2024,Cantidad de ATM por Operadora,310,,OMP 04
01/03/2024,Cantidad de ATM por Operadora,310,,OMP 04
01/04/2024,Cantidad de ATM por Operadora,310,,OMP 04
01/05/2024,Cantidad de ATM por Operadora,310,,OMP 04
01/06/2024,Cantidad de ATM por Operadora,310,,OMP 04
01/07/2024,Cantidad de ATM por Operadora,310,,OMP 04
01/08/2024,Cantidad de ATM por Operadora,310,,OMP 04
01/09/2024,Cantidad de ATM por Operadora,310,,OMP 04
01/10/2024,Cantidad de ATM por Operadora,310,13,OMP 04
01/11/2024,Cantidad de ATM por Operadora,310,447,OMP 04
01/12/2024,Cantidad de ATM por Operadora,310,462,OMP 04
01/01/2025,Cantidad de ATM por Operadora,310,505,OMP 04
01/02/2025,Cantidad de ATM por Operadora,310,540,OMP 04
01/03/2025,Cantidad de ATM por Operadora,310,632,OMP 04
01/04/2025,Cantidad de ATM por Operadora,310,672,OMP 04
01/05/2025,Cantidad de ATM por Operadora,310,689,OMP 04
01/06/2025,Cantidad de ATM por Operadora,310,695,OMP 04
01/07/2025,Cantidad de ATM por Operadora,310,716,OMP 04
01/08/2025,Cantidad de ATM por Operadora,310,759,OMP 04
01/09/2025,Cantidad de ATM por Operadora,310,789,OMP 04
01/10/2025,Cantidad de ATM por Operadora,310,853,OMP 04
01/11/2025,Cantidad de ATM por Operadora,310,850,OMP 04
01/12/2025,Cantidad de ATM por Operadora,310,842,OMP 04
01/01/2026,Cantidad de ATM por Operadora,310,844,OMP 04
01/02/2026,Cantidad de ATM por Operadora,310,847,OMP 04
01/03/2026,Cantidad de ATM por Operadora,310,858,OMP 04
01/02/2018,Cantidad de Comercios Adheridos por Operadora,25530,25794,OMP 04
01/03/2018,Cantidad de Comercios Adheridos por Operadora,25530,26164,OMP 04
01/04/2018,Cantidad de Comercios Adheridos por Operadora,25530,26664,OMP 04
01/05/2018,Cantidad de Comercios Adheridos por Operadora,25530,27112,OMP 04
01/06/2018,Cantidad de Comercios Adheridos por Operadora,25530,27263,OMP 04
01/07/2018,Cantidad de Comercios Adheridos por Operadora,25530,27639,OMP 04
01/08/2018,Cantidad de Comercios Adheridos por Operadora,25530,27974,OMP 04
01/09/2018,Cantidad de Comercios Adheridos por Operadora,25530,28249,OMP 04
01/10/2018,Cantidad de Comercios Adheridos por Operadora,25530,28555,OMP 04
01/11/2018,Cantidad de Comercios Adheridos por Operadora,25530,28790,OMP 04
01/12/2018,Cantidad de Comercios Adheridos por Operadora,25530,29132,OMP 04
01/01/2019,Cantidad de Comercios Adheridos por Operadora,25530,29168,OMP 04
01/02/2019,Cantidad de Comercios Adheridos por Operadora,25530,29484,OMP 04
01/03/2019,Cantidad de Comercios Adheridos por Operadora,25530,29672,OMP 04
01/04/2019,Cantidad de Comercios Adheridos por Operadora,25530,29589,OMP 04
01/05/2019,Cantidad de Comercios Adheridos por Operadora,25530,29716,OMP 04
01/06/2019,Cantidad de Comercios Adheridos por Operadora,25530,29836,OMP 04
01/07/2019,Cantidad de Comercios Adheridos por Operadora,25530,30102,OMP 04
01/08/2019,Cantidad de Comercios Adheridos por Operadora,25530,30127,OMP 04
01/09/2019,Cantidad de Comercios Adheridos por Operadora,25530,30299,OMP 04
01/10/2019,Cantidad de Comercios Adheridos por Operadora,25530,30672,OMP 04
01/11/2019,Cantidad de Comercios Adheridos por Operadora,25530,30840,OMP 04
01/12/2019,Cantidad de Comercios Adheridos por Operadora,25530,31024,OMP 04
01/01/2020,Cantidad de Comercios Adheridos por Operadora,25530,31044,OMP 04
01/02/2020,Cantidad de Comercios Adheridos por Operadora,25530,31219,OMP 04
01/03/2020,Cantidad de Comercios Adheridos por Operadora,25530,31268,OMP 04
01/04/2020,Cantidad de Comercios Adheridos por Operadora,25530,32298,OMP 04
01/05/2020,Cantidad de Comercios Adheridos por Operadora,25530,33319,OMP 04
01/06/2020,Cantidad de Comercios Adheridos por Operadora,25530,33495,OMP 04
01/07/2020,Cantidad de Comercios Adheridos por Operadora,25530,33131,OMP 04
01/08/2020,Cantidad de Comercios Adheridos por Operadora,25530,33149,OMP 04
01/09/2020,Cantidad de Comercios Adheridos por Operadora,25530,33208,OMP 04
01/10/2020,Cantidad de Comercios Adheridos por Operadora,25530,33449,OMP 04
01/11/2020,Cantidad de Comercios Adheridos por Operadora,25530,33496,OMP 04
01/12/2020,Cantidad de Comercios Adheridos por Operadora,25530,33982,OMP 04
01/01/2021,Cantidad de Comercios Adheridos por Operadora,25530,34342,OMP 04
01/02/2021,Cantidad de Comercios Adheridos por Operadora,25530,34811,OMP 04
01/03/2021,Cantidad de Comercios Adheridos por Operadora,25530,34991,OMP 04
01/04/2021,Cantidad de Comercios Adheridos por Operadora,25530,35238,OMP 04
01/05/2021,Cantidad de Comercios Adheridos por Operadora,25530,35404,OMP 04
01/06/2021,Cantidad de Comercios Adheridos por Operadora,25530,35702,OMP 04
01/07/2021,Cantidad de Comercios Adheridos por Operadora,25530,35939,OMP 04
01/08/2021,Cantidad de Comercios Adheridos por Operadora,25530,36152,OMP 04
01/09/2021,Cantidad de Comercios Adheridos por Operadora,25530,35958,OMP 04
01/10/2021,Cantidad de Comercios Adheridos por Operadora,25530,36146,OMP 04
01/11/2021,Cantidad de Comercios Adheridos por Operadora,25530,36203,OMP 04
01/12/2021,Cantidad de Comercios Adheridos por Operadora,25530,36868,OMP 04
01/01/2022,Cantidad de Comercios Adheridos por Operadora,25530,36930,OMP 04
01/02/2022,Cantidad de Comercios Adheridos por Operadora,25530,37360,OMP 04
01/03/2022,Cantidad de Comercios Adheridos por Operadora,25530,37740,OMP 04
01/04/2022,Cantidad de Comercios Adheridos por Operadora,25530,38010,OMP 04
01/05/2022,Cantidad de Comercios Adheridos por Operadora,25530,38321,OMP 04
01/06/2022,Cantidad de Comercios Adheridos por Operadora,25530,38646,OMP 04
01/07/2022,Cantidad de Comercios Adheridos por Operadora,25530,39044,OMP 04
01/08/2022,Cantidad de Comercios Adheridos por Operadora,25530,39546,OMP 04
01/09/2022,Cantidad de Comercios Adheridos por Operadora,25530,40214,OMP 04
01/10/2022,Cantidad de Comercios Adheridos por Operadora,25530,40554,OMP 04
01/11/2022,Cantidad de Comercios Adheridos por Operadora,25530,41123,OMP 04
01/12/2022,Cantidad de Comercios Adheridos por Operadora,25530,41975,OMP 04
01/01/2023,Cantidad de Comercios Adheridos por Operadora,25530,42594,OMP 04
01/02/2023,Cantidad de Comercios Adheridos por Operadora,25530,43245,OMP 04
01/03/2023,Cantidad de Comercios Adheridos por Operadora,25530,43954,OMP 04
01/04/2023,Cantidad de Comercios Adheridos por Operadora,25530,44728,OMP 04
01/05/2023,Cantidad de Comercios Adheridos por Operadora,25530,45410,OMP 04
01/06/2023,Cantidad de Comercios Adheridos por Operadora,25530,46389,OMP 04
01/07/2023,Cantidad de Comercios Adheridos por Operadora,25530,48196,OMP 04
01/08/2023,Cantidad de Comercios Adheridos por Operadora,25530,48562,OMP 04
01/09/2023,Cantidad de Comercios Adheridos por Operadora,25530,49655,OMP 04
01/10/2023,Cantidad de Comercios Adheridos por Operadora,25530,51052,OMP 04
01/11/2023,Cantidad de Comercios Adheridos por Operadora,25530,52272,OMP 04
01/12/2023,Cantidad de Comercios Adheridos por Operadora,25530,53306,OMP 04
01/01/2024,Cantidad de Comercios Adheridos por Operadora,25530,54280,OMP 04
01/02/2024,Cantidad de Comercios Adheridos por Operadora,25530,55367,OMP 04
01/03/2024,Cantidad de Comercios Adheridos por Operadora,25530,56377,OMP 04
01/04/2024,Cantidad de Comercios Adheridos por Operadora,25530,57531,OMP 04
01/05/2024,Cantidad de Comercios Adheridos por Operadora,25530,58471,OMP 04
01/06/2024,Cantidad de Comercios Adheridos por Operadora,25530,59429,OMP 04
01/07/2024,Cantidad de Comercios Adheridos por Operadora,25530,60493,OMP 04
01/08/2024,Cantidad de Comercios Adheridos por Operadora,25530,61555,OMP 04
01/09/2024,Cantidad de Comercios Adheridos por Operadora,25530,63798,OMP 04
01/10/2024,Cantidad de Comercios Adheridos por Operadora,25530,66682,OMP 04
01/11/2024,Cantidad de Comercios Adheridos por Operadora,25530,69358,OMP 04
01/12/2024,Cantidad de Comercios Adheridos por Operadora,25530,70918,OMP 04
01/01/2025,Cantidad de Comercios Adheridos por Operadora,25530,72212,OMP 04
01/02/2025,Cantidad de Comercios Adheridos por Operadora,25530,73415,OMP 04
01/03/2025,Cantidad de Comercios Adheridos por Operadora,25530,74718,OMP 04
01/04/2025,Cantidad de Comercios Adheridos por Operadora,25530,75638,OMP 04
01/05/2025,Cantidad de Comercios Adheridos por Operadora,25530,76896,OMP 04
01/06/2025,Cantidad de Comercios Adheridos por Operadora,25530,77877,OMP 04
01/07/2025,Cantidad de Comercios Adheridos por Operadora,25530,78922,OMP 04
01/08/2025,Cantidad de Comercios Adheridos por Operadora,25530,79844,OMP 04
01/09/2025,Cantidad de Comercios Adheridos por Operadora,25530,80876,OMP 04
01/10/2025,Cantidad de Comercios Adheridos por Operadora,25530,81965,OMP 04
01/11/2025,Cantidad de Comercios Adheridos por Operadora,25530,82983,OMP 04
01/12/2025,Cantidad de Comercios Adheridos por Operadora,25530,83805,OMP 04
01/01/2026,Cantidad de Comercios Adheridos por Operadora,25530,84158,OMP 04
01/02/2026,Cantidad de Comercios Adheridos por Operadora,25530,85160,OMP 04
01/03/2026,Cantidad de Comercios Adheridos por Operadora,25530,86425,OMP 04
01/02/2018,Cantidad de Comercios Adheridos por Operadora,5251,5329,OMP 04
01/03/2018,Cantidad de Comercios Adheridos por Operadora,5251,5306,OMP 04
01/04/2018,Cantidad de Comercios Adheridos por Operadora,5251,5248,OMP 04
01/05/2018,Cantidad de Comercios Adheridos por Operadora,5251,5174,OMP 04
01/06/2018,Cantidad de Comercios Adheridos por Operadora,5251,5125,OMP 04
01/07/2018,Cantidad de Comercios Adheridos por Operadora,5251,5057,OMP 04
01/08/2018,Cantidad de Comercios Adheridos por Operadora,5251,5090,OMP 04
01/09/2018,Cantidad de Comercios Adheridos por Operadora,5251,5056,OMP 04
01/10/2018,Cantidad de Comercios Adheridos por Operadora,5251,5015,OMP 04
01/11/2018,Cantidad de Comercios Adheridos por Operadora,5251,4838,OMP 04
01/12/2018,Cantidad de Comercios Adheridos por Operadora,5251,4912,OMP 04
01/01/2019,Cantidad de Comercios Adheridos por Operadora,5251,4859,OMP 04
01/02/2019,Cantidad de Comercios Adheridos por Operadora,5251,4839,OMP 04
01/03/2019,Cantidad de Comercios Adheridos por Operadora,5251,4929,OMP 04
01/04/2019,Cantidad de Comercios Adheridos por Operadora,5251,4945,OMP 04
01/05/2019,Cantidad de Comercios Adheridos por Operadora,5251,4964,OMP 04
01/06/2019,Cantidad de Comercios Adheridos por Operadora,5251,4947,OMP 04
01/07/2019,Cantidad de Comercios Adheridos por Operadora,5251,4965,OMP 04
01/08/2019,Cantidad de Comercios Adheridos por Operadora,5251,4985,OMP 04
01/09/2019,Cantidad de Comercios Adheridos por Operadora,5251,5058,OMP 04
01/10/2019,Cantidad de Comercios Adheridos por Operadora,5251,5091,OMP 04
01/11/2019,Cantidad de Comercios Adheridos por Operadora,5251,5165,OMP 04
01/12/2019,Cantidad de Comercios Adheridos por Operadora,5251,5232,OMP 04
01/01/2020,Cantidad de Comercios Adheridos por Operadora,5251,5235,OMP 04
01/02/2020,Cantidad de Comercios Adheridos por Operadora,5251,5242,OMP 04
01/03/2020,Cantidad de Comercios Adheridos por Operadora,5251,5225,OMP 04
01/04/2020,Cantidad de Comercios Adheridos por Operadora,5251,5506,OMP 04
01/05/2020,Cantidad de Comercios Adheridos por Operadora,5251,6022,OMP 04
01/06/2020,Cantidad de Comercios Adheridos por Operadora,5251,6249,OMP 04
01/07/2020,Cantidad de Comercios Adheridos por Operadora,5251,6436,OMP 04
01/08/2020,Cantidad de Comercios Adheridos por Operadora,5251,6759,OMP 04
01/09/2020,Cantidad de Comercios Adheridos por Operadora,5251,6970,OMP 04
01/10/2020,Cantidad de Comercios Adheridos por Operadora,5251,7138,OMP 04
01/11/2020,Cantidad de Comercios Adheridos por Operadora,5251,7351,OMP 04
01/12/2020,Cantidad de Comercios Adheridos por Operadora,5251,7325,OMP 04
01/01/2021,Cantidad de Comercios Adheridos por Operadora,5251,7493,OMP 04
01/02/2021,Cantidad de Comercios Adheridos por Operadora,5251,7612,OMP 04
01/03/2021,Cantidad de Comercios Adheridos por Operadora,5251,7675,OMP 04
01/04/2021,Cantidad de Comercios Adheridos por Operadora,5251,7733,OMP 04
01/05/2021,Cantidad de Comercios Adheridos por Operadora,5251,7843,OMP 04
01/06/2021,Cantidad de Comercios Adheridos por Operadora,5251,7996,OMP 04
01/07/2021,Cantidad de Comercios Adheridos por Operadora,5251,8135,OMP 04
01/08/2021,Cantidad de Comercios Adheridos por Operadora,5251,8268,OMP 04
01/09/2021,Cantidad de Comercios Adheridos por Operadora,5251,8470,OMP 04
01/10/2021,Cantidad de Comercios Adheridos por Operadora,5251,8680,OMP 04
01/11/2021,Cantidad de Comercios Adheridos por Operadora,5251,8927,OMP 04
01/12/2021,Cantidad de Comercios Adheridos por Operadora,5251,9378,OMP 04
01/01/2022,Cantidad de Comercios Adheridos por Operadora,5251,9662,OMP 04
01/02/2022,Cantidad de Comercios Adheridos por Operadora,5251,10037,OMP 04
01/03/2022,Cantidad de Comercios Adheridos por Operadora,5251,10479,OMP 04
01/04/2022,Cantidad de Comercios Adheridos por Operadora,5251,10866,OMP 04
01/05/2022,Cantidad de Comercios Adheridos por Operadora,5251,11263,OMP 04
01/06/2022,Cantidad de Comercios Adheridos por Operadora,5251,11607,OMP 04
01/07/2022,Cantidad de Comercios Adheridos por Operadora,5251,11829,OMP 04
01/08/2022,Cantidad de Comercios Adheridos por Operadora,5251,12065,OMP 04
01/09/2022,Cantidad de Comercios Adheridos por Operadora,5251,12315,OMP 04
01/10/2022,Cantidad de Comercios Adheridos por Operadora,5251,12575,OMP 04
01/11/2022,Cantidad de Comercios Adheridos por Operadora,5251,12876,OMP 04
01/12/2022,Cantidad de Comercios Adheridos por Operadora,5251,13076,OMP 04
01/01/2023,Cantidad de Comercios Adheridos por Operadora,5251,13135,OMP 04
01/02/2023,Cantidad de Comercios Adheridos por Operadora,5251,13317,OMP 04
01/03/2023,Cantidad de Comercios Adheridos por Operadora,5251,13492,OMP 04
01/04/2023,Cantidad de Comercios Adheridos por Operadora,5251,13703,OMP 04
01/05/2023,Cantidad de Comercios Adheridos por Operadora,5251,13802,OMP 04
01/06/2023,Cantidad de Comercios Adheridos por Operadora,5251,13992,OMP 04
01/07/2023,Cantidad de Comercios Adheridos por Operadora,5251,14297,OMP 04
01/08/2023,Cantidad de Comercios Adheridos por Operadora,5251,14581,OMP 04
01/09/2023,Cantidad de Comercios Adheridos por Operadora,5251,14788,OMP 04
01/10/2023,Cantidad de Comercios Adheridos por Operadora,5251,15102,OMP 04
01/11/2023,Cantidad de Comercios Adheridos por Operadora,5251,15352,OMP 04
01/12/2023,Cantidad de Comercios Adheridos por Operadora,5251,15644,OMP 04
01/01/2024,Cantidad de Comercios Adheridos por Operadora,5251,15887,OMP 04
01/02/2024,Cantidad de Comercios Adheridos por Operadora,5251,16207,OMP 04
01/03/2024,Cantidad de Comercios Adheridos por Operadora,5251,16558,OMP 04
01/04/2024,Cantidad de Comercios Adheridos por Operadora,5251,17108,OMP 04
01/05/2024,Cantidad de Comercios Adheridos por Operadora,5251,17629,OMP 04
01/06/2024,Cantidad de Comercios Adheridos por Operadora,5251,18195,OMP 04
01/07/2024,Cantidad de Comercios Adheridos por Operadora,5251,18789,OMP 04
01/08/2024,Cantidad de Comercios Adheridos por Operadora,5251,19421,OMP 04
01/09/2024,Cantidad de Comercios Adheridos por Operadora,5251,19834,OMP 04
01/10/2024,Cantidad de Comercios Adheridos por Operadora,5251,20082,OMP 04
01/11/2024,Cantidad de Comercios Adheridos por Operadora,5251,20255,OMP 04
01/12/2024,Cantidad de Comercios Adheridos por Operadora,5251,20414,OMP 04
01/01/2025,Cantidad de Comercios Adheridos por Operadora,5251,20360,OMP 04
01/02/2025,Cantidad de Comercios Adheridos por Operadora,5251,20552,OMP 04
01/03/2025,Cantidad de Comercios Adheridos por Operadora,5251,20814,OMP 04
01/04/2025,Cantidad de Comercios Adheridos por Operadora,5251,21071,OMP 04
01/05/2025,Cantidad de Comercios Adheridos por Operadora,5251,21443,OMP 04
01/06/2025,Cantidad de Comercios Adheridos por Operadora,5251,21804,OMP 04
01/07/2025,Cantidad de Comercios Adheridos por Operadora,5251,22193,OMP 04
01/08/2025,Cantidad de Comercios Adheridos por Operadora,5251,22680,OMP 04
01/09/2025,Cantidad de Comercios Adheridos por Operadora,5251,23219,OMP 04
01/10/2025,Cantidad de Comercios Adheridos por Operadora,5251,23931,OMP 04
01/11/2025,Cantidad de Comercios Adheridos por Operadora,5251,24615,OMP 04
01/12/2025,Cantidad de Comercios Adheridos por Operadora,5251,25094,OMP 04
01/01/2026,Cantidad de Comercios Adheridos por Operadora,5251,25067,OMP 04
01/02/2026,Cantidad de Comercios Adheridos por Operadora,5251,25521,OMP 04
01/03/2026,Cantidad de Comercios Adheridos por Operadora,5251,25909,OMP 04
01/02/2018,Cantidad de Comercios Adheridos por Operadora,18079,18247,OMP 04
01/03/2018,Cantidad de Comercios Adheridos por Operadora,18079,18532,OMP 04
01/04/2018,Cantidad de Comercios Adheridos por Operadora,18079,18798,OMP 04
01/05/2018,Cantidad de Comercios Adheridos por Operadora,18079,19105,OMP 04
01/06/2018,Cantidad de Comercios Adheridos por Operadora,18079,19431,OMP 04
01/07/2018,Cantidad de Comercios Adheridos por Operadora,18079,19830,OMP 04
01/08/2018,Cantidad de Comercios Adheridos por Operadora,18079,20295,OMP 04
01/09/2018,Cantidad de Comercios Adheridos por Operadora,18079,20699,OMP 04
01/10/2018,Cantidad de Comercios Adheridos por Operadora,18079,21139,OMP 04
01/11/2018,Cantidad de Comercios Adheridos por Operadora,18079,21648,OMP 04
01/12/2018,Cantidad de Comercios Adheridos por Operadora,18079,21985,OMP 04
01/01/2019,Cantidad de Comercios Adheridos por Operadora,18079,22269,OMP 04
01/02/2019,Cantidad de Comercios Adheridos por Operadora,18079,22587,OMP 04
01/03/2019,Cantidad de Comercios Adheridos por Operadora,18079,23007,OMP 04
01/04/2019,Cantidad de Comercios Adheridos por Operadora,18079,23458,OMP 04
01/05/2019,Cantidad de Comercios Adheridos por Operadora,18079,23897,OMP 04
01/06/2019,Cantidad de Comercios Adheridos por Operadora,18079,24265,OMP 04
01/07/2019,Cantidad de Comercios Adheridos por Operadora,18079,24661,OMP 04
01/08/2019,Cantidad de Comercios Adheridos por Operadora,18079,25055,OMP 04
01/09/2019,Cantidad de Comercios Adheridos por Operadora,18079,25451,OMP 04
01/10/2019,Cantidad de Comercios Adheridos por Operadora,18079,26010,OMP 04
01/11/2019,Cantidad de Comercios Adheridos por Operadora,18079,26472,OMP 04
01/12/2019,Cantidad de Comercios Adheridos por Operadora,18079,26790,OMP 04
01/01/2020,Cantidad de Comercios Adheridos por Operadora,18079,27164,OMP 04
01/02/2020,Cantidad de Comercios Adheridos por Operadora,18079,27464,OMP 04
01/03/2020,Cantidad de Comercios Adheridos por Operadora,18079,27771,OMP 04
01/04/2020,Cantidad de Comercios Adheridos por Operadora,18079,27824,OMP 04
01/05/2020,Cantidad de Comercios Adheridos por Operadora,18079,27993,OMP 04
01/06/2020,Cantidad de Comercios Adheridos por Operadora,18079,28438,OMP 04
01/07/2020,Cantidad de Comercios Adheridos por Operadora,18079,28797,OMP 04
01/08/2020,Cantidad de Comercios Adheridos por Operadora,18079,29092,OMP 04
01/09/2020,Cantidad de Comercios Adheridos por Operadora,18079,29312,OMP 04
01/10/2020,Cantidad de Comercios Adheridos por Operadora,18079,29735,OMP 04
01/11/2020,Cantidad de Comercios Adheridos por Operadora,18079,30028,OMP 04
01/12/2020,Cantidad de Comercios Adheridos por Operadora,18079,30292,OMP 04
01/01/2021,Cantidad de Comercios Adheridos por Operadora,18079,30683,OMP 04
01/02/2021,Cantidad de Comercios Adheridos por Operadora,18079,31007,OMP 04
01/03/2021,Cantidad de Comercios Adheridos por Operadora,18079,31278,OMP 04
01/04/2021,Cantidad de Comercios Adheridos por Operadora,18079,31578,OMP 04
01/05/2021,Cantidad de Comercios Adheridos por Operadora,18079,31999,OMP 04
01/06/2021,Cantidad de Comercios Adheridos por Operadora,18079,32453,OMP 04
01/07/2021,Cantidad de Comercios Adheridos por Operadora,18079,32655,OMP 04
01/08/2021,Cantidad de Comercios Adheridos por Operadora,18079,33479,OMP 04
01/09/2021,Cantidad de Comercios Adheridos por Operadora,18079,34091,OMP 04
01/10/2021,Cantidad de Comercios Adheridos por Operadora,18079,34547,OMP 04
01/11/2021,Cantidad de Comercios Adheridos por Operadora,18079,34605,OMP 04
01/12/2021,Cantidad de Comercios Adheridos por Operadora,18079,35632,OMP 04
01/01/2022,Cantidad de Comercios Adheridos por Operadora,18079,36254,OMP 04
01/02/2022,Cantidad de Comercios Adheridos por Operadora,18079,36672,OMP 04
01/03/2022,Cantidad de Comercios Adheridos por Operadora,18079,37122,OMP 04
01/04/2022,Cantidad de Comercios Adheridos por Operadora,18079,37756,OMP 04
01/05/2022,Cantidad de Comercios Adheridos por Operadora,18079,38326,OMP 04
01/06/2022,Cantidad de Comercios Adheridos por Operadora,18079,38943,OMP 04
01/07/2022,Cantidad de Comercios Adheridos por Operadora,18079,39415,OMP 04
01/08/2022,Cantidad de Comercios Adheridos por Operadora,18079,40023,OMP 04
01/09/2022,Cantidad de Comercios Adheridos por Operadora,18079,40522,OMP 04
01/10/2022,Cantidad de Comercios Adheridos por Operadora,18079,41024,OMP 04
01/11/2022,Cantidad de Comercios Adheridos por Operadora,18079,41515,OMP 04
01/12/2022,Cantidad de Comercios Adheridos por Operadora,18079,41976,OMP 04
01/01/2023,Cantidad de Comercios Adheridos por Operadora,18079,42456,OMP 04
01/02/2023,Cantidad de Comercios Adheridos por Operadora,18079,42736,OMP 04
01/03/2023,Cantidad de Comercios Adheridos por Operadora,18079,43416,OMP 04
01/04/2023,Cantidad de Comercios Adheridos por Operadora,18079,43880,OMP 04
01/05/2023,Cantidad de Comercios Adheridos por Operadora,18079,44448,OMP 04
01/06/2023,Cantidad de Comercios Adheridos por Operadora,18079,44799,OMP 04
01/07/2023,Cantidad de Comercios Adheridos por Operadora,18079,45418,OMP 04
01/08/2023,Cantidad de Comercios Adheridos por Operadora,18079,46062,OMP 04
01/09/2023,Cantidad de Comercios Adheridos por Operadora,18079,46884,OMP 04
01/10/2023,Cantidad de Comercios Adheridos por Operadora,18079,47678,OMP 04
01/11/2023,Cantidad de Comercios Adheridos por Operadora,18079,48634,OMP 04
01/12/2023,Cantidad de Comercios Adheridos por Operadora,18079,49139,OMP 04
01/01/2024,Cantidad de Comercios Adheridos por Operadora,18079,49766,OMP 04
01/02/2024,Cantidad de Comercios Adheridos por Operadora,18079,50298,OMP 04
01/03/2024,Cantidad de Comercios Adheridos por Operadora,18079,51182,OMP 04
01/04/2024,Cantidad de Comercios Adheridos por Operadora,18079,51757,OMP 04
01/05/2024,Cantidad de Comercios Adheridos por Operadora,18079,52396,OMP 04
01/06/2024,Cantidad de Comercios Adheridos por Operadora,18079,52899,OMP 04
01/07/2024,Cantidad de Comercios Adheridos por Operadora,18079,53553,OMP 04
01/08/2024,Cantidad de Comercios Adheridos por Operadora,18079,54076,OMP 04
01/09/2024,Cantidad de Comercios Adheridos por Operadora,18079,54745,OMP 04
01/10/2024,Cantidad de Comercios Adheridos por Operadora,18079,55645,OMP 04
01/11/2024,Cantidad de Comercios Adheridos por Operadora,18079,56510,OMP 04
01/12/2024,Cantidad de Comercios Adheridos por Operadora,18079,56915,OMP 04
01/01/2025,Cantidad de Comercios Adheridos por Operadora,18079,57237,OMP 04
01/02/2025,Cantidad de Comercios Adheridos por Operadora,18079,67536,OMP 04
01/03/2025,Cantidad de Comercios Adheridos por Operadora,18079,68676,OMP 04
01/04/2025,Cantidad de Comercios Adheridos por Operadora,18079,69456,OMP 04
01/05/2025,Cantidad de Comercios Adheridos por Operadora,18079,70323,OMP 04
01/06/2025,Cantidad de Comercios Adheridos por Operadora,18079,71017,OMP 04
01/07/2025,Cantidad de Comercios Adheridos por Operadora,18079,72218,OMP 04
01/08/2025,Cantidad de Comercios Adheridos por Operadora,18079,72999,OMP 04
01/09/2025,Cantidad de Comercios Adheridos por Operadora,18079,73943,OMP 04
01/10/2025,Cantidad de Comercios Adheridos por Operadora,18079,75053,OMP 04
01/11/2025,Cantidad de Comercios Adheridos por Operadora,18079,75887,OMP 04
01/12/2025,Cantidad de Comercios Adheridos por Operadora,18079,76327,OMP 04
01/01/2026,Cantidad de Comercios Adheridos por Operadora,18079,77167,OMP 04
01/02/2026,Cantidad de Comercios Adheridos por Operadora,18079,78197,OMP 04
01/03/2026,Cantidad de Comercios Adheridos por Operadora,18079,79013,OMP 04
01/02/2018,Cantidad de Comercios Adheridos por Operadora,18598,18766,OMP 04
01/03/2018,Cantidad de Comercios Adheridos por Operadora,18598,19060,OMP 04
01/04/2018,Cantidad de Comercios Adheridos por Operadora,18598,19340,OMP 04
01/05/2018,Cantidad de Comercios Adheridos por Operadora,18598,19633,OMP 04
01/06/2018,Cantidad de Comercios Adheridos por Operadora,18598,19964,OMP 04
01/07/2018,Cantidad de Comercios Adheridos por Operadora,18598,20367,OMP 04
01/08/2018,Cantidad de Comercios Adheridos por Operadora,18598,20829,OMP 04
01/09/2018,Cantidad de Comercios Adheridos por Operadora,18598,21243,OMP 04
01/10/2018,Cantidad de Comercios Adheridos por Operadora,18598,21707,OMP 04
01/11/2018,Cantidad de Comercios Adheridos por Operadora,18598,22238,OMP 04
01/12/2018,Cantidad de Comercios Adheridos por Operadora,18598,22563,OMP 04
01/01/2019,Cantidad de Comercios Adheridos por Operadora,18598,22841,OMP 04
01/02/2019,Cantidad de Comercios Adheridos por Operadora,18598,23161,OMP 04
01/03/2019,Cantidad de Comercios Adheridos por Operadora,18598,23589,OMP 04
01/04/2019,Cantidad de Comercios Adheridos por Operadora,18598,24042,OMP 04
01/05/2019,Cantidad de Comercios Adheridos por Operadora,18598,24492,OMP 04
01/06/2019,Cantidad de Comercios Adheridos por Operadora,18598,24863,OMP 04
01/07/2019,Cantidad de Comercios Adheridos por Operadora,18598,25261,OMP 04
01/08/2019,Cantidad de Comercios Adheridos por Operadora,18598,25662,OMP 04
01/09/2019,Cantidad de Comercios Adheridos por Operadora,18598,26061,OMP 04
01/10/2019,Cantidad de Comercios Adheridos por Operadora,18598,26619,OMP 04
01/11/2019,Cantidad de Comercios Adheridos por Operadora,18598,27079,OMP 04
01/12/2019,Cantidad de Comercios Adheridos por Operadora,18598,27417,OMP 04
01/01/2020,Cantidad de Comercios Adheridos por Operadora,18598,27778,OMP 04
01/02/2020,Cantidad de Comercios Adheridos por Operadora,18598,28048,OMP 04
01/03/2020,Cantidad de Comercios Adheridos por Operadora,18598,28369,OMP 04
01/04/2020,Cantidad de Comercios Adheridos por Operadora,18598,28422,OMP 04
01/05/2020,Cantidad de Comercios Adheridos por Operadora,18598,28604,OMP 04
01/06/2020,Cantidad de Comercios Adheridos por Operadora,18598,29047,OMP 04
01/07/2020,Cantidad de Comercios Adheridos por Operadora,18598,29412,OMP 04
01/08/2020,Cantidad de Comercios Adheridos por Operadora,18598,29723,OMP 04
01/09/2020,Cantidad de Comercios Adheridos por Operadora,18598,29927,OMP 04
01/10/2020,Cantidad de Comercios Adheridos por Operadora,18598,30358,OMP 04
01/11/2020,Cantidad de Comercios Adheridos por Operadora,18598,30653,OMP 04
01/12/2020,Cantidad de Comercios Adheridos por Operadora,18598,30924,OMP 04
01/01/2021,Cantidad de Comercios Adheridos por Operadora,18598,31256,OMP 04
01/02/2021,Cantidad de Comercios Adheridos por Operadora,18598,31637,OMP 04
01/03/2021,Cantidad de Comercios Adheridos por Operadora,18598,31904,OMP 04
01/04/2021,Cantidad de Comercios Adheridos por Operadora,18598,32209,OMP 04
01/05/2021,Cantidad de Comercios Adheridos por Operadora,18598,32630,OMP 04
01/06/2021,Cantidad de Comercios Adheridos por Operadora,18598,33036,OMP 04
01/07/2021,Cantidad de Comercios Adheridos por Operadora,18598,33694,OMP 04
01/08/2021,Cantidad de Comercios Adheridos por Operadora,18598,34097,OMP 04
01/09/2021,Cantidad de Comercios Adheridos por Operadora,18598,34705,OMP 04
01/10/2021,Cantidad de Comercios Adheridos por Operadora,18598,35160,OMP 04
01/11/2021,Cantidad de Comercios Adheridos por Operadora,18598,35716,OMP 04
01/12/2021,Cantidad de Comercios Adheridos por Operadora,18598,36299,OMP 04
01/01/2022,Cantidad de Comercios Adheridos por Operadora,18598,36873,OMP 04
01/02/2022,Cantidad de Comercios Adheridos por Operadora,18598,37251,OMP 04
01/03/2022,Cantidad de Comercios Adheridos por Operadora,18598,37732,OMP 04
01/04/2022,Cantidad de Comercios Adheridos por Operadora,18598,38366,OMP 04
01/05/2022,Cantidad de Comercios Adheridos por Operadora,18598,38957,OMP 04
01/06/2022,Cantidad de Comercios Adheridos por Operadora,18598,39533,OMP 04
01/07/2022,Cantidad de Comercios Adheridos por Operadora,18598,40012,OMP 04
01/08/2022,Cantidad de Comercios Adheridos por Operadora,18598,40624,OMP 04
01/09/2022,Cantidad de Comercios Adheridos por Operadora,18598,41187,OMP 04
01/10/2022,Cantidad de Comercios Adheridos por Operadora,18598,41649,OMP 04
01/11/2022,Cantidad de Comercios Adheridos por Operadora,18598,42091,OMP 04
01/12/2022,Cantidad de Comercios Adheridos por Operadora,18598,42565,OMP 04
01/01/2023,Cantidad de Comercios Adheridos por Operadora,18598,43044,OMP 04
01/02/2023,Cantidad de Comercios Adheridos por Operadora,18598,43367,OMP 04
01/03/2023,Cantidad de Comercios Adheridos por Operadora,18598,44029,OMP 04
01/04/2023,Cantidad de Comercios Adheridos por Operadora,18598,44496,OMP 04
01/05/2023,Cantidad de Comercios Adheridos por Operadora,18598,45062,OMP 04
01/06/2023,Cantidad de Comercios Adheridos por Operadora,18598,45439,OMP 04
01/07/2023,Cantidad de Comercios Adheridos por Operadora,18598,46034,OMP 04
01/08/2023,Cantidad de Comercios Adheridos por Operadora,18598,46691,OMP 04
01/09/2023,Cantidad de Comercios Adheridos por Operadora,18598,47546,OMP 04
01/10/2023,Cantidad de Comercios Adheridos por Operadora,18598,48376,OMP 04
01/11/2023,Cantidad de Comercios Adheridos por Operadora,18598,49275,OMP 04
01/12/2023,Cantidad de Comercios Adheridos por Operadora,18598,49846,OMP 04
01/01/2024,Cantidad de Comercios Adheridos por Operadora,18598,50420,OMP 04
01/02/2024,Cantidad de Comercios Adheridos por Operadora,18598,50967,OMP 04
01/03/2024,Cantidad de Comercios Adheridos por Operadora,18598,51531,OMP 04
01/04/2024,Cantidad de Comercios Adheridos por Operadora,18598,52374,OMP 04
01/05/2024,Cantidad de Comercios Adheridos por Operadora,18598,53000,OMP 04
01/06/2024,Cantidad de Comercios Adheridos por Operadora,18598,53515,OMP 04
01/07/2024,Cantidad de Comercios Adheridos por Operadora,18598,54155,OMP 04
01/08/2024,Cantidad de Comercios Adheridos por Operadora,18598,54654,OMP 04
01/09/2024,Cantidad de Comercios Adheridos por Operadora,18598,55201,OMP 04
01/10/2024,Cantidad de Comercios Adheridos por Operadora,18598,55990,OMP 04
01/11/2024,Cantidad de Comercios Adheridos por Operadora,18598,56652,OMP 04
01/12/2024,Cantidad de Comercios Adheridos por Operadora,18598,57156,OMP 04
01/01/2025,Cantidad de Comercios Adheridos por Operadora,18598,57441,OMP 04
01/02/2025,Cantidad de Comercios Adheridos por Operadora,18598,67817,OMP 04
01/03/2025,Cantidad de Comercios Adheridos por Operadora,18598,68951,OMP 04
01/04/2025,Cantidad de Comercios Adheridos por Operadora,18598,69748,OMP 04
01/05/2025,Cantidad de Comercios Adheridos por Operadora,18598,70612,OMP 04
01/06/2025,Cantidad de Comercios Adheridos por Operadora,18598,71286,OMP 04
01/07/2025,Cantidad de Comercios Adheridos por Operadora,18598,72436,OMP 04
01/08/2025,Cantidad de Comercios Adheridos por Operadora,18598,73134,OMP 04
01/09/2025,Cantidad de Comercios Adheridos por Operadora,18598,74153,OMP 04
01/10/2025,Cantidad de Comercios Adheridos por Operadora,18598,75220,OMP 04
01/11/2025,Cantidad de Comercios Adheridos por Operadora,18598,75919,OMP 04
01/12/2025,Cantidad de Comercios Adheridos por Operadora,18598,76350,OMP 04
01/01/2026,Cantidad de Comercios Adheridos por Operadora,18598,77157,OMP 04
01/02/2026,Cantidad de Comercios Adheridos por Operadora,18598,77991,OMP 04
01/03/2026,Cantidad de Comercios Adheridos por Operadora,18598,78825,OMP 04
01/02/2018,Cantidad de Comercios Adheridos por Operadora,1110,1124,OMP 04
01/03/2018,Cantidad de Comercios Adheridos por Operadora,1110,1158,OMP 04
01/04/2018,Cantidad de Comercios Adheridos por Operadora,1110,1266,OMP 04
01/05/2018,Cantidad de Comercios Adheridos por Operadora,1110,1338,OMP 04
01/06/2018,Cantidad de Comercios Adheridos por Operadora,1110,1390,OMP 04
01/07/2018,Cantidad de Comercios Adheridos por Operadora,1110,1424,OMP 04
01/08/2018,Cantidad de Comercios Adheridos por Operadora,1110,1381,OMP 04
01/09/2018,Cantidad de Comercios Adheridos por Operadora,1110,1367,OMP 04
01/10/2018,Cantidad de Comercios Adheridos por Operadora,1110,1358,OMP 04
01/11/2018,Cantidad de Comercios Adheridos por Operadora,1110,1362,OMP 04
01/12/2018,Cantidad de Comercios Adheridos por Operadora,1110,1414,OMP 04
01/01/2019,Cantidad de Comercios Adheridos por Operadora,1110,1417,OMP 04
01/02/2019,Cantidad de Comercios Adheridos por Operadora,1110,1453,OMP 04
01/03/2019,Cantidad de Comercios Adheridos por Operadora,1110,1456,OMP 04
01/04/2019,Cantidad de Comercios Adheridos por Operadora,1110,1460,OMP 04
01/05/2019,Cantidad de Comercios Adheridos por Operadora,1110,1452,OMP 04
01/06/2019,Cantidad de Comercios Adheridos por Operadora,1110,1447,OMP 04
01/07/2019,Cantidad de Comercios Adheridos por Operadora,1110,1433,OMP 04
01/08/2019,Cantidad de Comercios Adheridos por Operadora,1110,1408,OMP 04
01/09/2019,Cantidad de Comercios Adheridos por Operadora,1110,1381,OMP 04
01/10/2019,Cantidad de Comercios Adheridos por Operadora,1110,1373,OMP 04
01/11/2019,Cantidad de Comercios Adheridos por Operadora,1110,1364,OMP 04
01/12/2019,Cantidad de Comercios Adheridos por Operadora,1110,1337,OMP 04
01/01/2020,Cantidad de Comercios Adheridos por Operadora,1110,1317,OMP 04
01/02/2020,Cantidad de Comercios Adheridos por Operadora,1110,1295,OMP 04
01/03/2020,Cantidad de Comercios Adheridos por Operadora,1110,1304,OMP 04
01/04/2020,Cantidad de Comercios Adheridos por Operadora,1110,1316,OMP 04
01/05/2020,Cantidad de Comercios Adheridos por Operadora,1110,1268,OMP 04
01/06/2020,Cantidad de Comercios Adheridos por Operadora,1110,1277,OMP 04
01/07/2020,Cantidad de Comercios Adheridos por Operadora,1110,1264,OMP 04
01/08/2020,Cantidad de Comercios Adheridos por Operadora,1110,1258,OMP 04
01/09/2020,Cantidad de Comercios Adheridos por Operadora,1110,1275,OMP 04
01/10/2020,Cantidad de Comercios Adheridos por Operadora,1110,1273,OMP 04
01/11/2020,Cantidad de Comercios Adheridos por Operadora,1110,1217,OMP 04
01/12/2020,Cantidad de Comercios Adheridos por Operadora,1110,1190,OMP 04
01/01/2021,Cantidad de Comercios Adheridos por Operadora,1110,1180,OMP 04
01/02/2021,Cantidad de Comercios Adheridos por Operadora,1110,1182,OMP 04
01/03/2021,Cantidad de Comercios Adheridos por Operadora,1110,1153,OMP 04
01/04/2021,Cantidad de Comercios Adheridos por Operadora,1110,1041,OMP 04
01/05/2021,Cantidad de Comercios Adheridos por Operadora,1110,994,OMP 04
01/06/2021,Cantidad de Comercios Adheridos por Operadora,1110,991,OMP 04
01/07/2021,Cantidad de Comercios Adheridos por Operadora,1110,981,OMP 04
01/08/2021,Cantidad de Comercios Adheridos por Operadora,1110,960,OMP 04
01/09/2021,Cantidad de Comercios Adheridos por Operadora,1110,945,OMP 04
01/10/2021,Cantidad de Comercios Adheridos por Operadora,1110,929,OMP 04
01/11/2021,Cantidad de Comercios Adheridos por Operadora,1110,902,OMP 04
01/12/2021,Cantidad de Comercios Adheridos por Operadora,1110,889,OMP 04
01/01/2022,Cantidad de Comercios Adheridos por Operadora,1110,818,OMP 04
01/02/2022,Cantidad de Comercios Adheridos por Operadora,1110,768,OMP 04
01/03/2022,Cantidad de Comercios Adheridos por Operadora,1110,680,OMP 04
01/04/2022,Cantidad de Comercios Adheridos por Operadora,1110,655,OMP 04
01/05/2022,Cantidad de Comercios Adheridos por Operadora,1110,576,OMP 04
01/06/2022,Cantidad de Comercios Adheridos por Operadora,1110,541,OMP 04
01/07/2022,Cantidad de Comercios Adheridos por Operadora,1110,491,OMP 04
01/08/2022,Cantidad de Comercios Adheridos por Operadora,1110,480,OMP 04
01/09/2022,Cantidad de Comercios Adheridos por Operadora,1110,473,OMP 04
01/10/2022,Cantidad de Comercios Adheridos por Operadora,1110,472,OMP 04
01/11/2022,Cantidad de Comercios Adheridos por Operadora,1110,466,OMP 04
01/12/2022,Cantidad de Comercios Adheridos por Operadora,1110,465,OMP 04
01/01/2023,Cantidad de Comercios Adheridos por Operadora,1110,441,OMP 04
01/02/2023,Cantidad de Comercios Adheridos por Operadora,1110,342,OMP 04
01/03/2023,Cantidad de Comercios Adheridos por Operadora,1110,260,OMP 04
01/04/2023,Cantidad de Comercios Adheridos por Operadora,1110,236,OMP 04
01/05/2023,Cantidad de Comercios Adheridos por Operadora,1110,258,OMP 04
01/06/2023,Cantidad de Comercios Adheridos por Operadora,1110,253,OMP 04
01/07/2023,Cantidad de Comercios Adheridos por Operadora,1110,223,OMP 04
01/08/2023,Cantidad de Comercios Adheridos por Operadora,1110,224,OMP 04
01/09/2023,Cantidad de Comercios Adheridos por Operadora,1110,223,OMP 04
01/10/2023,Cantidad de Comercios Adheridos por Operadora,1110,212,OMP 04
01/11/2023,Cantidad de Comercios Adheridos por Operadora,1110,217,OMP 04
01/12/2023,Cantidad de Comercios Adheridos por Operadora,1110,215,OMP 04
01/01/2024,Cantidad de Comercios Adheridos por Operadora,1110,68,OMP 04
01/02/2024,Cantidad de Comercios Adheridos por Operadora,1110,73,OMP 04
01/03/2024,Cantidad de Comercios Adheridos por Operadora,1110,79,OMP 04
01/04/2024,Cantidad de Comercios Adheridos por Operadora,1110,97,OMP 04
01/05/2024,Cantidad de Comercios Adheridos por Operadora,1110,107,OMP 04
01/06/2024,Cantidad de Comercios Adheridos por Operadora,1110,123,OMP 04
01/07/2024,Cantidad de Comercios Adheridos por Operadora,1110,127,OMP 04
01/08/2024,Cantidad de Comercios Adheridos por Operadora,1110,135,OMP 04
01/09/2024,Cantidad de Comercios Adheridos por Operadora,1110,130,OMP 04
01/10/2024,Cantidad de Comercios Adheridos por Operadora,1110,147,OMP 04
01/11/2024,Cantidad de Comercios Adheridos por Operadora,1110,152,OMP 04
01/12/2024,Cantidad de Comercios Adheridos por Operadora,1110,153,OMP 04
01/01/2025,Cantidad de Comercios Adheridos por Operadora,1110,172,OMP 04
01/02/2025,Cantidad de Comercios Adheridos por Operadora,1110,175,OMP 04
01/03/2025,Cantidad de Comercios Adheridos por Operadora,1110,175,OMP 04
01/04/2025,Cantidad de Comercios Adheridos por Operadora,1110,174,OMP 04
01/05/2025,Cantidad de Comercios Adheridos por Operadora,1110,170,OMP 04
01/06/2025,Cantidad de Comercios Adheridos por Operadora,1110,181,OMP 04
01/07/2025,Cantidad de Comercios Adheridos por Operadora,1110,182,OMP 04
01/08/2025,Cantidad de Comercios Adheridos por Operadora,1110,184,OMP 04
01/09/2025,Cantidad de Comercios Adheridos por Operadora,1110,156,OMP 04
01/10/2025,Cantidad de Comercios Adheridos por Operadora,1110,178,OMP 04
01/11/2025,Cantidad de Comercios Adheridos por Operadora,1110,171,OMP 04
01/12/2025,Cantidad de Comercios Adheridos por Operadora,1110,169,OMP 04
01/01/2026,Cantidad de Comercios Adheridos por Operadora,1110,169,OMP 04
01/02/2026,Cantidad de Comercios Adheridos por Operadora,1110,159,OMP 04
01/03/2026,Cantidad de Comercios Adheridos por Operadora,1110,156,OMP 04
01/02/2018,Cantidad de Comercios Adheridos por Operadora,1110,,OMP 04
01/03/2018,Cantidad de Comercios Adheridos por Operadora,1110,,OMP 04
01/04/2018,Cantidad de Comercios Adheridos por Operadora,1110,,OMP 04
01/05/2018,Cantidad de Comercios Adheridos por Operadora,1110,,OMP 04
01/06/2018,Cantidad de Comercios Adheridos por Operadora,1110,,OMP 04
01/07/2018,Cantidad de Comercios Adheridos por Operadora,1110,,OMP 04
01/08/2018,Cantidad de Comercios Adheridos por Operadora,1110,,OMP 04
01/09/2018,Cantidad de Comercios Adheridos por Operadora,1110,,OMP 04
01/10/2018,Cantidad de Comercios Adheridos por Operadora,1110,,OMP 04
01/11/2018,Cantidad de Comercios Adheridos por Operadora,1110,,OMP 04
01/12/2018,Cantidad de Comercios Adheridos por Operadora,1110,,OMP 04
01/01/2019,Cantidad de Comercios Adheridos por Operadora,1110,,OMP 04
01/02/2019,Cantidad de Comercios Adheridos por Operadora,1110,,OMP 04
01/03/2019,Cantidad de Comercios Adheridos por Operadora,1110,,OMP 04
01/04/2019,Cantidad de Comercios Adheridos por Operadora,1110,,OMP 04
01/05/2019,Cantidad de Comercios Adheridos por Operadora,1110,,OMP 04
01/06/2019,Cantidad de Comercios Adheridos por Operadora,1110,,OMP 04
01/07/2019,Cantidad de Comercios Adheridos por Operadora,1110,,OMP 04
01/08/2019,Cantidad de Comercios Adheridos por Operadora,1110,,OMP 04
01/09/2019,Cantidad de Comercios Adheridos por Operadora,1110,,OMP 04
01/10/2019,Cantidad de Comercios Adheridos por Operadora,1110,,OMP 04
01/11/2019,Cantidad de Comercios Adheridos por Operadora,1110,,OMP 04
01/12/2019,Cantidad de Comercios Adheridos por Operadora,1110,,OMP 04
01/01/2020,Cantidad de Comercios Adheridos por Operadora,1110,,OMP 04
01/02/2020,Cantidad de Comercios Adheridos por Operadora,1110,,OMP 04
01/03/2020,Cantidad de Comercios Adheridos por Operadora,1110,,OMP 04
01/04/2020,Cantidad de Comercios Adheridos por Operadora,1110,,OMP 04
01/05/2020,Cantidad de Comercios Adheridos por Operadora,1110,,OMP 04
01/06/2020,Cantidad de Comercios Adheridos por Operadora,1110,,OMP 04
01/07/2020,Cantidad de Comercios Adheridos por Operadora,1110,,OMP 04
01/08/2020,Cantidad de Comercios Adheridos por Operadora,1110,,OMP 04
01/09/2020,Cantidad de Comercios Adheridos por Operadora,1110,,OMP 04
01/10/2020,Cantidad de Comercios Adheridos por Operadora,1110,,OMP 04
01/11/2020,Cantidad de Comercios Adheridos por Operadora,1110,,OMP 04
01/12/2020,Cantidad de Comercios Adheridos por Operadora,1110,,OMP 04
01/01/2021,Cantidad de Comercios Adheridos por Operadora,1110,,OMP 04
01/02/2021,Cantidad de Comercios Adheridos por Operadora,1110,,OMP 04
01/03/2021,Cantidad de Comercios Adheridos por Operadora,1110,,OMP 04
01/04/2021,Cantidad de Comercios Adheridos por Operadora,1110,,OMP 04
01/05/2021,Cantidad de Comercios Adheridos por Operadora,1110,,OMP 04
01/06/2021,Cantidad de Comercios Adheridos por Operadora,1110,,OMP 04
01/07/2021,Cantidad de Comercios Adheridos por Operadora,1110,,OMP 04
01/08/2021,Cantidad de Comercios Adheridos por Operadora,1110,,OMP 04
01/09/2021,Cantidad de Comercios Adheridos por Operadora,1110,,OMP 04
01/10/2021,Cantidad de Comercios Adheridos por Operadora,1110,,OMP 04
01/11/2021,Cantidad de Comercios Adheridos por Operadora,1110,,OMP 04
01/12/2021,Cantidad de Comercios Adheridos por Operadora,1110,,OMP 04
01/01/2022,Cantidad de Comercios Adheridos por Operadora,1110,,OMP 04
01/02/2022,Cantidad de Comercios Adheridos por Operadora,1110,,OMP 04
01/03/2022,Cantidad de Comercios Adheridos por Operadora,1110,,OMP 04
01/04/2022,Cantidad de Comercios Adheridos por Operadora,1110,,OMP 04
01/05/2022,Cantidad de Comercios Adheridos por Operadora,1110,,OMP 04
01/06/2022,Cantidad de Comercios Adheridos por Operadora,1110,,OMP 04
01/07/2022,Cantidad de Comercios Adheridos por Operadora,1110,,OMP 04
01/08/2022,Cantidad de Comercios Adheridos por Operadora,1110,,OMP 04
01/09/2022,Cantidad de Comercios Adheridos por Operadora,1110,,OMP 04
01/10/2022,Cantidad de Comercios Adheridos por Operadora,1110,,OMP 04
01/11/2022,Cantidad de Comercios Adheridos por Operadora,1110,,OMP 04
01/12/2022,Cantidad de Comercios Adheridos por Operadora,1110,,OMP 04
01/01/2023,Cantidad de Comercios Adheridos por Operadora,1110,,OMP 04
01/02/2023,Cantidad de Comercios Adheridos por Operadora,1110,,OMP 04
01/03/2023,Cantidad de Comercios Adheridos por Operadora,1110,,OMP 04
01/04/2023,Cantidad de Comercios Adheridos por Operadora,1110,,OMP 04
01/05/2023,Cantidad de Comercios Adheridos por Operadora,1110,,OMP 04
01/06/2023,Cantidad de Comercios Adheridos por Operadora,1110,,OMP 04
01/07/2023,Cantidad de Comercios Adheridos por Operadora,1110,,OMP 04
01/08/2023,Cantidad de Comercios Adheridos por Operadora,1110,,OMP 04
01/09/2023,Cantidad de Comercios Adheridos por Operadora,1110,,OMP 04
01/10/2023,Cantidad de Comercios Adheridos por Operadora,1110,,OMP 04
01/11/2023,Cantidad de Comercios Adheridos por Operadora,1110,,OMP 04
01/12/2023,Cantidad de Comercios Adheridos por Operadora,1110,,OMP 04
01/01/2024,Cantidad de Comercios Adheridos por Operadora,1110,,OMP 04
01/02/2024,Cantidad de Comercios Adheridos por Operadora,1110,,OMP 04
01/03/2024,Cantidad de Comercios Adheridos por Operadora,1110,,OMP 04
01/04/2024,Cantidad de Comercios Adheridos por Operadora,1110,,OMP 04
01/05/2024,Cantidad de Comercios Adheridos por Operadora,1110,,OMP 04
01/06/2024,Cantidad de Comercios Adheridos por Operadora,1110,,OMP 04
01/07/2024,Cantidad de Comercios Adheridos por Operadora,1110,,OMP 04
01/08/2024,Cantidad de Comercios Adheridos por Operadora,1110,1,OMP 04
01/09/2024,Cantidad de Comercios Adheridos por Operadora,1110,34,OMP 04
01/10/2024,Cantidad de Comercios Adheridos por Operadora,1110,147,OMP 04
01/11/2024,Cantidad de Comercios Adheridos por Operadora,1110,338,OMP 04
01/12/2024,Cantidad de Comercios Adheridos por Operadora,1110,1655,OMP 04
01/01/2025,Cantidad de Comercios Adheridos por Operadora,1110,4388,OMP 04
01/02/2025,Cantidad de Comercios Adheridos por Operadora,1110,7282,OMP 04
01/03/2025,Cantidad de Comercios Adheridos por Operadora,1110,8593,OMP 04
01/04/2025,Cantidad de Comercios Adheridos por Operadora,1110,8797,OMP 04
01/05/2025,Cantidad de Comercios Adheridos por Operadora,1110,8959,OMP 04
01/06/2025,Cantidad de Comercios Adheridos por Operadora,1110,9168,OMP 04
01/07/2025,Cantidad de Comercios Adheridos por Operadora,1110,12007,OMP 04
01/08/2025,Cantidad de Comercios Adheridos por Operadora,1110,15332,OMP 04
01/09/2025,Cantidad de Comercios Adheridos por Operadora,1110,18764,OMP 04
01/10/2025,Cantidad de Comercios Adheridos por Operadora,1110,22317,OMP 04
01/11/2025,Cantidad de Comercios Adheridos por Operadora,1110,24652,OMP 04
01/12/2025,Cantidad de Comercios Adheridos por Operadora,1110,26111,OMP 04
01/01/2026,Cantidad de Comercios Adheridos por Operadora,1110,27857,OMP 04
01/02/2026,Cantidad de Comercios Adheridos por Operadora,1110,29337,OMP 04
01/03/2026,Cantidad de Comercios Adheridos por Operadora,1110,30774,OMP 04
01/02/2018,Cantidad de POS por Operadora,35296,35633,OMP 04
01/03/2018,Cantidad de POS por Operadora,35296,36378,OMP 04
01/04/2018,Cantidad de POS por Operadora,35296,36902,OMP 04
01/05/2018,Cantidad de POS por Operadora,35296,37363,OMP 04
01/06/2018,Cantidad de POS por Operadora,35296,37640,OMP 04
01/07/2018,Cantidad de POS por Operadora,35296,38130,OMP 04
01/08/2018,Cantidad de POS por Operadora,35296,38441,OMP 04
01/09/2018,Cantidad de POS por Operadora,35296,38817,OMP 04
01/10/2018,Cantidad de POS por Operadora,35296,39279,OMP 04
01/11/2018,Cantidad de POS por Operadora,35296,39553,OMP 04
01/12/2018,Cantidad de POS por Operadora,35296,40256,OMP 04
01/01/2019,Cantidad de POS por Operadora,35296,40293,OMP 04
01/02/2019,Cantidad de POS por Operadora,35296,40718,OMP 04
01/03/2019,Cantidad de POS por Operadora,35296,41049,OMP 04
01/04/2019,Cantidad de POS por Operadora,35296,41025,OMP 04
01/05/2019,Cantidad de POS por Operadora,35296,41262,OMP 04
01/06/2019,Cantidad de POS por Operadora,35296,41303,OMP 04
01/07/2019,Cantidad de POS por Operadora,35296,41769,OMP 04
01/08/2019,Cantidad de POS por Operadora,35296,41916,OMP 04
01/09/2019,Cantidad de POS por Operadora,35296,42126,OMP 04
01/10/2019,Cantidad de POS por Operadora,35296,42909,OMP 04
01/11/2019,Cantidad de POS por Operadora,35296,43393,OMP 04
01/12/2019,Cantidad de POS por Operadora,35296,43948,OMP 04
01/01/2020,Cantidad de POS por Operadora,35296,43655,OMP 04
01/02/2020,Cantidad de POS por Operadora,35296,43784,OMP 04
01/03/2020,Cantidad de POS por Operadora,35296,44302,OMP 04
01/04/2020,Cantidad de POS por Operadora,35296,46000,OMP 04
01/05/2020,Cantidad de POS por Operadora,35296,47289,OMP 04
01/06/2020,Cantidad de POS por Operadora,35296,47249,OMP 04
01/07/2020,Cantidad de POS por Operadora,35296,46653,OMP 04
01/08/2020,Cantidad de POS por Operadora,35296,46737,OMP 04
01/09/2020,Cantidad de POS por Operadora,35296,46674,OMP 04
01/10/2020,Cantidad de POS por Operadora,35296,47111,OMP 04
01/11/2020,Cantidad de POS por Operadora,35296,47456,OMP 04
01/12/2020,Cantidad de POS por Operadora,35296,48307,OMP 04
01/01/2021,Cantidad de POS por Operadora,35296,48783,OMP 04
01/02/2021,Cantidad de POS por Operadora,35296,49465,OMP 04
01/03/2021,Cantidad de POS por Operadora,35296,49590,OMP 04
01/04/2021,Cantidad de POS por Operadora,35296,49801,OMP 04
01/05/2021,Cantidad de POS por Operadora,35296,50072,OMP 04
01/06/2021,Cantidad de POS por Operadora,35296,50574,OMP 04
01/07/2021,Cantidad de POS por Operadora,35296,50998,OMP 04
01/08/2021,Cantidad de POS por Operadora,35296,51209,OMP 04
01/09/2021,Cantidad de POS por Operadora,35296,51077,OMP 04
01/10/2021,Cantidad de POS por Operadora,35296,51373,OMP 04
01/11/2021,Cantidad de POS por Operadora,35296,51783,OMP 04
01/12/2021,Cantidad de POS por Operadora,35296,53002,OMP 04
01/01/2022,Cantidad de POS por Operadora,35296,52932,OMP 04
01/02/2022,Cantidad de POS por Operadora,35296,53419,OMP 04
01/03/2022,Cantidad de POS por Operadora,35296,53834,OMP 04
01/04/2022,Cantidad de POS por Operadora,35296,54122,OMP 04
01/05/2022,Cantidad de POS por Operadora,35296,54441,OMP 04
01/06/2022,Cantidad de POS por Operadora,35296,54806,OMP 04
01/07/2022,Cantidad de POS por Operadora,35296,55348,OMP 04
01/08/2022,Cantidad de POS por Operadora,35296,55730,OMP 04
01/09/2022,Cantidad de POS por Operadora,35296,56726,OMP 04
01/10/2022,Cantidad de POS por Operadora,35296,57492,OMP 04
01/11/2022,Cantidad de POS por Operadora,35296,58438,OMP 04
01/12/2022,Cantidad de POS por Operadora,35296,59772,OMP 04
01/01/2023,Cantidad de POS por Operadora,35296,60385,OMP 04
01/02/2023,Cantidad de POS por Operadora,35296,61207,OMP 04
01/03/2023,Cantidad de POS por Operadora,35296,61805,OMP 04
01/04/2023,Cantidad de POS por Operadora,35296,62479,OMP 04
01/05/2023,Cantidad de POS por Operadora,35296,63268,OMP 04
01/06/2023,Cantidad de POS por Operadora,35296,64523,OMP 04
01/07/2023,Cantidad de POS por Operadora,35296,65561,OMP 04
01/08/2023,Cantidad de POS por Operadora,35296,67020,OMP 04
01/09/2023,Cantidad de POS por Operadora,35296,68594,OMP 04
01/10/2023,Cantidad de POS por Operadora,35296,70118,OMP 04
01/11/2023,Cantidad de POS por Operadora,35296,71621,OMP 04
01/12/2023,Cantidad de POS por Operadora,35296,73221,OMP 04
01/01/2024,Cantidad de POS por Operadora,35296,74192,OMP 04
01/02/2024,Cantidad de POS por Operadora,35296,75374,OMP 04
01/03/2024,Cantidad de POS por Operadora,35296,76365,OMP 04
01/04/2024,Cantidad de POS por Operadora,35296,77768,OMP 04
01/05/2024,Cantidad de POS por Operadora,35296,78994,OMP 04
01/06/2024,Cantidad de POS por Operadora,35296,80087,OMP 04
01/07/2024,Cantidad de POS por Operadora,35296,81285,OMP 04
01/08/2024,Cantidad de POS por Operadora,35296,82688,OMP 04
01/09/2024,Cantidad de POS por Operadora,35296,85446,OMP 04
01/10/2024,Cantidad de POS por Operadora,35296,88809,OMP 04
01/11/2024,Cantidad de POS por Operadora,35296,92433,OMP 04
01/12/2024,Cantidad de POS por Operadora,35296,94662,OMP 04
01/01/2025,Cantidad de POS por Operadora,35296,95947,OMP 04
01/02/2025,Cantidad de POS por Operadora,35296,97404,OMP 04
01/03/2025,Cantidad de POS por Operadora,35296,98861,OMP 04
01/04/2025,Cantidad de POS por Operadora,35296,100321,OMP 04
01/05/2025,Cantidad de POS por Operadora,35296,101855,OMP 04
01/06/2025,Cantidad de POS por Operadora,35296,102895,OMP 04
01/07/2025,Cantidad de POS por Operadora,35296,104057,OMP 04
01/08/2025,Cantidad de POS por Operadora,35296,105531,OMP 04
01/09/2025,Cantidad de POS por Operadora,35296,106915,OMP 04
01/10/2025,Cantidad de POS por Operadora,35296,108513,OMP 04
01/11/2025,Cantidad de POS por Operadora,35296,110451,OMP 04
01/12/2025,Cantidad de POS por Operadora,35296,112078,OMP 04
01/01/2026,Cantidad de POS por Operadora,35296,114141,OMP 04
01/02/2026,Cantidad de POS por Operadora,35296,113531,OMP 04
01/03/2026,Cantidad de POS por Operadora,35296,115395,OMP 04
01/02/2018,Cantidad de POS por Operadora,7114,7205,OMP 04
01/03/2018,Cantidad de POS por Operadora,7114,7182,OMP 04
01/04/2018,Cantidad de POS por Operadora,7114,7161,OMP 04
01/05/2018,Cantidad de POS por Operadora,7114,7147,OMP 04
01/06/2018,Cantidad de POS por Operadora,7114,7065,OMP 04
01/07/2018,Cantidad de POS por Operadora,7114,7039,OMP 04
01/08/2018,Cantidad de POS por Operadora,7114,7052,OMP 04
01/09/2018,Cantidad de POS por Operadora,7114,7011,OMP 04
01/10/2018,Cantidad de POS por Operadora,7114,6955,OMP 04
01/11/2018,Cantidad de POS por Operadora,7114,6873,OMP 04
01/12/2018,Cantidad de POS por Operadora,7114,6979,OMP 04
01/01/2019,Cantidad de POS por Operadora,7114,6932,OMP 04
01/02/2019,Cantidad de POS por Operadora,7114,6901,OMP 04
01/03/2019,Cantidad de POS por Operadora,7114,6879,OMP 04
01/04/2019,Cantidad de POS por Operadora,7114,6925,OMP 04
01/05/2019,Cantidad de POS por Operadora,7114,6905,OMP 04
01/06/2019,Cantidad de POS por Operadora,7114,6916,OMP 04
01/07/2019,Cantidad de POS por Operadora,7114,6953,OMP 04
01/08/2019,Cantidad de POS por Operadora,7114,6973,OMP 04
01/09/2019,Cantidad de POS por Operadora,7114,7084,OMP 04
01/10/2019,Cantidad de POS por Operadora,7114,7182,OMP 04
01/11/2019,Cantidad de POS por Operadora,7114,7242,OMP 04
01/12/2019,Cantidad de POS por Operadora,7114,7334,OMP 04
01/01/2020,Cantidad de POS por Operadora,7114,7362,OMP 04
01/02/2020,Cantidad de POS por Operadora,7114,7368,OMP 04
01/03/2020,Cantidad de POS por Operadora,7114,7375,OMP 04
01/04/2020,Cantidad de POS por Operadora,7114,7742,OMP 04
01/05/2020,Cantidad de POS por Operadora,7114,8413,OMP 04
01/06/2020,Cantidad de POS por Operadora,7114,8722,OMP 04
01/07/2020,Cantidad de POS por Operadora,7114,8784,OMP 04
01/08/2020,Cantidad de POS por Operadora,7114,9163,OMP 04
01/09/2020,Cantidad de POS por Operadora,7114,9412,OMP 04
01/10/2020,Cantidad de POS por Operadora,7114,9576,OMP 04
01/11/2020,Cantidad de POS por Operadora,7114,9842,OMP 04
01/12/2020,Cantidad de POS por Operadora,7114,10053,OMP 04
01/01/2021,Cantidad de POS por Operadora,7114,10173,OMP 04
01/02/2021,Cantidad de POS por Operadora,7114,10227,OMP 04
01/03/2021,Cantidad de POS por Operadora,7114,10204,OMP 04
01/04/2021,Cantidad de POS por Operadora,7114,10238,OMP 04
01/05/2021,Cantidad de POS por Operadora,7114,10309,OMP 04
01/06/2021,Cantidad de POS por Operadora,7114,10466,OMP 04
01/07/2021,Cantidad de POS por Operadora,7114,10533,OMP 04
01/08/2021,Cantidad de POS por Operadora,7114,10805,OMP 04
01/09/2021,Cantidad de POS por Operadora,7114,11125,OMP 04
01/10/2021,Cantidad de POS por Operadora,7114,11378,OMP 04
01/11/2021,Cantidad de POS por Operadora,7114,11832,OMP 04
01/12/2021,Cantidad de POS por Operadora,7114,12732,OMP 04
01/01/2022,Cantidad de POS por Operadora,7114,13101,OMP 04
01/02/2022,Cantidad de POS por Operadora,7114,13512,OMP 04
01/03/2022,Cantidad de POS por Operadora,7114,14124,OMP 04
01/04/2022,Cantidad de POS por Operadora,7114,14635,OMP 04
01/05/2022,Cantidad de POS por Operadora,7114,15057,OMP 04
01/06/2022,Cantidad de POS por Operadora,7114,15454,OMP 04
01/07/2022,Cantidad de POS por Operadora,7114,15765,OMP 04
01/08/2022,Cantidad de POS por Operadora,7114,16040,OMP 04
01/09/2022,Cantidad de POS por Operadora,7114,16415,OMP 04
01/10/2022,Cantidad de POS por Operadora,7114,16773,OMP 04
01/11/2022,Cantidad de POS por Operadora,7114,17193,OMP 04
01/12/2022,Cantidad de POS por Operadora,7114,17471,OMP 04
01/01/2023,Cantidad de POS por Operadora,7114,17521,OMP 04
01/02/2023,Cantidad de POS por Operadora,7114,17828,OMP 04
01/03/2023,Cantidad de POS por Operadora,7114,17987,OMP 04
01/04/2023,Cantidad de POS por Operadora,7114,18189,OMP 04
01/05/2023,Cantidad de POS por Operadora,7114,18292,OMP 04
01/06/2023,Cantidad de POS por Operadora,7114,18486,OMP 04
01/07/2023,Cantidad de POS por Operadora,7114,18983,OMP 04
01/08/2023,Cantidad de POS por Operadora,7114,19310,OMP 04
01/09/2023,Cantidad de POS por Operadora,7114,19554,OMP 04
01/10/2023,Cantidad de POS por Operadora,7114,19860,OMP 04
01/11/2023,Cantidad de POS por Operadora,7114,20261,OMP 04
01/12/2023,Cantidad de POS por Operadora,7114,20658,OMP 04
01/01/2024,Cantidad de POS por Operadora,7114,20991,OMP 04
01/02/2024,Cantidad de POS por Operadora,7114,21297,OMP 04
01/03/2024,Cantidad de POS por Operadora,7114,21747,OMP 04
01/04/2024,Cantidad de POS por Operadora,7114,22471,OMP 04
01/05/2024,Cantidad de POS por Operadora,7114,23085,OMP 04
01/06/2024,Cantidad de POS por Operadora,7114,23780,OMP 04
01/07/2024,Cantidad de POS por Operadora,7114,24793,OMP 04
01/08/2024,Cantidad de POS por Operadora,7114,25594,OMP 04
01/09/2024,Cantidad de POS por Operadora,7114,25961,OMP 04
01/10/2024,Cantidad de POS por Operadora,7114,26234,OMP 04
01/11/2024,Cantidad de POS por Operadora,7114,26461,OMP 04
01/12/2024,Cantidad de POS por Operadora,7114,26681,OMP 04
01/01/2025,Cantidad de POS por Operadora,7114,26728,OMP 04
01/02/2025,Cantidad de POS por Operadora,7114,26783,OMP 04
01/03/2025,Cantidad de POS por Operadora,7114,27026,OMP 04
01/04/2025,Cantidad de POS por Operadora,7114,27293,OMP 04
01/05/2025,Cantidad de POS por Operadora,7114,27596,OMP 04
01/06/2025,Cantidad de POS por Operadora,7114,28074,OMP 04
01/07/2025,Cantidad de POS por Operadora,7114,28638,OMP 04
01/08/2025,Cantidad de POS por Operadora,7114,29202,OMP 04
01/09/2025,Cantidad de POS por Operadora,7114,30034,OMP 04
01/10/2025,Cantidad de POS por Operadora,7114,31062,OMP 04
01/11/2025,Cantidad de POS por Operadora,7114,31964,OMP 04
01/12/2025,Cantidad de POS por Operadora,7114,32552,OMP 04
01/01/2026,Cantidad de POS por Operadora,7114,32591,OMP 04
01/02/2026,Cantidad de POS por Operadora,7114,33051,OMP 04
01/03/2026,Cantidad de POS por Operadora,7114,33580,OMP 04
01/02/2018,Cantidad de POS por Operadora,2006,2006,OMP 04
01/03/2018,Cantidad de POS por Operadora,2006,2037,OMP 04
01/04/2018,Cantidad de POS por Operadora,2006,2232,OMP 04
01/05/2018,Cantidad de POS por Operadora,2006,2294,OMP 04
01/06/2018,Cantidad de POS por Operadora,2006,2411,OMP 04
01/07/2018,Cantidad de POS por Operadora,2006,2411,OMP 04
01/08/2018,Cantidad de POS por Operadora,2006,2485,OMP 04
01/09/2018,Cantidad de POS por Operadora,2006,2531,OMP 04
01/10/2018,Cantidad de POS por Operadora,2006,2531,OMP 04
01/11/2018,Cantidad de POS por Operadora,2006,2531,OMP 04
01/12/2018,Cantidad de POS por Operadora,2006,2576,OMP 04
01/01/2019,Cantidad de POS por Operadora,2006,2577,OMP 04
01/02/2019,Cantidad de POS por Operadora,2006,2627,OMP 04
01/03/2019,Cantidad de POS por Operadora,2006,2627,OMP 04
01/04/2019,Cantidad de POS por Operadora,2006,2627,OMP 04
01/05/2019,Cantidad de POS por Operadora,2006,2627,OMP 04
01/06/2019,Cantidad de POS por Operadora,2006,2627,OMP 04
01/07/2019,Cantidad de POS por Operadora,2006,2663,OMP 04
01/08/2019,Cantidad de POS por Operadora,2006,2689,OMP 04
01/09/2019,Cantidad de POS por Operadora,2006,2739,OMP 04
01/10/2019,Cantidad de POS por Operadora,2006,2939,OMP 04
01/11/2019,Cantidad de POS por Operadora,2006,2939,OMP 04
01/12/2019,Cantidad de POS por Operadora,2006,2989,OMP 04
01/01/2020,Cantidad de POS por Operadora,2006,2989,OMP 04
01/02/2020,Cantidad de POS por Operadora,2006,2989,OMP 04
01/03/2020,Cantidad de POS por Operadora,2006,2989,OMP 04
01/04/2020,Cantidad de POS por Operadora,2006,2989,OMP 04
01/05/2020,Cantidad de POS por Operadora,2006,2996,OMP 04
01/06/2020,Cantidad de POS por Operadora,2006,2996,OMP 04
01/07/2020,Cantidad de POS por Operadora,2006,2996,OMP 04
01/08/2020,Cantidad de POS por Operadora,2006,2996,OMP 04
01/09/2020,Cantidad de POS por Operadora,2006,2996,OMP 04
01/10/2020,Cantidad de POS por Operadora,2006,2996,OMP 04
01/11/2020,Cantidad de POS por Operadora,2006,2996,OMP 04
01/12/2020,Cantidad de POS por Operadora,2006,2996,OMP 04
01/01/2021,Cantidad de POS por Operadora,2006,2996,OMP 04
01/02/2021,Cantidad de POS por Operadora,2006,2996,OMP 04
01/03/2021,Cantidad de POS por Operadora,2006,2996,OMP 04
01/04/2021,Cantidad de POS por Operadora,2006,2996,OMP 04
01/05/2021,Cantidad de POS por Operadora,2006,3046,OMP 04
01/06/2021,Cantidad de POS por Operadora,2006,3046,OMP 04
01/07/2021,Cantidad de POS por Operadora,2006,3046,OMP 04
01/08/2021,Cantidad de POS por Operadora,2006,3145,OMP 04
01/09/2021,Cantidad de POS por Operadora,2006,3145,OMP 04
01/10/2021,Cantidad de POS por Operadora,2006,3145,OMP 04
01/11/2021,Cantidad de POS por Operadora,2006,3145,OMP 04
01/12/2021,Cantidad de POS por Operadora,2006,3592,OMP 04
01/01/2022,Cantidad de POS por Operadora,2006,3592,OMP 04
01/02/2022,Cantidad de POS por Operadora,2006,3592,OMP 04
01/03/2022,Cantidad de POS por Operadora,2006,3592,OMP 04
01/04/2022,Cantidad de POS por Operadora,2006,3592,OMP 04
01/05/2022,Cantidad de POS por Operadora,2006,3592,OMP 04
01/06/2022,Cantidad de POS por Operadora,2006,3592,OMP 04
01/07/2022,Cantidad de POS por Operadora,2006,3592,OMP 04
01/08/2022,Cantidad de POS por Operadora,2006,3592,OMP 04
01/09/2022,Cantidad de POS por Operadora,2006,3592,OMP 04
01/10/2022,Cantidad de POS por Operadora,2006,3592,OMP 04
01/11/2022,Cantidad de POS por Operadora,2006,3592,OMP 04
01/12/2022,Cantidad de POS por Operadora,2006,3592,OMP 04
01/01/2023,Cantidad de POS por Operadora,2006,3592,OMP 04
01/02/2023,Cantidad de POS por Operadora,2006,3592,OMP 04
01/03/2023,Cantidad de POS por Operadora,2006,3612,OMP 04
01/04/2023,Cantidad de POS por Operadora,2006,3896,OMP 04
01/05/2023,Cantidad de POS por Operadora,2006,4190,OMP 04
01/06/2023,Cantidad de POS por Operadora,2006,4189,OMP 04
01/07/2023,Cantidad de POS por Operadora,2006,4090,OMP 04
01/08/2023,Cantidad de POS por Operadora,2006,3938,OMP 04
01/09/2023,Cantidad de POS por Operadora,2006,3938,OMP 04
01/10/2023,Cantidad de POS por Operadora,2006,3938,OMP 04
01/11/2023,Cantidad de POS por Operadora,2006,3938,OMP 04
01/12/2023,Cantidad de POS por Operadora,2006,3938,OMP 04
01/01/2024,Cantidad de POS por Operadora,2006,82,OMP 04
01/02/2024,Cantidad de POS por Operadora,2006,95,OMP 04
01/03/2024,Cantidad de POS por Operadora,2006,101,OMP 04
01/04/2024,Cantidad de POS por Operadora,2006,124,OMP 04
01/05/2024,Cantidad de POS por Operadora,2006,132,OMP 04
01/06/2024,Cantidad de POS por Operadora,2006,154,OMP 04
01/07/2024,Cantidad de POS por Operadora,2006,168,OMP 04
01/08/2024,Cantidad de POS por Operadora,2006,177,OMP 04
01/09/2024,Cantidad de POS por Operadora,2006,173,OMP 04
01/10/2024,Cantidad de POS por Operadora,2006,191,OMP 04
01/11/2024,Cantidad de POS por Operadora,2006,199,OMP 04
01/12/2024,Cantidad de POS por Operadora,2006,202,OMP 04
01/01/2025,Cantidad de POS por Operadora,2006,229,OMP 04
01/02/2025,Cantidad de POS por Operadora,2006,233,OMP 04
01/03/2025,Cantidad de POS por Operadora,2006,231,OMP 04
01/04/2025,Cantidad de POS por Operadora,2006,243,OMP 04
01/05/2025,Cantidad de POS por Operadora,2006,268,OMP 04
01/06/2025,Cantidad de POS por Operadora,2006,286,OMP 04
01/07/2025,Cantidad de POS por Operadora,2006,289,OMP 04
01/08/2025,Cantidad de POS por Operadora,2006,291,OMP 04
01/09/2025,Cantidad de POS por Operadora,2006,179,OMP 04
01/10/2025,Cantidad de POS por Operadora,2006,283,OMP 04
01/11/2025,Cantidad de POS por Operadora,2006,280,OMP 04
01/12/2025,Cantidad de POS por Operadora,2006,268,OMP 04
01/01/2026,Cantidad de POS por Operadora,2006,228,OMP 04
01/02/2026,Cantidad de POS por Operadora,2006,269,OMP 04
01/03/2026,Cantidad de POS por Operadora,2006,204,OMP 04
01/02/2018,Cantidad de POS por Operadora,2006,,OMP 04
01/03/2018,Cantidad de POS por Operadora,2006,,OMP 04
01/04/2018,Cantidad de POS por Operadora,2006,,OMP 04
01/05/2018,Cantidad de POS por Operadora,2006,,OMP 04
01/06/2018,Cantidad de POS por Operadora,2006,,OMP 04
01/07/2018,Cantidad de POS por Operadora,2006,,OMP 04
01/08/2018,Cantidad de POS por Operadora,2006,,OMP 04
01/09/2018,Cantidad de POS por Operadora,2006,,OMP 04
01/10/2018,Cantidad de POS por Operadora,2006,,OMP 04
01/11/2018,Cantidad de POS por Operadora,2006,,OMP 04
01/12/2018,Cantidad de POS por Operadora,2006,,OMP 04
01/01/2019,Cantidad de POS por Operadora,2006,,OMP 04
01/02/2019,Cantidad de POS por Operadora,2006,,OMP 04
01/03/2019,Cantidad de POS por Operadora,2006,,OMP 04
01/04/2019,Cantidad de POS por Operadora,2006,,OMP 04
01/05/2019,Cantidad de POS por Operadora,2006,,OMP 04
01/06/2019,Cantidad de POS por Operadora,2006,,OMP 04
01/07/2019,Cantidad de POS por Operadora,2006,,OMP 04
01/08/2019,Cantidad de POS por Operadora,2006,,OMP 04
01/09/2019,Cantidad de POS por Operadora,2006,,OMP 04
01/10/2019,Cantidad de POS por Operadora,2006,,OMP 04
01/11/2019,Cantidad de POS por Operadora,2006,,OMP 04
01/12/2019,Cantidad de POS por Operadora,2006,,OMP 04
01/01/2020,Cantidad de POS por Operadora,2006,,OMP 04
01/02/2020,Cantidad de POS por Operadora,2006,,OMP 04
01/03/2020,Cantidad de POS por Operadora,2006,,OMP 04
01/04/2020,Cantidad de POS por Operadora,2006,,OMP 04
01/05/2020,Cantidad de POS por Operadora,2006,,OMP 04
01/06/2020,Cantidad de POS por Operadora,2006,,OMP 04
01/07/2020,Cantidad de POS por Operadora,2006,,OMP 04
01/08/2020,Cantidad de POS por Operadora,2006,,OMP 04
01/09/2020,Cantidad de POS por Operadora,2006,,OMP 04
01/10/2020,Cantidad de POS por Operadora,2006,,OMP 04
01/11/2020,Cantidad de POS por Operadora,2006,,OMP 04
01/12/2020,Cantidad de POS por Operadora,2006,,OMP 04
01/01/2021,Cantidad de POS por Operadora,2006,,OMP 04
01/02/2021,Cantidad de POS por Operadora,2006,,OMP 04
01/03/2021,Cantidad de POS por Operadora,2006,,OMP 04
01/04/2021,Cantidad de POS por Operadora,2006,,OMP 04
01/05/2021,Cantidad de POS por Operadora,2006,,OMP 04
01/06/2021,Cantidad de POS por Operadora,2006,,OMP 04
01/07/2021,Cantidad de POS por Operadora,2006,,OMP 04
01/08/2021,Cantidad de POS por Operadora,2006,,OMP 04
01/09/2021,Cantidad de POS por Operadora,2006,,OMP 04
01/10/2021,Cantidad de POS por Operadora,2006,,OMP 04
01/11/2021,Cantidad de POS por Operadora,2006,,OMP 04
01/12/2021,Cantidad de POS por Operadora,2006,,OMP 04
01/01/2022,Cantidad de POS por Operadora,2006,,OMP 04
01/02/2022,Cantidad de POS por Operadora,2006,,OMP 04
01/03/2022,Cantidad de POS por Operadora,2006,,OMP 04
01/04/2022,Cantidad de POS por Operadora,2006,,OMP 04
01/05/2022,Cantidad de POS por Operadora,2006,,OMP 04
01/06/2022,Cantidad de POS por Operadora,2006,,OMP 04
01/07/2022,Cantidad de POS por Operadora,2006,,OMP 04
01/08/2022,Cantidad de POS por Operadora,2006,,OMP 04
01/09/2022,Cantidad de POS por Operadora,2006,,OMP 04
01/10/2022,Cantidad de POS por Operadora,2006,,OMP 04
01/11/2022,Cantidad de POS por Operadora,2006,,OMP 04
01/12/2022,Cantidad de POS por Operadora,2006,,OMP 04
01/01/2023,Cantidad de POS por Operadora,2006,,OMP 04
01/02/2023,Cantidad de POS por Operadora,2006,,OMP 04
01/03/2023,Cantidad de POS por Operadora,2006,,OMP 04
01/04/2023,Cantidad de POS por Operadora,2006,,OMP 04
01/05/2023,Cantidad de POS por Operadora,2006,,OMP 04
01/06/2023,Cantidad de POS por Operadora,2006,,OMP 04
01/07/2023,Cantidad de POS por Operadora,2006,,OMP 04
01/08/2023,Cantidad de POS por Operadora,2006,,OMP 04
01/09/2023,Cantidad de POS por Operadora,2006,,OMP 04
01/10/2023,Cantidad de POS por Operadora,2006,,OMP 04
01/11/2023,Cantidad de POS por Operadora,2006,,OMP 04
01/12/2023,Cantidad de POS por Operadora,2006,,OMP 04
01/01/2024,Cantidad de POS por Operadora,2006,,OMP 04
01/02/2024,Cantidad de POS por Operadora,2006,,OMP 04
01/03/2024,Cantidad de POS por Operadora,2006,,OMP 04
01/04/2024,Cantidad de POS por Operadora,2006,,OMP 04
01/05/2024,Cantidad de POS por Operadora,2006,,OMP 04
01/06/2024,Cantidad de POS por Operadora,2006,,OMP 04
01/07/2024,Cantidad de POS por Operadora,2006,,OMP 04
01/08/2024,Cantidad de POS por Operadora,2006,1,OMP 04
01/09/2024,Cantidad de POS por Operadora,2006,50,OMP 04
01/10/2024,Cantidad de POS por Operadora,2006,184,OMP 04
01/11/2024,Cantidad de POS por Operadora,2006,445,OMP 04
01/12/2024,Cantidad de POS por Operadora,2006,2655,OMP 04
01/01/2025,Cantidad de POS por Operadora,2006,5704,OMP 04
01/02/2025,Cantidad de POS por Operadora,2006,7910,OMP 04
01/03/2025,Cantidad de POS por Operadora,2006,8830,OMP 04
01/04/2025,Cantidad de POS por Operadora,2006,9034,OMP 04
01/05/2025,Cantidad de POS por Operadora,2006,9291,OMP 04
01/06/2025,Cantidad de POS por Operadora,2006,9356,OMP 04
01/07/2025,Cantidad de POS por Operadora,2006,12607,OMP 04
01/08/2025,Cantidad de POS por Operadora,2006,16322,OMP 04
01/09/2025,Cantidad de POS por Operadora,2006,19267,OMP 04
01/10/2025,Cantidad de POS por Operadora,2006,23358,OMP 04
01/11/2025,Cantidad de POS por Operadora,2006,25619,OMP 04
01/12/2025,Cantidad de POS por Operadora,2006,27627,OMP 04
01/01/2026,Cantidad de POS por Operadora,2006,30147,OMP 04
01/02/2026,Cantidad de POS por Operadora,2006,31939,OMP 04
01/03/2026,Cantidad de POS por Operadora,2006,33063,OMP 04
01/02/2018,Extracciones en ATM,3330877,3511077,OMP 04
01/03/2018,Extracciones en ATM,3330877,3972244,OMP 04
01/04/2018,Extracciones en ATM,3330877,3554581,OMP 04
01/05/2018,Extracciones en ATM,3330877,3612300,OMP 04
01/06/2018,Extracciones en ATM,3330877,3604996,OMP 04
01/07/2018,Extracciones en ATM,3330877,3617372,OMP 04
01/08/2018,Extracciones en ATM,3330877,3652184,OMP 04
01/09/2018,Extracciones en ATM,3330877,3646415,OMP 04
01/10/2018,Extracciones en ATM,3330877,3683213,OMP 04
01/11/2018,Extracciones en ATM,3330877,3829112,OMP 04
01/12/2018,Extracciones en ATM,3330877,5159251,OMP 04
01/01/2019,Extracciones en ATM,3330877,3614595,OMP 04
01/02/2019,Extracciones en ATM,3330877,3653130,OMP 04
01/03/2019,Extracciones en ATM,3330877,4268038,OMP 04
01/04/2019,Extracciones en ATM,3330877,3537482,OMP 04
01/05/2019,Extracciones en ATM,3330877,3960663,OMP 04
01/06/2019,Extracciones en ATM,3330877,3693995,OMP 04
01/07/2019,Extracciones en ATM,3330877,3849690,OMP 04
01/08/2019,Extracciones en ATM,3330877,3968451,OMP 04
01/09/2019,Extracciones en ATM,3330877,3833619,OMP 04
01/10/2019,Extracciones en ATM,3330877,4004514,OMP 04
01/11/2019,Extracciones en ATM,3330877,4148994,OMP 04
01/12/2019,Extracciones en ATM,3330877,5425203,OMP 04
01/01/2020,Extracciones en ATM,3330877,3813002,OMP 04
01/02/2020,Extracciones en ATM,3330877,3957116,OMP 04
01/03/2020,Extracciones en ATM,3330877,3451883,OMP 04
01/04/2020,Extracciones en ATM,3330877,2839787,OMP 04
01/05/2020,Extracciones en ATM,3330877,3521893,OMP 04
01/06/2020,Extracciones en ATM,3330877,3299364,OMP 04
01/07/2020,Extracciones en ATM,3330877,3699382,OMP 04
01/08/2020,Extracciones en ATM,3330877,3568673,OMP 04
01/09/2020,Extracciones en ATM,3330877,3404726,OMP 04
01/10/2020,Extracciones en ATM,3330877,3956794,OMP 04
01/11/2020,Extracciones en ATM,3330877,3603118,OMP 04
01/12/2020,Extracciones en ATM,3330877,5230486,OMP 04
01/01/2021,Extracciones en ATM,3330877,3726731,OMP 04
01/02/2021,Extracciones en ATM,3330877,3716414,OMP 04
01/03/2021,Extracciones en ATM,3330877,3846740,OMP 04
01/04/2021,Extracciones en ATM,3330877,3522809,OMP 04
01/05/2021,Extracciones en ATM,3330877,3749488,OMP 04
01/06/2021,Extracciones en ATM,3330877,3607309,OMP 04
01/07/2021,Extracciones en ATM,3330877,4188982,OMP 04
01/08/2021,Extracciones en ATM,3330877,4031126.7,OMP 04
01/09/2021,Extracciones en ATM,3330877,4268470,OMP 04
01/10/2021,Extracciones en ATM,3330877,4651756,OMP 04
01/11/2021,Extracciones en ATM,3330877,4495633,OMP 04
01/12/2021,Extracciones en ATM,3330877,6502483,OMP 04
01/01/2022,Extracciones en ATM,3330877,4324535,OMP 04
01/02/2022,Extracciones en ATM,3330877,4580021,OMP 04
01/03/2022,Extracciones en ATM,3330877,4591715,OMP 04
01/04/2022,Extracciones en ATM,3330877,4723813,OMP 04
01/05/2022,Extracciones en ATM,3330877,4437819,OMP 04
01/06/2022,Extracciones en ATM,3330877,4396884,OMP 04
01/07/2022,Extracciones en ATM,3330877,4975790,OMP 04
01/08/2022,Extracciones en ATM,3330877,4653786,OMP 04
01/09/2022,Extracciones en ATM,3330877,4432987,OMP 04
01/10/2022,Extracciones en ATM,3330877,4885713,OMP 04
01/11/2022,Extracciones en ATM,3330877,4231963,OMP 04
01/12/2022,Extracciones en ATM,3330877,5665685,OMP 04
01/01/2023,Extracciones en ATM,3330877,4053915,OMP 04
01/02/2023,Extracciones en ATM,3330877,3987810,OMP 04
01/03/2023,Extracciones en ATM,3330877,4436119,OMP 04
01/04/2023,Extracciones en ATM,3330877,4139084,OMP 04
01/05/2023,Extracciones en ATM,3330877,4080001,OMP 04
01/06/2023,Extracciones en ATM,3330877,4227846,OMP 04
01/07/2023,Extracciones en ATM,3330877,4317472,OMP 04
01/08/2023,Extracciones en ATM,3330877,4238376,OMP 04
01/09/2023,Extracciones en ATM,3330877,4316622,OMP 04
01/10/2023,Extracciones en ATM,3330877,4218392,OMP 04
01/11/2023,Extracciones en ATM,3330877,4372421,OMP 04
01/12/2023,Extracciones en ATM,3330877,5677972,OMP 04
01/01/2024,Extracciones en ATM,3330877,4089359,OMP 04
01/02/2024,Extracciones en ATM,3330877,4109455,OMP 04
01/03/2024,Extracciones en ATM,3330877,4328036,OMP 04
01/04/2024,Extracciones en ATM,3330877,4022232,OMP 04
01/05/2024,Extracciones en ATM,3330877,4065290,OMP 04
01/06/2024,Extracciones en ATM,3330877,4041824,OMP 04
01/07/2024,Extracciones en ATM,3330877,3837023,OMP 04
01/08/2024,Extracciones en ATM,3330877,4026736,OMP 04
01/09/2024,Extracciones en ATM,3330877,4091731,OMP 04
01/10/2024,Extracciones en ATM,3330877,3854191,OMP 04
01/11/2024,Extracciones en ATM,3330877,4026557,OMP 04
01/12/2024,Extracciones en ATM,3330877,5004452,OMP 04
01/01/2025,Extracciones en ATM,3330877,3694921,OMP 04
01/02/2025,Extracciones en ATM,3330877,3484645,OMP 04
01/03/2025,Extracciones en ATM,3330877,3895960,OMP 04
01/04/2025,Extracciones en ATM,3330877,3572231,OMP 04
01/05/2025,Extracciones en ATM,3330877,3887085,OMP 04
01/06/2025,Extracciones en ATM,3330877,4199735,OMP 04
01/07/2025,Extracciones en ATM,3330877,4510221,OMP 04
01/08/2025,Extracciones en ATM,3330877,4413589,OMP 04
01/09/2025,Extracciones en ATM,3330877,4246249,OMP 04
01/10/2025,Extracciones en ATM,3330877,4407832,OMP 04
01/11/2025,Extracciones en ATM,3330877,4327536,OMP 04
01/12/2025,Extracciones en ATM,3330877,5440058,OMP 04
01/01/2026,Extracciones en ATM,3330877,4086527,OMP 04
01/02/2026,Extracciones en ATM,3330877,3882849,OMP 04
01/03/2026,Extracciones en ATM,3330877,4168401,OMP 04
01/02/2018,Extracciones en ATM,2372548431550,2563380952350,OMP 04
01/03/2018,Extracciones en ATM,2372548431550,2877150868050,OMP 04
01/04/2018,Extracciones en ATM,2372548431550,2550992983150,OMP 04
01/05/2018,Extracciones en ATM,2372548431550,2597100112400,OMP 04
01/06/2018,Extracciones en ATM,2372548431550,2612501118250,OMP 04
01/07/2018,Extracciones en ATM,2372548431550,2593512789300,OMP 04
01/08/2018,Extracciones en ATM,2372548431550,2608638535250,OMP 04
01/09/2018,Extracciones en ATM,2372548431550,2594578683200,OMP 04
01/10/2018,Extracciones en ATM,2372548431550,2618414665300,OMP 04
01/11/2018,Extracciones en ATM,2372548431550,2778649455108,OMP 04
01/12/2018,Extracciones en ATM,2372548431550,4329152860050,OMP 04
01/01/2019,Extracciones en ATM,2372548431550,2578100569500,OMP 04
01/02/2019,Extracciones en ATM,2372548431550,2634921157200,OMP 04
01/03/2019,Extracciones en ATM,2372548431550,3062062433400,OMP 04
01/04/2019,Extracciones en ATM,2372548431550,2520934554500,OMP 04
01/05/2019,Extracciones en ATM,2372548431550,2813705774350,OMP 04
01/06/2019,Extracciones en ATM,2372548431550,2645117810450,OMP 04
01/07/2019,Extracciones en ATM,2372548431550,2698867675850,OMP 04
01/08/2019,Extracciones en ATM,2372548431550,2834268781600,OMP 04
01/09/2019,Extracciones en ATM,2372548431550,2678211026200,OMP 04
01/10/2019,Extracciones en ATM,2372548431550,2819891779100,OMP 04
01/11/2019,Extracciones en ATM,2372548431550,2987512019700,OMP 04
01/12/2019,Extracciones en ATM,2372548431550,4571681602450,OMP 04
01/01/2020,Extracciones en ATM,2372548431550,2742333952915,OMP 04
01/02/2020,Extracciones en ATM,2372548431550,2913575478650,OMP 04
01/03/2020,Extracciones en ATM,2372548431550,2639243017900,OMP 04
01/04/2020,Extracciones en ATM,2372548431550,2224108706250,OMP 04
01/05/2020,Extracciones en ATM,2372548431550,2850387540950,OMP 04
01/06/2020,Extracciones en ATM,2372548431550,2654332206850,OMP 04
01/07/2020,Extracciones en ATM,2372548431550,2961520068350,OMP 04
01/08/2020,Extracciones en ATM,2372548431550,2931247022700,OMP 04
01/09/2020,Extracciones en ATM,2372548431550,2725282145300,OMP 04
01/10/2020,Extracciones en ATM,2372548431550,3135726565100,OMP 04
01/11/2020,Extracciones en ATM,2372548431550,2912303533718,OMP 04
01/12/2020,Extracciones en ATM,2372548431550,4632239747850,OMP 04
01/01/2021,Extracciones en ATM,2372548431550,2890336722000,OMP 04
01/02/2021,Extracciones en ATM,2372548431550,2909084558800,OMP 04
01/03/2021,Extracciones en ATM,2372548431550,3081935109150,OMP 04
01/04/2021,Extracciones en ATM,2372548431550,2740422615450,OMP 04
01/05/2021,Extracciones en ATM,2372548431550,2934432002350,OMP 04
01/06/2021,Extracciones en ATM,2372548431550,2758031682950,OMP 04
01/07/2021,Extracciones en ATM,2372548431550,3219676229050,OMP 04
01/08/2021,Extracciones en ATM,2372548431550,3042293542545,OMP 04
01/09/2021,Extracciones en ATM,2372548431550,3200841054600,OMP 04
01/10/2021,Extracciones en ATM,2372548431550,3551641849800,OMP 04
01/11/2021,Extracciones en ATM,2372548431550,3463800763300,OMP 04
01/12/2021,Extracciones en ATM,2372548431550,5634717179550,OMP 04
01/01/2022,Extracciones en ATM,2372548431550,3307853291000,OMP 04
01/02/2022,Extracciones en ATM,2372548431550,3464583413550,OMP 04
01/03/2022,Extracciones en ATM,2372548431550,3486920940600,OMP 04
01/04/2022,Extracciones en ATM,2372548431550,3576067720050,OMP 04
01/05/2022,Extracciones en ATM,2372548431550,3305171247197,OMP 04
01/06/2022,Extracciones en ATM,2372548431550,3238686364600,OMP 04
01/07/2022,Extracciones en ATM,2372548431550,3715424659100,OMP 04
01/08/2022,Extracciones en ATM,2372548431550,3414078278000,OMP 04
01/09/2022,Extracciones en ATM,2372548431550,3289690735600,OMP 04
01/10/2022,Extracciones en ATM,2372548431550,3588609152000,OMP 04
01/11/2022,Extracciones en ATM,2372548431550,3608812344000,OMP 04
01/12/2022,Extracciones en ATM,2372548431550,5766438710950,OMP 04
01/01/2023,Extracciones en ATM,2372548431550,3436459194500,OMP 04
01/02/2023,Extracciones en ATM,2372548431550,3521916782700,OMP 04
01/03/2023,Extracciones en ATM,2372548431550,3787909764200,OMP 04
01/04/2023,Extracciones en ATM,2372548431550,3609667129400,OMP 04
01/05/2023,Extracciones en ATM,2372548431550,3408822168200,OMP 04
01/06/2023,Extracciones en ATM,2372548431550,3569137841700,OMP 04
01/07/2023,Extracciones en ATM,2372548431550,3697916747700,OMP 04
01/08/2023,Extracciones en ATM,2372548431550,3578907921700,OMP 04
01/09/2023,Extracciones en ATM,2372548431550,3680762600200,OMP 04
01/10/2023,Extracciones en ATM,2372548431550,3527445267300,OMP 04
01/11/2023,Extracciones en ATM,2372548431550,3725349735200,OMP 04
01/12/2023,Extracciones en ATM,2372548431550,5717462756350,OMP 04
01/01/2024,Extracciones en ATM,2372548431550,3499072827200,OMP 04
01/02/2024,Extracciones en ATM,2372548431550,3575718793285,OMP 04
01/03/2024,Extracciones en ATM,2372548431550,3812935048860,OMP 04
01/04/2024,Extracciones en ATM,2372548431550,3360158169292,OMP 04
01/05/2024,Extracciones en ATM,2372548431550,3467321518129,OMP 04
01/06/2024,Extracciones en ATM,2372548431550,3460502043596,OMP 04
01/07/2024,Extracciones en ATM,2372548431550,3311087365935,OMP 04
01/08/2024,Extracciones en ATM,2372548431550,3448308615519,OMP 04
01/09/2024,Extracciones en ATM,2372548431550,3409140051720,OMP 04
01/10/2024,Extracciones en ATM,2372548431550,3234211541836,OMP 04
01/11/2024,Extracciones en ATM,2372548431550,3476057520467,OMP 04
01/12/2024,Extracciones en ATM,2372548431550,4928905620205,OMP 04
01/01/2025,Extracciones en ATM,2372548431550,3258722390424,OMP 04
01/02/2025,Extracciones en ATM,2372548431550,3043429938297,OMP 04
01/03/2025,Extracciones en ATM,2372548431550,3417401303756,OMP 04
01/04/2025,Extracciones en ATM,2372548431550,3083100845943,OMP 04
01/05/2025,Extracciones en ATM,2372548431550,3299984251250,OMP 04
01/06/2025,Extracciones en ATM,2372548431550,3057393316162,OMP 04
01/07/2025,Extracciones en ATM,2372548431550,3293302843243,OMP 04
01/08/2025,Extracciones en ATM,2372548431550,3237862522207,OMP 04
01/09/2025,Extracciones en ATM,2372548431550,3082374057188,OMP 04
01/10/2025,Extracciones en ATM,2372548431550,3207948605509,OMP 04
01/11/2025,Extracciones en ATM,2372548431550,3232543799844,OMP 04
01/12/2025,Extracciones en ATM,2372548431550,4664842542740,OMP 04
01/01/2026,Extracciones en ATM,2372548431550,3090892431976,OMP 04
01/02/2026,Extracciones en ATM,2372548431550,2933377622226,OMP 04
01/03/2026,Extracciones en ATM,2372548431550,3148185381062,OMP 04
01/02/2018,QR Débito en cuenta,2372548431550,,OMP 04
01/03/2018,QR Débito en cuenta,2372548431550,,OMP 04
01/04/2018,QR Débito en cuenta,2372548431550,,OMP 04
01/05/2018,QR Débito en cuenta,2372548431550,,OMP 04
01/06/2018,QR Débito en cuenta,2372548431550,,OMP 04
01/07/2018,QR Débito en cuenta,2372548431550,,OMP 04
01/08/2018,QR Débito en cuenta,2372548431550,,OMP 04
01/09/2018,QR Débito en cuenta,2372548431550,,OMP 04
01/10/2018,QR Débito en cuenta,2372548431550,,OMP 04
01/11/2018,QR Débito en cuenta,2372548431550,,OMP 04
01/12/2018,QR Débito en cuenta,2372548431550,,OMP 04
01/01/2019,QR Débito en cuenta,2372548431550,,OMP 04
01/02/2019,QR Débito en cuenta,2372548431550,,OMP 04
01/03/2019,QR Débito en cuenta,2372548431550,,OMP 04
01/04/2019,QR Débito en cuenta,2372548431550,,OMP 04
01/05/2019,QR Débito en cuenta,2372548431550,,OMP 04
01/06/2019,QR Débito en cuenta,2372548431550,,OMP 04
01/07/2019,QR Débito en cuenta,2372548431550,,OMP 04
01/08/2019,QR Débito en cuenta,2372548431550,,OMP 04
01/09/2019,QR Débito en cuenta,2372548431550,,OMP 04
01/10/2019,QR Débito en cuenta,2372548431550,,OMP 04
01/11/2019,QR Débito en cuenta,2372548431550,,OMP 04
01/12/2019,QR Débito en cuenta,2372548431550,,OMP 04
01/01/2020,QR Débito en cuenta,2372548431550,,OMP 04
01/02/2020,QR Débito en cuenta,2372548431550,,OMP 04
01/03/2020,QR Débito en cuenta,2372548431550,,OMP 04
01/04/2020,QR Débito en cuenta,2372548431550,,OMP 04
01/05/2020,QR Débito en cuenta,2372548431550,,OMP 04
01/06/2020,QR Débito en cuenta,2372548431550,,OMP 04
01/07/2020,QR Débito en cuenta,2372548431550,,OMP 04
01/08/2020,QR Débito en cuenta,2372548431550,,OMP 04
01/09/2020,QR Débito en cuenta,2372548431550,,OMP 04
01/10/2020,QR Débito en cuenta,2372548431550,,OMP 04
01/11/2020,QR Débito en cuenta,2372548431550,,OMP 04
01/12/2020,QR Débito en cuenta,2372548431550,,OMP 04
01/01/2021,QR Débito en cuenta,2372548431550,,OMP 04
01/02/2021,QR Débito en cuenta,2372548431550,,OMP 04
01/03/2021,QR Débito en cuenta,2372548431550,,OMP 04
01/04/2021,QR Débito en cuenta,2372548431550,,OMP 04
01/05/2021,QR Débito en cuenta,2372548431550,,OMP 04
01/06/2021,QR Débito en cuenta,2372548431550,,OMP 04
01/07/2021,QR Débito en cuenta,2372548431550,,OMP 04
01/08/2021,QR Débito en cuenta,2372548431550,,OMP 04
01/09/2021,QR Débito en cuenta,2372548431550,,OMP 04
01/10/2021,QR Débito en cuenta,2372548431550,,OMP 04
01/11/2021,QR Débito en cuenta,2372548431550,,OMP 04
01/12/2021,QR Débito en cuenta,2372548431550,,OMP 04
01/01/2022,QR Débito en cuenta,2372548431550,225425,OMP 04
01/02/2022,QR Débito en cuenta,2372548431550,282235,OMP 04
01/03/2022,QR Débito en cuenta,2372548431550,364335,OMP 04
01/04/2022,QR Débito en cuenta,2372548431550,390967,OMP 04
01/05/2022,QR Débito en cuenta,2372548431550,489035,OMP 04
01/06/2022,QR Débito en cuenta,2372548431550,567192,OMP 04
01/07/2022,QR Débito en cuenta,2372548431550,752914,OMP 04
01/08/2022,QR Débito en cuenta,2372548431550,871934,OMP 04
01/09/2022,QR Débito en cuenta,2372548431550,991685,OMP 04
01/10/2022,QR Débito en cuenta,2372548431550,1180380,OMP 04
01/11/2022,QR Débito en cuenta,2372548431550,1315488,OMP 04
01/12/2022,QR Débito en cuenta,2372548431550,1850522,OMP 04
01/01/2023,QR Débito en cuenta,2372548431550,1635579,OMP 04
01/02/2023,QR Débito en cuenta,2372548431550,1643914,OMP 04
01/03/2023,QR Débito en cuenta,2372548431550,1769655,OMP 04
01/04/2023,QR Débito en cuenta,2372548431550,1709041,OMP 04
01/05/2023,QR Débito en cuenta,2372548431550,1888375,OMP 04
01/06/2023,QR Débito en cuenta,2372548431550,1795522,OMP 04
01/07/2023,QR Débito en cuenta,2372548431550,2055502,OMP 04
01/08/2023,QR Débito en cuenta,2372548431550,2371193,OMP 04
01/09/2023,QR Débito en cuenta,2372548431550,2690737,OMP 04
01/10/2023,QR Débito en cuenta,2372548431550,3031466,OMP 04
01/11/2023,QR Débito en cuenta,2372548431550,3315169,OMP 04
01/12/2023,QR Débito en cuenta,2372548431550,4125431,OMP 04
01/01/2024,QR Débito en cuenta,2372548431550,4001555,OMP 04
01/02/2024,QR Débito en cuenta,2372548431550,4289822,OMP 04
01/03/2024,QR Débito en cuenta,2372548431550,4994643,OMP 04
01/04/2024,QR Débito en cuenta,2372548431550,5155609,OMP 04
01/05/2024,QR Débito en cuenta,2372548431550,5647874,OMP 04
01/06/2024,QR Débito en cuenta,2372548431550,6090546,OMP 04
01/07/2024,QR Débito en cuenta,2372548431550,6946246,OMP 04
01/08/2024,QR Débito en cuenta,2372548431550,7877535,OMP 04
01/09/2024,QR Débito en cuenta,2372548431550,8124103,OMP 04
01/10/2024,QR Débito en cuenta,2372548431550,8612443,OMP 04
01/11/2024,QR Débito en cuenta,2372548431550,9227327,OMP 04
01/12/2024,QR Débito en cuenta,2372548431550,10414156,OMP 04
01/01/2025,QR Débito en cuenta,2372548431550,9657215,OMP 04
01/02/2025,QR Débito en cuenta,2372548431550,9633703,OMP 04
01/03/2025,QR Débito en cuenta,2372548431550,11005893,OMP 04
01/04/2025,QR Débito en cuenta,2372548431550,10513148,OMP 04
01/05/2025,QR Débito en cuenta,2372548431550,11710242,OMP 04
01/06/2025,QR Débito en cuenta,2372548431550,11423233,OMP 04
01/07/2025,QR Débito en cuenta,2372548431550,13000604,OMP 04
01/08/2025,QR Débito en cuenta,2372548431550,14070705,OMP 04
01/09/2025,QR Débito en cuenta,2372548431550,14215808,OMP 04
01/10/2025,QR Débito en cuenta,2372548431550,15685760,OMP 04
01/11/2025,QR Débito en cuenta,2372548431550,16428668,OMP 04
01/12/2025,QR Débito en cuenta,2372548431550,18657488,OMP 04
01/01/2026,QR Débito en cuenta,2372548431550,17653040,OMP 04
01/02/2026,QR Débito en cuenta,2372548431550,17445191,OMP 04
01/03/2026,QR Débito en cuenta,2372548431550,20138920,OMP 04
01/02/2018,QR Débito en cuenta,2372548431550,,OMP 04
01/03/2018,QR Débito en cuenta,2372548431550,,OMP 04
01/04/2018,QR Débito en cuenta,2372548431550,,OMP 04
01/05/2018,QR Débito en cuenta,2372548431550,,OMP 04
01/06/2018,QR Débito en cuenta,2372548431550,,OMP 04
01/07/2018,QR Débito en cuenta,2372548431550,,OMP 04
01/08/2018,QR Débito en cuenta,2372548431550,,OMP 04
01/09/2018,QR Débito en cuenta,2372548431550,,OMP 04
01/10/2018,QR Débito en cuenta,2372548431550,,OMP 04
01/11/2018,QR Débito en cuenta,2372548431550,,OMP 04
01/12/2018,QR Débito en cuenta,2372548431550,,OMP 04
01/01/2019,QR Débito en cuenta,2372548431550,,OMP 04
01/02/2019,QR Débito en cuenta,2372548431550,,OMP 04
01/03/2019,QR Débito en cuenta,2372548431550,,OMP 04
01/04/2019,QR Débito en cuenta,2372548431550,,OMP 04
01/05/2019,QR Débito en cuenta,2372548431550,,OMP 04
01/06/2019,QR Débito en cuenta,2372548431550,,OMP 04
01/07/2019,QR Débito en cuenta,2372548431550,,OMP 04
01/08/2019,QR Débito en cuenta,2372548431550,,OMP 04
01/09/2019,QR Débito en cuenta,2372548431550,,OMP 04
01/10/2019,QR Débito en cuenta,2372548431550,,OMP 04
01/11/2019,QR Débito en cuenta,2372548431550,,OMP 04
01/12/2019,QR Débito en cuenta,2372548431550,,OMP 04
01/01/2020,QR Débito en cuenta,2372548431550,,OMP 04
01/02/2020,QR Débito en cuenta,2372548431550,,OMP 04
01/03/2020,QR Débito en cuenta,2372548431550,,OMP 04
01/04/2020,QR Débito en cuenta,2372548431550,,OMP 04
01/05/2020,QR Débito en cuenta,2372548431550,,OMP 04
01/06/2020,QR Débito en cuenta,2372548431550,,OMP 04
01/07/2020,QR Débito en cuenta,2372548431550,,OMP 04
01/08/2020,QR Débito en cuenta,2372548431550,,OMP 04
01/09/2020,QR Débito en cuenta,2372548431550,,OMP 04
01/10/2020,QR Débito en cuenta,2372548431550,,OMP 04
01/11/2020,QR Débito en cuenta,2372548431550,,OMP 04
01/12/2020,QR Débito en cuenta,2372548431550,,OMP 04
01/01/2021,QR Débito en cuenta,2372548431550,,OMP 04
01/02/2021,QR Débito en cuenta,2372548431550,,OMP 04
01/03/2021,QR Débito en cuenta,2372548431550,,OMP 04
01/04/2021,QR Débito en cuenta,2372548431550,,OMP 04
01/05/2021,QR Débito en cuenta,2372548431550,,OMP 04
01/06/2021,QR Débito en cuenta,2372548431550,,OMP 04
01/07/2021,QR Débito en cuenta,2372548431550,,OMP 04
01/08/2021,QR Débito en cuenta,2372548431550,,OMP 04
01/09/2021,QR Débito en cuenta,2372548431550,,OMP 04
01/10/2021,QR Débito en cuenta,2372548431550,,OMP 04
01/11/2021,QR Débito en cuenta,2372548431550,,OMP 04
01/12/2021,QR Débito en cuenta,2372548431550,,OMP 04
01/01/2022,QR Débito en cuenta,2372548431550,28928888972,OMP 04
01/02/2022,QR Débito en cuenta,2372548431550,35393809649,OMP 04
01/03/2022,QR Débito en cuenta,2372548431550,45728264972,OMP 04
01/04/2022,QR Débito en cuenta,2372548431550,51212695793,OMP 04
01/05/2022,QR Débito en cuenta,2372548431550,62937123311,OMP 04
01/06/2022,QR Débito en cuenta,2372548431550,72361565392,OMP 04
01/07/2022,QR Débito en cuenta,2372548431550,89959836948,OMP 04
01/08/2022,QR Débito en cuenta,2372548431550,101590684977,OMP 04
01/09/2022,QR Débito en cuenta,2372548431550,114996984278,OMP 04
01/10/2022,QR Débito en cuenta,2372548431550,134246627013,OMP 04
01/11/2022,QR Débito en cuenta,2372548431550,153054906591,OMP 04
01/12/2022,QR Débito en cuenta,2372548431550,246648137878,OMP 04
01/01/2023,QR Débito en cuenta,2372548431550,194168438226,OMP 04
01/02/2023,QR Débito en cuenta,2372548431550,195971541811,OMP 04
01/03/2023,QR Débito en cuenta,2372548431550,195958158178,OMP 04
01/04/2023,QR Débito en cuenta,2372548431550,189222112718,OMP 04
01/05/2023,QR Débito en cuenta,2372548431550,205607355958,OMP 04
01/06/2023,QR Débito en cuenta,2372548431550,195834749034,OMP 04
01/07/2023,QR Débito en cuenta,2372548431550,221229934672,OMP 04
01/08/2023,QR Débito en cuenta,2372548431550,244996591486,OMP 04
01/09/2023,QR Débito en cuenta,2372548431550,271741404854,OMP 04
01/10/2023,QR Débito en cuenta,2372548431550,295635651925,OMP 04
01/11/2023,QR Débito en cuenta,2372548431550,334379118312,OMP 04
01/12/2023,QR Débito en cuenta,2372548431550,481532486711,OMP 04
01/01/2024,QR Débito en cuenta,2372548431550,410011710410,OMP 04
01/02/2024,QR Débito en cuenta,2372548431550,433533009567,OMP 04
01/03/2024,QR Débito en cuenta,2372548431550,484656166162,OMP 04
01/04/2024,QR Débito en cuenta,2372548431550,493227823927,OMP 04
01/05/2024,QR Débito en cuenta,2372548431550,548977908240,OMP 04
01/06/2024,QR Débito en cuenta,2372548431550,575097860116,OMP 04
01/07/2024,QR Débito en cuenta,2372548431550,664994085285,OMP 04
01/08/2024,QR Débito en cuenta,2372548431550,740455752062,OMP 04
01/09/2024,QR Débito en cuenta,2372548431550,747923466784,OMP 04
01/10/2024,QR Débito en cuenta,2372548431550,784506184085,OMP 04
01/11/2024,QR Débito en cuenta,2372548431550,881474278452,OMP 04
01/12/2024,QR Débito en cuenta,2372548431550,1145945639823,OMP 04
01/01/2025,QR Débito en cuenta,2372548431550,947976567938,OMP 04
01/02/2025,QR Débito en cuenta,2372548431550,932709581952,OMP 04
01/03/2025,QR Débito en cuenta,2372548431550,1028513793691,OMP 04
01/04/2025,QR Débito en cuenta,2372548431550,995458163860,OMP 04
01/05/2025,QR Débito en cuenta,2372548431550,1096877090694,OMP 04
01/06/2025,QR Débito en cuenta,2372548431550,1082348811163,OMP 04
01/07/2025,QR Débito en cuenta,2372548431550,1230648073843,OMP 04
01/08/2025,QR Débito en cuenta,2372548431550,1300358329585,OMP 04
01/09/2025,QR Débito en cuenta,2372548431550,1292426863083,OMP 04
01/10/2025,QR Débito en cuenta,2372548431550,1418652551126,OMP 04
01/11/2025,QR Débito en cuenta,2372548431550,1525932758629,OMP 04
01/12/2025,QR Débito en cuenta,2372548431550,1957177072178,OMP 04
01/01/2026,QR Débito en cuenta,2372548431550,1657804567389,OMP 04
01/02/2026,QR Débito en cuenta,2372548431550,1611742593310,OMP 04
01/03/2026,QR Débito en cuenta,2372548431550,1803328179890,OMP 04
01/02/2018,QR Débito en cuenta - Billeteras,2372548431550,,OMP 04
01/03/2018,QR Débito en cuenta - Billeteras,2372548431550,,OMP 04
01/04/2018,QR Débito en cuenta - Billeteras,2372548431550,,OMP 04
01/05/2018,QR Débito en cuenta - Billeteras,2372548431550,,OMP 04
01/06/2018,QR Débito en cuenta - Billeteras,2372548431550,,OMP 04
01/07/2018,QR Débito en cuenta - Billeteras,2372548431550,,OMP 04
01/08/2018,QR Débito en cuenta - Billeteras,2372548431550,,OMP 04
01/09/2018,QR Débito en cuenta - Billeteras,2372548431550,,OMP 04
01/10/2018,QR Débito en cuenta - Billeteras,2372548431550,,OMP 04
01/11/2018,QR Débito en cuenta - Billeteras,2372548431550,,OMP 04
01/12/2018,QR Débito en cuenta - Billeteras,2372548431550,,OMP 04
01/01/2019,QR Débito en cuenta - Billeteras,2372548431550,,OMP 04
01/02/2019,QR Débito en cuenta - Billeteras,2372548431550,,OMP 04
01/03/2019,QR Débito en cuenta - Billeteras,2372548431550,,OMP 04
01/04/2019,QR Débito en cuenta - Billeteras,2372548431550,,OMP 04
01/05/2019,QR Débito en cuenta - Billeteras,2372548431550,,OMP 04
01/06/2019,QR Débito en cuenta - Billeteras,2372548431550,,OMP 04
01/07/2019,QR Débito en cuenta - Billeteras,2372548431550,,OMP 04
01/08/2019,QR Débito en cuenta - Billeteras,2372548431550,,OMP 04
01/09/2019,QR Débito en cuenta - Billeteras,2372548431550,,OMP 04
01/10/2019,QR Débito en cuenta - Billeteras,2372548431550,,OMP 04
01/11/2019,QR Débito en cuenta - Billeteras,2372548431550,,OMP 04
01/12/2019,QR Débito en cuenta - Billeteras,2372548431550,,OMP 04
01/01/2020,QR Débito en cuenta - Billeteras,2372548431550,,OMP 04
01/02/2020,QR Débito en cuenta - Billeteras,2372548431550,,OMP 04
01/03/2020,QR Débito en cuenta - Billeteras,2372548431550,,OMP 04
01/04/2020,QR Débito en cuenta - Billeteras,2372548431550,,OMP 04
01/05/2020,QR Débito en cuenta - Billeteras,2372548431550,,OMP 04
01/06/2020,QR Débito en cuenta - Billeteras,2372548431550,,OMP 04
01/07/2020,QR Débito en cuenta - Billeteras,2372548431550,,OMP 04
01/08/2020,QR Débito en cuenta - Billeteras,2372548431550,,OMP 04
01/09/2020,QR Débito en cuenta - Billeteras,2372548431550,,OMP 04
01/10/2020,QR Débito en cuenta - Billeteras,2372548431550,,OMP 04
01/11/2020,QR Débito en cuenta - Billeteras,2372548431550,,OMP 04
01/12/2020,QR Débito en cuenta - Billeteras,2372548431550,,OMP 04
01/01/2021,QR Débito en cuenta - Billeteras,2372548431550,,OMP 04
01/02/2021,QR Débito en cuenta - Billeteras,2372548431550,,OMP 04
01/03/2021,QR Débito en cuenta - Billeteras,2372548431550,,OMP 04
01/04/2021,QR Débito en cuenta - Billeteras,2372548431550,,OMP 04
01/05/2021,QR Débito en cuenta - Billeteras,2372548431550,,OMP 04
01/06/2021,QR Débito en cuenta - Billeteras,2372548431550,,OMP 04
01/07/2021,QR Débito en cuenta - Billeteras,2372548431550,,OMP 04
01/08/2021,QR Débito en cuenta - Billeteras,2372548431550,,OMP 04
01/09/2021,QR Débito en cuenta - Billeteras,2372548431550,,OMP 04
01/10/2021,QR Débito en cuenta - Billeteras,2372548431550,,OMP 04
01/11/2021,QR Débito en cuenta - Billeteras,2372548431550,,OMP 04
01/12/2021,QR Débito en cuenta - Billeteras,2372548431550,,OMP 04
01/01/2022,QR Débito en cuenta - Billeteras,2372548431550,,OMP 04
01/02/2022,QR Débito en cuenta - Billeteras,2372548431550,,OMP 04
01/03/2022,QR Débito en cuenta - Billeteras,2372548431550,,OMP 04
01/04/2022,QR Débito en cuenta - Billeteras,2372548431550,,OMP 04
01/05/2022,QR Débito en cuenta - Billeteras,2372548431550,,OMP 04
01/06/2022,QR Débito en cuenta - Billeteras,2372548431550,,OMP 04
01/07/2022,QR Débito en cuenta - Billeteras,2372548431550,,OMP 04
01/08/2022,QR Débito en cuenta - Billeteras,2372548431550,,OMP 04
01/09/2022,QR Débito en cuenta - Billeteras,2372548431550,,OMP 04
01/10/2022,QR Débito en cuenta - Billeteras,2372548431550,,OMP 04
01/11/2022,QR Débito en cuenta - Billeteras,2372548431550,,OMP 04
01/12/2022,QR Débito en cuenta - Billeteras,2372548431550,,OMP 04
01/01/2023,QR Débito en cuenta - Billeteras,2372548431550,,OMP 04
01/02/2023,QR Débito en cuenta - Billeteras,2372548431550,,OMP 04
01/03/2023,QR Débito en cuenta - Billeteras,2372548431550,,OMP 04
01/04/2023,QR Débito en cuenta - Billeteras,2372548431550,,OMP 04
01/05/2023,QR Débito en cuenta - Billeteras,2372548431550,,OMP 04
01/06/2023,QR Débito en cuenta - Billeteras,2372548431550,,OMP 04
01/07/2023,QR Débito en cuenta - Billeteras,2372548431550,,OMP 04
01/08/2023,QR Débito en cuenta - Billeteras,2372548431550,,OMP 04
01/09/2023,QR Débito en cuenta - Billeteras,2372548431550,,OMP 04
01/10/2023,QR Débito en cuenta - Billeteras,2372548431550,,OMP 04
01/11/2023,QR Débito en cuenta - Billeteras,2372548431550,,OMP 04
01/12/2023,QR Débito en cuenta - Billeteras,2372548431550,,OMP 04
01/01/2024,QR Débito en cuenta - Billeteras,2372548431550,,OMP 04
01/02/2024,QR Débito en cuenta - Billeteras,2372548431550,,OMP 04
01/03/2024,QR Débito en cuenta - Billeteras,2372548431550,,OMP 04
01/04/2024,QR Débito en cuenta - Billeteras,2372548431550,,OMP 04
01/05/2024,QR Débito en cuenta - Billeteras,2372548431550,,OMP 04
01/06/2024,QR Débito en cuenta - Billeteras,2372548431550,,OMP 04
01/07/2024,QR Débito en cuenta - Billeteras,2372548431550,,OMP 04
01/08/2024,QR Débito en cuenta - Billeteras,2372548431550,,OMP 04
01/09/2024,QR Débito en cuenta - Billeteras,2372548431550,,OMP 04
01/10/2024,QR Débito en cuenta - Billeteras,2372548431550,,OMP 04
01/11/2024,QR Débito en cuenta - Billeteras,2372548431550,,OMP 04
01/12/2024,QR Débito en cuenta - Billeteras,2372548431550,,OMP 04
01/01/2025,QR Débito en cuenta - Billeteras,2372548431550,170994,OMP 04
01/02/2025,QR Débito en cuenta - Billeteras,2372548431550,67818,OMP 04
01/03/2025,QR Débito en cuenta - Billeteras,2372548431550,62087,OMP 04
01/04/2025,QR Débito en cuenta - Billeteras,2372548431550,56680,OMP 04
01/05/2025,QR Débito en cuenta - Billeteras,2372548431550,57663,OMP 04
01/06/2025,QR Débito en cuenta - Billeteras,2372548431550,52730,OMP 04
01/07/2025,QR Débito en cuenta - Billeteras,2372548431550,55294,OMP 04
01/08/2025,QR Débito en cuenta - Billeteras,2372548431550,54971,OMP 04
01/09/2025,QR Débito en cuenta - Billeteras,2372548431550,51390,OMP 04
01/10/2025,QR Débito en cuenta - Billeteras,2372548431550,48854,OMP 04
01/11/2025,QR Débito en cuenta - Billeteras,2372548431550,44867,OMP 04
01/12/2025,QR Débito en cuenta - Billeteras,2372548431550,42355,OMP 04
01/01/2026,QR Débito en cuenta - Billeteras,2372548431550,42274,OMP 04
01/02/2026,QR Débito en cuenta - Billeteras,2372548431550,64938,OMP 04
01/03/2026,QR Débito en cuenta - Billeteras,2372548431550,70191,OMP 04
01/02/2018,QR Débito en cuenta - Billeteras,2372548431550,,OMP 04
01/03/2018,QR Débito en cuenta - Billeteras,2372548431550,,OMP 04
01/04/2018,QR Débito en cuenta - Billeteras,2372548431550,,OMP 04
01/05/2018,QR Débito en cuenta - Billeteras,2372548431550,,OMP 04
01/06/2018,QR Débito en cuenta - Billeteras,2372548431550,,OMP 04
01/07/2018,QR Débito en cuenta - Billeteras,2372548431550,,OMP 04
01/08/2018,QR Débito en cuenta - Billeteras,2372548431550,,OMP 04
01/09/2018,QR Débito en cuenta - Billeteras,2372548431550,,OMP 04
01/10/2018,QR Débito en cuenta - Billeteras,2372548431550,,OMP 04
01/11/2018,QR Débito en cuenta - Billeteras,2372548431550,,OMP 04
01/12/2018,QR Débito en cuenta - Billeteras,2372548431550,,OMP 04
01/01/2019,QR Débito en cuenta - Billeteras,2372548431550,,OMP 04
01/02/2019,QR Débito en cuenta - Billeteras,2372548431550,,OMP 04
01/03/2019,QR Débito en cuenta - Billeteras,2372548431550,,OMP 04
01/04/2019,QR Débito en cuenta - Billeteras,2372548431550,,OMP 04
01/05/2019,QR Débito en cuenta - Billeteras,2372548431550,,OMP 04
01/06/2019,QR Débito en cuenta - Billeteras,2372548431550,,OMP 04
01/07/2019,QR Débito en cuenta - Billeteras,2372548431550,,OMP 04
01/08/2019,QR Débito en cuenta - Billeteras,2372548431550,,OMP 04
01/09/2019,QR Débito en cuenta - Billeteras,2372548431550,,OMP 04
01/10/2019,QR Débito en cuenta - Billeteras,2372548431550,,OMP 04
01/11/2019,QR Débito en cuenta - Billeteras,2372548431550,,OMP 04
01/12/2019,QR Débito en cuenta - Billeteras,2372548431550,,OMP 04
01/01/2020,QR Débito en cuenta - Billeteras,2372548431550,,OMP 04
01/02/2020,QR Débito en cuenta - Billeteras,2372548431550,,OMP 04
01/03/2020,QR Débito en cuenta - Billeteras,2372548431550,,OMP 04
01/04/2020,QR Débito en cuenta - Billeteras,2372548431550,,OMP 04
01/05/2020,QR Débito en cuenta - Billeteras,2372548431550,,OMP 04
01/06/2020,QR Débito en cuenta - Billeteras,2372548431550,,OMP 04
01/07/2020,QR Débito en cuenta - Billeteras,2372548431550,,OMP 04
01/08/2020,QR Débito en cuenta - Billeteras,2372548431550,,OMP 04
01/09/2020,QR Débito en cuenta - Billeteras,2372548431550,,OMP 04
01/10/2020,QR Débito en cuenta - Billeteras,2372548431550,,OMP 04
01/11/2020,QR Débito en cuenta - Billeteras,2372548431550,,OMP 04
01/12/2020,QR Débito en cuenta - Billeteras,2372548431550,,OMP 04
01/01/2021,QR Débito en cuenta - Billeteras,2372548431550,,OMP 04
01/02/2021,QR Débito en cuenta - Billeteras,2372548431550,,OMP 04
01/03/2021,QR Débito en cuenta - Billeteras,2372548431550,,OMP 04
01/04/2021,QR Débito en cuenta - Billeteras,2372548431550,,OMP 04
01/05/2021,QR Débito en cuenta - Billeteras,2372548431550,,OMP 04
01/06/2021,QR Débito en cuenta - Billeteras,2372548431550,,OMP 04
01/07/2021,QR Débito en cuenta - Billeteras,2372548431550,,OMP 04
01/08/2021,QR Débito en cuenta - Billeteras,2372548431550,,OMP 04
01/09/2021,QR Débito en cuenta - Billeteras,2372548431550,,OMP 04
01/10/2021,QR Débito en cuenta - Billeteras,2372548431550,,OMP 04
01/11/2021,QR Débito en cuenta - Billeteras,2372548431550,,OMP 04
01/12/2021,QR Débito en cuenta - Billeteras,2372548431550,,OMP 04
01/01/2022,QR Débito en cuenta - Billeteras,2372548431550,,OMP 04
01/02/2022,QR Débito en cuenta - Billeteras,2372548431550,,OMP 04
01/03/2022,QR Débito en cuenta - Billeteras,2372548431550,,OMP 04
01/04/2022,QR Débito en cuenta - Billeteras,2372548431550,,OMP 04
01/05/2022,QR Débito en cuenta - Billeteras,2372548431550,,OMP 04
01/06/2022,QR Débito en cuenta - Billeteras,2372548431550,,OMP 04
01/07/2022,QR Débito en cuenta - Billeteras,2372548431550,,OMP 04
01/08/2022,QR Débito en cuenta - Billeteras,2372548431550,,OMP 04
01/09/2022,QR Débito en cuenta - Billeteras,2372548431550,,OMP 04
01/10/2022,QR Débito en cuenta - Billeteras,2372548431550,,OMP 04
01/11/2022,QR Débito en cuenta - Billeteras,2372548431550,,OMP 04
01/12/2022,QR Débito en cuenta - Billeteras,2372548431550,,OMP 04
01/01/2023,QR Débito en cuenta - Billeteras,2372548431550,,OMP 04
01/02/2023,QR Débito en cuenta - Billeteras,2372548431550,,OMP 04
01/03/2023,QR Débito en cuenta - Billeteras,2372548431550,,OMP 04
01/04/2023,QR Débito en cuenta - Billeteras,2372548431550,,OMP 04
01/05/2023,QR Débito en cuenta - Billeteras,2372548431550,,OMP 04
01/06/2023,QR Débito en cuenta - Billeteras,2372548431550,,OMP 04
01/07/2023,QR Débito en cuenta - Billeteras,2372548431550,,OMP 04
01/08/2023,QR Débito en cuenta - Billeteras,2372548431550,,OMP 04
01/09/2023,QR Débito en cuenta - Billeteras,2372548431550,,OMP 04
01/10/2023,QR Débito en cuenta - Billeteras,2372548431550,,OMP 04
01/11/2023,QR Débito en cuenta - Billeteras,2372548431550,,OMP 04
01/12/2023,QR Débito en cuenta - Billeteras,2372548431550,,OMP 04
01/01/2024,QR Débito en cuenta - Billeteras,2372548431550,,OMP 04
01/02/2024,QR Débito en cuenta - Billeteras,2372548431550,,OMP 04
01/03/2024,QR Débito en cuenta - Billeteras,2372548431550,,OMP 04
01/04/2024,QR Débito en cuenta - Billeteras,2372548431550,,OMP 04
01/05/2024,QR Débito en cuenta - Billeteras,2372548431550,,OMP 04
01/06/2024,QR Débito en cuenta - Billeteras,2372548431550,,OMP 04
01/07/2024,QR Débito en cuenta - Billeteras,2372548431550,,OMP 04
01/08/2024,QR Débito en cuenta - Billeteras,2372548431550,,OMP 04
01/09/2024,QR Débito en cuenta - Billeteras,2372548431550,,OMP 04
01/10/2024,QR Débito en cuenta - Billeteras,2372548431550,,OMP 04
01/11/2024,QR Débito en cuenta - Billeteras,2372548431550,,OMP 04
01/12/2024,QR Débito en cuenta - Billeteras,2372548431550,,OMP 04
01/01/2025,QR Débito en cuenta - Billeteras,2372548431550,9773563838.5,OMP 04
01/02/2025,QR Débito en cuenta - Billeteras,2372548431550,3767541805,OMP 04
01/03/2025,QR Débito en cuenta - Billeteras,2372548431550,3377113934,OMP 04
01/04/2025,QR Débito en cuenta - Billeteras,2372548431550,3218260265,OMP 04
01/05/2025,QR Débito en cuenta - Billeteras,2372548431550,3169409411,OMP 04
01/06/2025,QR Débito en cuenta - Billeteras,2372548431550,2973243746,OMP 04
01/07/2025,QR Débito en cuenta - Billeteras,2372548431550,3260106886,OMP 04
01/08/2025,QR Débito en cuenta - Billeteras,2372548431550,3316270352,OMP 04
01/09/2025,QR Débito en cuenta - Billeteras,2372548431550,3048294118,OMP 04
01/10/2025,QR Débito en cuenta - Billeteras,2372548431550,2879994363,OMP 04
01/11/2025,QR Débito en cuenta - Billeteras,2372548431550,2620263762,OMP 04
01/12/2025,QR Débito en cuenta - Billeteras,2372548431550,2750797180,OMP 04
01/01/2026,QR Débito en cuenta - Billeteras,2372548431550,2502401726,OMP 04
01/02/2026,QR Débito en cuenta - Billeteras,2372548431550,3853000283,OMP 04
01/03/2026,QR Débito en cuenta - Billeteras,2372548431550,13556309184,OMP 04
01/02/2018,Total QR,0,0,OMP 04
01/03/2018,Total QR,0,0,OMP 04
01/04/2018,Total QR,0,0,OMP 04
01/05/2018,Total QR,0,0,OMP 04
01/06/2018,Total QR,0,0,OMP 04
01/07/2018,Total QR,0,0,OMP 04
01/08/2018,Total QR,0,0,OMP 04
01/09/2018,Total QR,0,0,OMP 04
01/10/2018,Total QR,0,0,OMP 04
01/11/2018,Total QR,0,0,OMP 04
01/12/2018,Total QR,0,0,OMP 04
01/01/2019,Total QR,0,0,OMP 04
01/02/2019,Total QR,0,0,OMP 04
01/03/2019,Total QR,0,0,OMP 04
01/04/2019,Total QR,0,0,OMP 04
01/05/2019,Total QR,0,0,OMP 04
01/06/2019,Total QR,0,0,OMP 04
01/07/2019,Total QR,0,0,OMP 04
01/08/2019,Total QR,0,0,OMP 04
01/09/2019,Total QR,0,0,OMP 04
01/10/2019,Total QR,0,0,OMP 04
01/11/2019,Total QR,0,0,OMP 04
01/12/2019,Total QR,0,0,OMP 04
01/01/2020,Total QR,0,0,OMP 04
01/02/2020,Total QR,0,0,OMP 04
01/03/2020,Total QR,0,0,OMP 04
01/04/2020,Total QR,0,0,OMP 04
01/05/2020,Total QR,0,0,OMP 04
01/06/2020,Total QR,0,0,OMP 04
01/07/2020,Total QR,0,0,OMP 04
01/08/2020,Total QR,0,0,OMP 04
01/09/2020,Total QR,0,0,OMP 04
01/10/2020,Total QR,0,0,OMP 04
01/11/2020,Total QR,0,0,OMP 04
01/12/2020,Total QR,0,0,OMP 04
01/01/2021,Total QR,0,0,OMP 04
01/02/2021,Total QR,0,0,OMP 04
01/03/2021,Total QR,0,0,OMP 04
01/04/2021,Total QR,0,0,OMP 04
01/05/2021,Total QR,0,0,OMP 04
01/06/2021,Total QR,0,0,OMP 04
01/07/2021,Total QR,0,0,OMP 04
01/08/2021,Total QR,0,0,OMP 04
01/09/2021,Total QR,0,0,OMP 04
01/10/2021,Total QR,0,0,OMP 04
01/11/2021,Total QR,0,0,OMP 04
01/12/2021,Total QR,0,0,OMP 04
01/01/2022,Total QR,0,305453,OMP 04
01/02/2022,Total QR,0,386004,OMP 04
01/03/2022,Total QR,0,517119,OMP 04
01/04/2022,Total QR,0,529780,OMP 04
01/05/2022,Total QR,0,691914,OMP 04
01/06/2022,Total QR,0,789631,OMP 04
01/07/2022,Total QR,0,985291,OMP 04
01/08/2022,Total QR,0,1170905,OMP 04
01/09/2022,Total QR,0,1277617,OMP 04
01/10/2022,Total QR,0,1499205,OMP 04
01/11/2022,Total QR,0,1673051,OMP 04
01/12/2022,Total QR,0,2264129,OMP 04
01/01/2023,Total QR,0,2050220,OMP 04
01/02/2023,Total QR,0,2048152,OMP 04
01/03/2023,Total QR,0,2517129,OMP 04
01/04/2023,Total QR,0,2502401,OMP 04
01/05/2023,Total QR,0,2917074,OMP 04
01/06/2023,Total QR,0,2966647,OMP 04
01/07/2023,Total QR,0,3334117,OMP 04
01/08/2023,Total QR,0,3717989,OMP 04
01/09/2023,Total QR,0,4054712,OMP 04
01/10/2023,Total QR,0,4550994,OMP 04
01/11/2023,Total QR,0,4857780,OMP 04
01/12/2023,Total QR,0,5990158,OMP 04
01/01/2024,Total QR,0,5840918,OMP 04
01/02/2024,Total QR,0,6104363,OMP 04
01/03/2024,Total QR,0,6816850,OMP 04
01/04/2024,Total QR,0,7165878,OMP 04
01/05/2024,Total QR,0,7713362,OMP 04
01/06/2024,Total QR,0,8214408,OMP 04
01/07/2024,Total QR,0,9304393,OMP 04
01/08/2024,Total QR,0,10381302,OMP 04
01/09/2024,Total QR,0,10640103,OMP 04
01/10/2024,Total QR,0,11462234,OMP 04
01/11/2024,Total QR,0,11954560,OMP 04
01/12/2024,Total QR,0,13465716,OMP 04
01/01/2025,Total QR,0,12514900,OMP 04
01/02/2025,Total QR,0,12249366,OMP 04
01/03/2025,Total QR,0,13894958,OMP 04
01/04/2025,Total QR,0,13303460,OMP 04
01/05/2025,Total QR,0,14815069,OMP 04
01/06/2025,Total QR,0,14494648,OMP 04
01/07/2025,Total QR,0,16300482,OMP 04
01/08/2025,Total QR,0,17392499,OMP 04
01/09/2025,Total QR,0,17606199,OMP 04
01/10/2025,Total QR,0,19243731,OMP 04
01/11/2025,Total QR,0,19881809,OMP 04
01/12/2025,Total QR,0,22779270,OMP 04
01/01/2026,Total QR,0,21240045,OMP 04
01/02/2026,Total QR,0,20922586,OMP 04
01/03/2026,Total QR,0,24061390,OMP 04
01/02/2018,Total QR,0,0,OMP 04
01/03/2018,Total QR,0,0,OMP 04
01/04/2018,Total QR,0,0,OMP 04
01/05/2018,Total QR,0,0,OMP 04
01/06/2018,Total QR,0,0,OMP 04
01/07/2018,Total QR,0,0,OMP 04
01/08/2018,Total QR,0,0,OMP 04
01/09/2018,Total QR,0,0,OMP 04
01/10/2018,Total QR,0,0,OMP 04
01/11/2018,Total QR,0,0,OMP 04
01/12/2018,Total QR,0,0,OMP 04
01/01/2019,Total QR,0,0,OMP 04
01/02/2019,Total QR,0,0,OMP 04
01/03/2019,Total QR,0,0,OMP 04
01/04/2019,Total QR,0,0,OMP 04
01/05/2019,Total QR,0,0,OMP 04
01/06/2019,Total QR,0,0,OMP 04
01/07/2019,Total QR,0,0,OMP 04
01/08/2019,Total QR,0,0,OMP 04
01/09/2019,Total QR,0,0,OMP 04
01/10/2019,Total QR,0,0,OMP 04
01/11/2019,Total QR,0,0,OMP 04
01/12/2019,Total QR,0,0,OMP 04
01/01/2020,Total QR,0,0,OMP 04
01/02/2020,Total QR,0,0,OMP 04
01/03/2020,Total QR,0,0,OMP 04
01/04/2020,Total QR,0,0,OMP 04
01/05/2020,Total QR,0,0,OMP 04
01/06/2020,Total QR,0,0,OMP 04
01/07/2020,Total QR,0,0,OMP 04
01/08/2020,Total QR,0,0,OMP 04
01/09/2020,Total QR,0,0,OMP 04
01/10/2020,Total QR,0,0,OMP 04
01/11/2020,Total QR,0,0,OMP 04
01/12/2020,Total QR,0,0,OMP 04
01/01/2021,Total QR,0,0,OMP 04
01/02/2021,Total QR,0,0,OMP 04
01/03/2021,Total QR,0,0,OMP 04
01/04/2021,Total QR,0,0,OMP 04
01/05/2021,Total QR,0,0,OMP 04
01/06/2021,Total QR,0,0,OMP 04
01/07/2021,Total QR,0,0,OMP 04
01/08/2021,Total QR,0,0,OMP 04
01/09/2021,Total QR,0,0,OMP 04
01/10/2021,Total QR,0,0,OMP 04
01/11/2021,Total QR,0,0,OMP 04
01/12/2021,Total QR,0,0,OMP 04
01/01/2022,Total QR,0,45069719361,OMP 04
01/02/2022,Total QR,0,59080829296,OMP 04
01/03/2022,Total QR,0,78351962915,OMP 04
01/04/2022,Total QR,0,82387655128,OMP 04
01/05/2022,Total QR,0,114140412711,OMP 04
01/06/2022,Total QR,0,126474067365,OMP 04
01/07/2022,Total QR,0,139573417370,OMP 04
01/08/2022,Total QR,0,166702227401,OMP 04
01/09/2022,Total QR,0,176335070416,OMP 04
01/10/2022,Total QR,0,201792994373,OMP 04
01/11/2022,Total QR,0,235177800021,OMP 04
01/12/2022,Total QR,0,363754235505,OMP 04
01/01/2023,Total QR,0,286474982942,OMP 04
01/02/2023,Total QR,0,289127674458,OMP 04
01/03/2023,Total QR,0,333523279749,OMP 04
01/04/2023,Total QR,0,328283332626,OMP 04
01/05/2023,Total QR,0,396501016511,OMP 04
01/06/2023,Total QR,0,393208202647,OMP 04
01/07/2023,Total QR,0,427131710064,OMP 04
01/08/2023,Total QR,0,459215802682,OMP 04
01/09/2023,Total QR,0,489294388198,OMP 04
01/10/2023,Total QR,0,542739962616,OMP 04
01/11/2023,Total QR,0,595200575513,OMP 04
01/12/2023,Total QR,0,843449961855,OMP 04
01/01/2024,Total QR,0,722585431531,OMP 04
01/02/2024,Total QR,0,738462957591,OMP 04
01/03/2024,Total QR,0,773839686808,OMP 04
01/04/2024,Total QR,0,829251950204,OMP 04
01/05/2024,Total QR,0,908609120014,OMP 04
01/06/2024,Total QR,0,924452563900,OMP 04
01/07/2024,Total QR,0,1047547775116,OMP 04
01/08/2024,Total QR,0,1132561798481,OMP 04
01/09/2024,Total QR,0,1145870830006,OMP 04
01/10/2024,Total QR,0,1248296387845,OMP 04
01/11/2024,Total QR,0,1340690755873,OMP 04
01/12/2024,Total QR,0,1778646296257,OMP 04
01/01/2025,Total QR,0,1438043259991.5,OMP 04
01/02/2025,Total QR,0,1393096286226,OMP 04
01/03/2025,Total QR,0,1525034366678,OMP 04
01/04/2025,Total QR,0,1482931451231,OMP 04
01/05/2025,Total QR,0,1658912285911,OMP 04
01/06/2025,Total QR,0,1656257380873,OMP 04
01/07/2025,Total QR,0,1820871921962,OMP 04
01/08/2025,Total QR,0,1881188364461,OMP 04
01/09/2025,Total QR,0,1907878960561,OMP 04
01/10/2025,Total QR,0,2057269591548,OMP 04
01/11/2025,Total QR,0,2162486812718,OMP 04
01/12/2025,Total QR,0,2830614359134,OMP 04
01/01/2026,Total QR,0,2315744291609,OMP 04
01/02/2026,Total QR,0,2250198921033,OMP 04
01/03/2026,Total QR,0,2538083291625,OMP 04
