fecha,indicador,operadora,valor,origen_valor
01/01/2018,Compras en POS con Tarjeta de Crédito,Cantidad,1560599,OMP 01
01/02/2018,Compras en POS con Tarjeta de Crédito,Cantidad,1436405,OMP 01
01/03/2018,Compras en POS con Tarjeta de Crédito,Cantidad,1443955,OMP 01
01/04/2018,Compras en POS con Tarjeta de Crédito,Cantidad,1607149,OMP 01
01/05/2018,Compras en POS con Tarjeta de Crédito,Cantidad,1582679,OMP 01
01/06/2018,Compras en POS con Tarjeta de Crédito,Cantidad,1513014,OMP 01
01/07/2018,Compras en POS con Tarjeta de Crédito,Cantidad,1797169,OMP 01
01/08/2018,Compras en POS con Tarjeta de Crédito,Cantidad,1671581,OMP 01
01/09/2018,Compras en POS con Tarjeta de Crédito,Cantidad,1531158,OMP 01
01/10/2018,Compras en POS con Tarjeta de Crédito,Cantidad,1783306,OMP 01
01/11/2018,Compras en POS con Tarjeta de Crédito,Cantidad,1735737,OMP 01
01/12/2018,Compras en POS con Tarjeta de Crédito,Cantidad,1621623,OMP 01
01/01/2019,Compras en POS con Tarjeta de Crédito,Cantidad,1718665,OMP 01
01/02/2019,Compras en POS con Tarjeta de Crédito,Cantidad,1565041,OMP 01
01/03/2019,Compras en POS con Tarjeta de Crédito,Cantidad,1599283,OMP 01
01/04/2019,Compras en POS con Tarjeta de Crédito,Cantidad,1739694,OMP 01
01/05/2019,Compras en POS con Tarjeta de Crédito,Cantidad,1746323,OMP 01
01/06/2019,Compras en POS con Tarjeta de Crédito,Cantidad,1594638,OMP 01
01/07/2019,Compras en POS con Tarjeta de Crédito,Cantidad,1864487,OMP 01
01/08/2019,Compras en POS con Tarjeta de Crédito,Cantidad,1748297,OMP 01
01/09/2019,Compras en POS con Tarjeta de Crédito,Cantidad,1784883,OMP 01
01/10/2019,Compras en POS con Tarjeta de Crédito,Cantidad,1815023,OMP 01
01/11/2019,Compras en POS con Tarjeta de Crédito,Cantidad,1790542,OMP 01
01/12/2019,Compras en POS con Tarjeta de Crédito,Cantidad,1848978,OMP 01
01/01/2020,Compras en POS con Tarjeta de Crédito,Cantidad,1696792,OMP 01
01/02/2020,Compras en POS con Tarjeta de Crédito,Cantidad,1661104,OMP 01
01/03/2020,Compras en POS con Tarjeta de Crédito,Cantidad,1367317,OMP 01
01/04/2020,Compras en POS con Tarjeta de Crédito,Cantidad,640695,OMP 01
01/05/2020,Compras en POS con Tarjeta de Crédito,Cantidad,795444,OMP 01
01/06/2020,Compras en POS con Tarjeta de Crédito,Cantidad,958225,OMP 01
01/07/2020,Compras en POS con Tarjeta de Crédito,Cantidad,1090698,OMP 01
01/08/2020,Compras en POS con Tarjeta de Crédito,Cantidad,1106891,OMP 01
01/09/2020,Compras en POS con Tarjeta de Crédito,Cantidad,1134699,OMP 01
01/10/2020,Compras en POS con Tarjeta de Crédito,Cantidad,1298620,OMP 01
01/11/2020,Compras en POS con Tarjeta de Crédito,Cantidad,1429871,OMP 01
01/12/2020,Compras en POS con Tarjeta de Crédito,Cantidad,1466840,OMP 01
01/01/2021,Compras en POS con Tarjeta de Crédito,Cantidad,1361907.4,OMP 01
01/02/2021,Compras en POS con Tarjeta de Crédito,Cantidad,1424916.4,OMP 01
01/03/2021,Compras en POS con Tarjeta de Crédito,Cantidad,1568163.8,OMP 01
01/04/2021,Compras en POS con Tarjeta de Crédito,Cantidad,1365750.4,OMP 01
01/05/2021,Compras en POS con Tarjeta de Crédito,Cantidad,1526530.4,OMP 01
01/06/2021,Compras en POS con Tarjeta de Crédito,Cantidad,1518994.8,OMP 01
01/07/2021,Compras en POS con Tarjeta de Crédito,Cantidad,1630960,OMP 01
01/08/2021,Compras en POS con Tarjeta de Crédito,Cantidad,1889117.8,OMP 01
01/09/2021,Compras en POS con Tarjeta de Crédito,Cantidad,1840004.4,OMP 01
01/10/2021,Compras en POS con Tarjeta de Crédito,Cantidad,1829779.4,OMP 01
01/11/2021,Compras en POS con Tarjeta de Crédito,Cantidad,2143380.2,OMP 01
01/12/2021,Compras en POS con Tarjeta de Crédito,Cantidad,2025060,OMP 01
01/01/2022,Compras en POS con Tarjeta de Crédito,Cantidad,1852549,OMP 01
01/02/2022,Compras en POS con Tarjeta de Crédito,Cantidad,1638791,OMP 01
01/03/2022,Compras en POS con Tarjeta de Crédito,Cantidad,2226331,OMP 01
01/04/2022,Compras en POS con Tarjeta de Crédito,Cantidad,1961017,OMP 01
01/05/2022,Compras en POS con Tarjeta de Crédito,Cantidad,2279510,OMP 01
01/06/2022,Compras en POS con Tarjeta de Crédito,Cantidad,2218341,OMP 01
01/07/2022,Compras en POS con Tarjeta de Crédito,Cantidad,2267334,OMP 01
01/08/2022,Compras en POS con Tarjeta de Crédito,Cantidad,2598241,OMP 01
01/09/2022,Compras en POS con Tarjeta de Crédito,Cantidad,2374146,OMP 01
01/10/2022,Compras en POS con Tarjeta de Crédito,Cantidad,2426569,OMP 01
01/11/2022,Compras en POS con Tarjeta de Crédito,Cantidad,2421746,OMP 01
01/12/2022,Compras en POS con Tarjeta de Crédito,Cantidad,2329978,OMP 01
01/01/2023,Compras en POS con Tarjeta de Crédito,Cantidad,2427234,OMP 01
01/02/2023,Compras en POS con Tarjeta de Crédito,Cantidad,2229239,OMP 01
01/03/2023,Compras en POS con Tarjeta de Crédito,Cantidad,2518047,OMP 01
01/04/2023,Compras en POS con Tarjeta de Crédito,Cantidad,2223291,OMP 01
01/05/2023,Compras en POS con Tarjeta de Crédito,Cantidad,2701451,OMP 01
01/06/2023,Compras en POS con Tarjeta de Crédito,Cantidad,2595731,OMP 01
01/07/2023,Compras en POS con Tarjeta de Crédito,Cantidad,2806895,OMP 01
01/08/2023,Compras en POS con Tarjeta de Crédito,Cantidad,2927812,OMP 01
01/09/2023,Compras en POS con Tarjeta de Crédito,Cantidad,2807694,OMP 01
01/10/2023,Compras en POS con Tarjeta de Crédito,Cantidad,3247176,OMP 01
01/11/2023,Compras en POS con Tarjeta de Crédito,Cantidad,3085899,OMP 01
01/12/2023,Compras en POS con Tarjeta de Crédito,Cantidad,2980156,OMP 01
01/01/2024,Compras en POS con Tarjeta de Crédito,Cantidad,3255096,OMP 01
01/02/2024,Compras en POS con Tarjeta de Crédito,Cantidad,3071045,OMP 01
01/03/2024,Compras en POS con Tarjeta de Crédito,Cantidad,3072384,OMP 01
01/04/2024,Compras en POS con Tarjeta de Crédito,Cantidad,3655253,OMP 01
01/05/2024,Compras en POS con Tarjeta de Crédito,Cantidad,3533548,OMP 01
01/06/2024,Compras en POS con Tarjeta de Crédito,Cantidad,3354425,OMP 01
01/07/2024,Compras en POS con Tarjeta de Crédito,Cantidad,4113979,OMP 01
01/08/2024,Compras en POS con Tarjeta de Crédito,Cantidad,4009247,OMP 01
01/09/2024,Compras en POS con Tarjeta de Crédito,Cantidad,3787188,OMP 01
01/10/2024,Compras en POS con Tarjeta de Crédito,Cantidad,4666923,OMP 01
01/11/2024,Compras en POS con Tarjeta de Crédito,Cantidad,4807631,OMP 01
01/12/2024,Compras en POS con Tarjeta de Crédito,Cantidad,5656026,OMP 01
01/01/2025,Compras en POS con Tarjeta de Crédito,Cantidad,5604923,OMP 01
01/02/2025,Compras en POS con Tarjeta de Crédito,Cantidad,5559964,OMP 01
01/03/2025,Compras en POS con Tarjeta de Crédito,Cantidad,6355833,OMP 01
01/04/2025,Compras en POS con Tarjeta de Crédito,Cantidad,6042524,OMP 01
01/05/2025,Compras en POS con Tarjeta de Crédito,Cantidad,6180114,OMP 01
01/06/2025,Compras en POS con Tarjeta de Crédito,Cantidad,6374737,OMP 01
01/07/2025,Compras en POS con Tarjeta de Crédito,Cantidad,7079715,OMP 01
01/08/2025,Compras en POS con Tarjeta de Crédito,Cantidad,7064276,OMP 01
01/09/2025,Compras en POS con Tarjeta de Crédito,Cantidad,7974624,OMP 01
01/10/2025,Compras en POS con Tarjeta de Crédito,Cantidad,7617230,OMP 01
01/11/2025,Compras en POS con Tarjeta de Crédito,Cantidad,7018990,OMP 01
01/12/2025,Compras en POS con Tarjeta de Crédito,Cantidad,8000225,OMP 01
01/01/2026,Compras en POS con Tarjeta de Crédito,Cantidad,7140317,OMP 01
01/02/2026,Compras en POS con Tarjeta de Crédito,Cantidad,6840838,OMP 01
01/03/2026,Compras en POS con Tarjeta de Crédito,Cantidad,7761676,OMP 01
01/04/2026,Compras en POS con Tarjeta de Crédito,Cantidad,7227711,OMP 01
01/05/2026,Compras en POS con Tarjeta de Crédito,Cantidad,7229274,OMP 01
01/06/2026,Compras en POS con Tarjeta de Crédito,Cantidad,7375747,OMP 01
01/01/2018,Compras en POS con Tarjeta de Crédito,Monto,373273317348,OMP 01
01/02/2018,Compras en POS con Tarjeta de Crédito,Monto,326504040734,OMP 01
01/03/2018,Compras en POS con Tarjeta de Crédito,Monto,334525086374,OMP 01
01/04/2018,Compras en POS con Tarjeta de Crédito,Monto,356240542419,OMP 01
01/05/2018,Compras en POS con Tarjeta de Crédito,Monto,364316428520,OMP 01
01/06/2018,Compras en POS con Tarjeta de Crédito,Monto,352251338771,OMP 01
01/07/2018,Compras en POS con Tarjeta de Crédito,Monto,371742753695,OMP 01
01/08/2018,Compras en POS con Tarjeta de Crédito,Monto,370380973988,OMP 01
01/09/2018,Compras en POS con Tarjeta de Crédito,Monto,343324354026,OMP 01
01/10/2018,Compras en POS con Tarjeta de Crédito,Monto,398768486923,OMP 01
01/11/2018,Compras en POS con Tarjeta de Crédito,Monto,406260395951,OMP 01
01/12/2018,Compras en POS con Tarjeta de Crédito,Monto,423473532911,OMP 01
01/01/2019,Compras en POS con Tarjeta de Crédito,Monto,413826591148,OMP 01
01/02/2019,Compras en POS con Tarjeta de Crédito,Monto,358786427442,OMP 01
01/03/2019,Compras en POS con Tarjeta de Crédito,Monto,354555496107,OMP 01
01/04/2019,Compras en POS con Tarjeta de Crédito,Monto,389402602701,OMP 01
01/05/2019,Compras en POS con Tarjeta de Crédito,Monto,394009085379,OMP 01
01/06/2019,Compras en POS con Tarjeta de Crédito,Monto,359441194935,OMP 01
01/07/2019,Compras en POS con Tarjeta de Crédito,Monto,412262592100,OMP 01
01/08/2019,Compras en POS con Tarjeta de Crédito,Monto,380897617419,OMP 01
01/09/2019,Compras en POS con Tarjeta de Crédito,Monto,390592373127,OMP 01
01/10/2019,Compras en POS con Tarjeta de Crédito,Monto,406012486226,OMP 01
01/11/2019,Compras en POS con Tarjeta de Crédito,Monto,404834513470,OMP 01
01/12/2019,Compras en POS con Tarjeta de Crédito,Monto,485233779562,OMP 01
01/01/2020,Compras en POS con Tarjeta de Crédito,Monto,403292601732,OMP 01
01/02/2020,Compras en POS con Tarjeta de Crédito,Monto,377633704921,OMP 01
01/03/2020,Compras en POS con Tarjeta de Crédito,Monto,317669053312,OMP 01
01/04/2020,Compras en POS con Tarjeta de Crédito,Monto,172830989139,OMP 01
01/05/2020,Compras en POS con Tarjeta de Crédito,Monto,227208132125,OMP 01
01/06/2020,Compras en POS con Tarjeta de Crédito,Monto,277881733255,OMP 01
01/07/2020,Compras en POS con Tarjeta de Crédito,Monto,298527564981,OMP 01
01/08/2020,Compras en POS con Tarjeta de Crédito,Monto,292572720728,OMP 01
01/09/2020,Compras en POS con Tarjeta de Crédito,Monto,300479333548,OMP 01
01/10/2020,Compras en POS con Tarjeta de Crédito,Monto,351225506287,OMP 01
01/11/2020,Compras en POS con Tarjeta de Crédito,Monto,382494828922,OMP 01
01/12/2020,Compras en POS con Tarjeta de Crédito,Monto,441185268261,OMP 01
01/01/2021,Compras en POS con Tarjeta de Crédito,Monto,369297474022,OMP 01
01/02/2021,Compras en POS con Tarjeta de Crédito,Monto,367679804437.4,OMP 01
01/03/2021,Compras en POS con Tarjeta de Crédito,Monto,404427856517.8,OMP 01
01/04/2021,Compras en POS con Tarjeta de Crédito,Monto,350154637312.8,OMP 01
01/05/2021,Compras en POS con Tarjeta de Crédito,Monto,397612235440.4,OMP 01
01/06/2021,Compras en POS con Tarjeta de Crédito,Monto,392288431645.2,OMP 01
01/07/2021,Compras en POS con Tarjeta de Crédito,Monto,389747398242.6,OMP 01
01/08/2021,Compras en POS con Tarjeta de Crédito,Monto,465568866242.4,OMP 01
01/09/2021,Compras en POS con Tarjeta de Crédito,Monto,444699445988.6,OMP 01
01/10/2021,Compras en POS con Tarjeta de Crédito,Monto,449757616923.6,OMP 01
01/11/2021,Compras en POS con Tarjeta de Crédito,Monto,530736634285.2,OMP 01
01/12/2021,Compras en POS con Tarjeta de Crédito,Monto,569506197526,OMP 01
01/01/2022,Compras en POS con Tarjeta de Crédito,Monto,474276156630,OMP 01
01/02/2022,Compras en POS con Tarjeta de Crédito,Monto,401538986384,OMP 01
01/03/2022,Compras en POS con Tarjeta de Crédito,Monto,527624795521,OMP 01
01/04/2022,Compras en POS con Tarjeta de Crédito,Monto,472074678050,OMP 01
01/05/2022,Compras en POS con Tarjeta de Crédito,Monto,536670023959,OMP 01
01/06/2022,Compras en POS con Tarjeta de Crédito,Monto,519635263342,OMP 01
01/07/2022,Compras en POS con Tarjeta de Crédito,Monto,505080346453,OMP 01
01/08/2022,Compras en POS con Tarjeta de Crédito,Monto,575849756874,OMP 01
01/09/2022,Compras en POS con Tarjeta de Crédito,Monto,520624830699,OMP 01
01/10/2022,Compras en POS con Tarjeta de Crédito,Monto,525579223691,OMP 01
01/11/2022,Compras en POS con Tarjeta de Crédito,Monto,544883402854,OMP 01
01/12/2022,Compras en POS con Tarjeta de Crédito,Monto,593562085643,OMP 01
01/01/2023,Compras en POS con Tarjeta de Crédito,Monto,572237564990,OMP 01
01/02/2023,Compras en POS con Tarjeta de Crédito,Monto,489309850615,OMP 01
01/03/2023,Compras en POS con Tarjeta de Crédito,Monto,545772564093,OMP 01
01/04/2023,Compras en POS con Tarjeta de Crédito,Monto,472995853888,OMP 01
01/05/2023,Compras en POS con Tarjeta de Crédito,Monto,572800105356,OMP 01
01/06/2023,Compras en POS con Tarjeta de Crédito,Monto,544801380148,OMP 01
01/07/2023,Compras en POS con Tarjeta de Crédito,Monto,563086135478,OMP 01
01/08/2023,Compras en POS con Tarjeta de Crédito,Monto,572227434962,OMP 01
01/09/2023,Compras en POS con Tarjeta de Crédito,Monto,548360420691,OMP 01
01/10/2023,Compras en POS con Tarjeta de Crédito,Monto,623838695860,OMP 01
01/11/2023,Compras en POS con Tarjeta de Crédito,Monto,617366438642,OMP 01
01/12/2023,Compras en POS con Tarjeta de Crédito,Monto,668458107782,OMP 01
01/01/2024,Compras en POS con Tarjeta de Crédito,Monto,676374045082,OMP 01
01/02/2024,Compras en POS con Tarjeta de Crédito,Monto,599778684495,OMP 01
01/03/2024,Compras en POS con Tarjeta de Crédito,Monto,585791242426,OMP 01
01/04/2024,Compras en POS con Tarjeta de Crédito,Monto,672371754402,OMP 01
01/05/2024,Compras en POS con Tarjeta de Crédito,Monto,671207074901,OMP 01
01/06/2024,Compras en POS con Tarjeta de Crédito,Monto,612676068184,OMP 01
01/07/2024,Compras en POS con Tarjeta de Crédito,Monto,731221990022,OMP 01
01/08/2024,Compras en POS con Tarjeta de Crédito,Monto,706184167287,OMP 01
01/09/2024,Compras en POS con Tarjeta de Crédito,Monto,675112695087,OMP 01
01/10/2024,Compras en POS con Tarjeta de Crédito,Monto,831423815377,OMP 01
01/11/2024,Compras en POS con Tarjeta de Crédito,Monto,828199175627,OMP 01
01/12/2024,Compras en POS con Tarjeta de Crédito,Monto,1082676931098,OMP 01
01/01/2025,Compras en POS con Tarjeta de Crédito,Monto,951004140593,OMP 01
01/02/2025,Compras en POS con Tarjeta de Crédito,Monto,898766895942,OMP 01
01/03/2025,Compras en POS con Tarjeta de Crédito,Monto,993564038822,OMP 01
01/04/2025,Compras en POS con Tarjeta de Crédito,Monto,936632391600,OMP 01
01/05/2025,Compras en POS con Tarjeta de Crédito,Monto,946403080103,OMP 01
01/06/2025,Compras en POS con Tarjeta de Crédito,Monto,1001795993737,OMP 01
01/07/2025,Compras en POS con Tarjeta de Crédito,Monto,1081813090644,OMP 01
01/08/2025,Compras en POS con Tarjeta de Crédito,Monto,1082136258343,OMP 01
01/09/2025,Compras en POS con Tarjeta de Crédito,Monto,1179560276376,OMP 01
01/10/2025,Compras en POS con Tarjeta de Crédito,Monto,1136620926059,OMP 01
01/11/2025,Compras en POS con Tarjeta de Crédito,Monto,1090426494509,OMP 01
01/12/2025,Compras en POS con Tarjeta de Crédito,Monto,1416166656244,OMP 01
01/01/2026,Compras en POS con Tarjeta de Crédito,Monto,1158829799097,OMP 01
01/02/2026,Compras en POS con Tarjeta de Crédito,Monto,1064352694420,OMP 01
01/03/2026,Compras en POS con Tarjeta de Crédito,Monto,1185821034367,OMP 01
01/04/2026,Compras en POS con Tarjeta de Crédito,Monto,1098161106654,OMP 01
01/05/2026,Compras en POS con Tarjeta de Crédito,Monto,1147386255313,OMP 01
01/06/2026,Compras en POS con Tarjeta de Crédito,Monto,1151168786163,OMP 01
01/01/2018,Compras en Internet con Tarjeta de Crédito,Cantidad,29920,OMP 01
01/02/2018,Compras en Internet con Tarjeta de Crédito,Cantidad,25725,OMP 01
01/03/2018,Compras en Internet con Tarjeta de Crédito,Cantidad,26094,OMP 01
01/04/2018,Compras en Internet con Tarjeta de Crédito,Cantidad,31324,OMP 01
01/05/2018,Compras en Internet con Tarjeta de Crédito,Cantidad,29094,OMP 01
01/06/2018,Compras en Internet con Tarjeta de Crédito,Cantidad,25728,OMP 01
01/07/2018,Compras en Internet con Tarjeta de Crédito,Cantidad,31679,OMP 01
01/08/2018,Compras en Internet con Tarjeta de Crédito,Cantidad,30865,OMP 01
01/09/2018,Compras en Internet con Tarjeta de Crédito,Cantidad,25345,OMP 01
01/10/2018,Compras en Internet con Tarjeta de Crédito,Cantidad,30954,OMP 01
01/11/2018,Compras en Internet con Tarjeta de Crédito,Cantidad,33515,OMP 01
01/12/2018,Compras en Internet con Tarjeta de Crédito,Cantidad,27464,OMP 01
01/01/2019,Compras en Internet con Tarjeta de Crédito,Cantidad,35745,OMP 01
01/02/2019,Compras en Internet con Tarjeta de Crédito,Cantidad,30451,OMP 01
01/03/2019,Compras en Internet con Tarjeta de Crédito,Cantidad,30627,OMP 01
01/04/2019,Compras en Internet con Tarjeta de Crédito,Cantidad,32979,OMP 01
01/05/2019,Compras en Internet con Tarjeta de Crédito,Cantidad,30517,OMP 01
01/06/2019,Compras en Internet con Tarjeta de Crédito,Cantidad,27690,OMP 01
01/07/2019,Compras en Internet con Tarjeta de Crédito,Cantidad,34693,OMP 01
01/08/2019,Compras en Internet con Tarjeta de Crédito,Cantidad,32504,OMP 01
01/09/2019,Compras en Internet con Tarjeta de Crédito,Cantidad,31439,OMP 01
01/10/2019,Compras en Internet con Tarjeta de Crédito,Cantidad,38146,OMP 01
01/11/2019,Compras en Internet con Tarjeta de Crédito,Cantidad,35191,OMP 01
01/12/2019,Compras en Internet con Tarjeta de Crédito,Cantidad,37587,OMP 01
01/01/2020,Compras en Internet con Tarjeta de Crédito,Cantidad,36145,OMP 01
01/02/2020,Compras en Internet con Tarjeta de Crédito,Cantidad,35680,OMP 01
01/03/2020,Compras en Internet con Tarjeta de Crédito,Cantidad,35555,OMP 01
01/04/2020,Compras en Internet con Tarjeta de Crédito,Cantidad,38103,OMP 01
01/05/2020,Compras en Internet con Tarjeta de Crédito,Cantidad,47587,OMP 01
01/06/2020,Compras en Internet con Tarjeta de Crédito,Cantidad,54077,OMP 01
01/07/2020,Compras en Internet con Tarjeta de Crédito,Cantidad,55278,OMP 01
01/08/2020,Compras en Internet con Tarjeta de Crédito,Cantidad,61564,OMP 01
01/09/2020,Compras en Internet con Tarjeta de Crédito,Cantidad,66255,OMP 01
01/10/2020,Compras en Internet con Tarjeta de Crédito,Cantidad,76592,OMP 01
01/11/2020,Compras en Internet con Tarjeta de Crédito,Cantidad,89574,OMP 01
01/12/2020,Compras en Internet con Tarjeta de Crédito,Cantidad,88319,OMP 01
01/01/2021,Compras en Internet con Tarjeta de Crédito,Cantidad,83321,OMP 01
01/02/2021,Compras en Internet con Tarjeta de Crédito,Cantidad,88444,OMP 01
01/03/2021,Compras en Internet con Tarjeta de Crédito,Cantidad,112303,OMP 01
01/04/2021,Compras en Internet con Tarjeta de Crédito,Cantidad,114461,OMP 01
01/05/2021,Compras en Internet con Tarjeta de Crédito,Cantidad,127063,OMP 01
01/06/2021,Compras en Internet con Tarjeta de Crédito,Cantidad,126754,OMP 01
01/07/2021,Compras en Internet con Tarjeta de Crédito,Cantidad,150584,OMP 01
01/08/2021,Compras en Internet con Tarjeta de Crédito,Cantidad,165436,OMP 01
01/09/2021,Compras en Internet con Tarjeta de Crédito,Cantidad,160113,OMP 01
01/10/2021,Compras en Internet con Tarjeta de Crédito,Cantidad,159819,OMP 01
01/11/2021,Compras en Internet con Tarjeta de Crédito,Cantidad,195451,OMP 01
01/12/2021,Compras en Internet con Tarjeta de Crédito,Cantidad,188429,OMP 01
01/01/2022,Compras en Internet con Tarjeta de Crédito,Cantidad,181328,OMP 01
01/02/2022,Compras en Internet con Tarjeta de Crédito,Cantidad,148901,OMP 01
01/03/2022,Compras en Internet con Tarjeta de Crédito,Cantidad,209461,OMP 01
01/04/2022,Compras en Internet con Tarjeta de Crédito,Cantidad,187923,OMP 01
01/05/2022,Compras en Internet con Tarjeta de Crédito,Cantidad,215163,OMP 01
01/06/2022,Compras en Internet con Tarjeta de Crédito,Cantidad,211361,OMP 01
01/07/2022,Compras en Internet con Tarjeta de Crédito,Cantidad,218065,OMP 01
01/08/2022,Compras en Internet con Tarjeta de Crédito,Cantidad,249517,OMP 01
01/09/2022,Compras en Internet con Tarjeta de Crédito,Cantidad,252609,OMP 01
01/10/2022,Compras en Internet con Tarjeta de Crédito,Cantidad,282388,OMP 01
01/11/2022,Compras en Internet con Tarjeta de Crédito,Cantidad,259126,OMP 01
01/12/2022,Compras en Internet con Tarjeta de Crédito,Cantidad,236307,OMP 01
01/01/2023,Compras en Internet con Tarjeta de Crédito,Cantidad,250383,OMP 01
01/02/2023,Compras en Internet con Tarjeta de Crédito,Cantidad,249081,OMP 01
01/03/2023,Compras en Internet con Tarjeta de Crédito,Cantidad,320555,OMP 01
01/04/2023,Compras en Internet con Tarjeta de Crédito,Cantidad,267752,OMP 01
01/05/2023,Compras en Internet con Tarjeta de Crédito,Cantidad,361070,OMP 01
01/06/2023,Compras en Internet con Tarjeta de Crédito,Cantidad,339197,OMP 01
01/07/2023,Compras en Internet con Tarjeta de Crédito,Cantidad,389937,OMP 01
01/08/2023,Compras en Internet con Tarjeta de Crédito,Cantidad,396254,OMP 01
01/09/2023,Compras en Internet con Tarjeta de Crédito,Cantidad,460360,OMP 01
01/10/2023,Compras en Internet con Tarjeta de Crédito,Cantidad,609894,OMP 01
01/11/2023,Compras en Internet con Tarjeta de Crédito,Cantidad,638811,OMP 01
01/12/2023,Compras en Internet con Tarjeta de Crédito,Cantidad,577453,OMP 01
01/01/2024,Compras en Internet con Tarjeta de Crédito,Cantidad,676660,OMP 01
01/02/2024,Compras en Internet con Tarjeta de Crédito,Cantidad,712497,OMP 01
01/03/2024,Compras en Internet con Tarjeta de Crédito,Cantidad,693359,OMP 01
01/04/2024,Compras en Internet con Tarjeta de Crédito,Cantidad,840778,OMP 01
01/05/2024,Compras en Internet con Tarjeta de Crédito,Cantidad,806614,OMP 01
01/06/2024,Compras en Internet con Tarjeta de Crédito,Cantidad,782027,OMP 01
01/07/2024,Compras en Internet con Tarjeta de Crédito,Cantidad,949851,OMP 01
01/08/2024,Compras en Internet con Tarjeta de Crédito,Cantidad,890914,OMP 01
01/09/2024,Compras en Internet con Tarjeta de Crédito,Cantidad,874711,OMP 01
01/10/2024,Compras en Internet con Tarjeta de Crédito,Cantidad,1121111,OMP 01
01/11/2024,Compras en Internet con Tarjeta de Crédito,Cantidad,1090265,OMP 01
01/12/2024,Compras en Internet con Tarjeta de Crédito,Cantidad,1211204,OMP 01
01/01/2025,Compras en Internet con Tarjeta de Crédito,Cantidad,1079882,OMP 01
01/02/2025,Compras en Internet con Tarjeta de Crédito,Cantidad,957261,OMP 01
01/03/2025,Compras en Internet con Tarjeta de Crédito,Cantidad,1159277,OMP 01
01/04/2025,Compras en Internet con Tarjeta de Crédito,Cantidad,1243496,OMP 01
01/05/2025,Compras en Internet con Tarjeta de Crédito,Cantidad,1260307,OMP 01
01/06/2025,Compras en Internet con Tarjeta de Crédito,Cantidad,1307086,OMP 01
01/07/2025,Compras en Internet con Tarjeta de Crédito,Cantidad,1464642,OMP 01
01/08/2025,Compras en Internet con Tarjeta de Crédito,Cantidad,1520808,OMP 01
01/09/2025,Compras en Internet con Tarjeta de Crédito,Cantidad,1800577,OMP 01
01/10/2025,Compras en Internet con Tarjeta de Crédito,Cantidad,1843503,OMP 01
01/11/2025,Compras en Internet con Tarjeta de Crédito,Cantidad,1881783,OMP 01
01/12/2025,Compras en Internet con Tarjeta de Crédito,Cantidad,2065967,OMP 01
01/01/2026,Compras en Internet con Tarjeta de Crédito,Cantidad,1835782,OMP 01
01/02/2026,Compras en Internet con Tarjeta de Crédito,Cantidad,1812952,OMP 01
01/03/2026,Compras en Internet con Tarjeta de Crédito,Cantidad,2032155,OMP 01
01/04/2026,Compras en Internet con Tarjeta de Crédito,Cantidad,1963116,OMP 01
01/05/2026,Compras en Internet con Tarjeta de Crédito,Cantidad,1900829,OMP 01
01/06/2026,Compras en Internet con Tarjeta de Crédito,Cantidad,1938072,OMP 01
01/01/2018,Compras en Internet con Tarjeta de Crédito,Monto,7463200512,OMP 01
01/02/2018,Compras en Internet con Tarjeta de Crédito,Monto,6440477280,OMP 01
01/03/2018,Compras en Internet con Tarjeta de Crédito,Monto,6588135450,OMP 01
01/04/2018,Compras en Internet con Tarjeta de Crédito,Monto,7392037460,OMP 01
01/05/2018,Compras en Internet con Tarjeta de Crédito,Monto,7237931648,OMP 01
01/06/2018,Compras en Internet con Tarjeta de Crédito,Monto,7675632791,OMP 01
01/07/2018,Compras en Internet con Tarjeta de Crédito,Monto,6671575943,OMP 01
01/08/2018,Compras en Internet con Tarjeta de Crédito,Monto,7142609444,OMP 01
01/09/2018,Compras en Internet con Tarjeta de Crédito,Monto,6053215107,OMP 01
01/10/2018,Compras en Internet con Tarjeta de Crédito,Monto,8166611596,OMP 01
01/11/2018,Compras en Internet con Tarjeta de Crédito,Monto,13270884082,OMP 01
01/12/2018,Compras en Internet con Tarjeta de Crédito,Monto,7390480023,OMP 01
01/01/2019,Compras en Internet con Tarjeta de Crédito,Monto,10475796188,OMP 01
01/02/2019,Compras en Internet con Tarjeta de Crédito,Monto,8056130260,OMP 01
01/03/2019,Compras en Internet con Tarjeta de Crédito,Monto,8380622902,OMP 01
01/04/2019,Compras en Internet con Tarjeta de Crédito,Monto,9147379141,OMP 01
01/05/2019,Compras en Internet con Tarjeta de Crédito,Monto,9358573759,OMP 01
01/06/2019,Compras en Internet con Tarjeta de Crédito,Monto,8272186599,OMP 01
01/07/2019,Compras en Internet con Tarjeta de Crédito,Monto,9723338154,OMP 01
01/08/2019,Compras en Internet con Tarjeta de Crédito,Monto,9123301359,OMP 01
01/09/2019,Compras en Internet con Tarjeta de Crédito,Monto,9775266844,OMP 01
01/10/2019,Compras en Internet con Tarjeta de Crédito,Monto,11920255133,OMP 01
01/11/2019,Compras en Internet con Tarjeta de Crédito,Monto,12972478217,OMP 01
01/12/2019,Compras en Internet con Tarjeta de Crédito,Monto,13360890691,OMP 01
01/01/2020,Compras en Internet con Tarjeta de Crédito,Monto,12842748413,OMP 01
01/02/2020,Compras en Internet con Tarjeta de Crédito,Monto,12205285898,OMP 01
01/03/2020,Compras en Internet con Tarjeta de Crédito,Monto,10294374939,OMP 01
01/04/2020,Compras en Internet con Tarjeta de Crédito,Monto,11708781885,OMP 01
01/05/2020,Compras en Internet con Tarjeta de Crédito,Monto,16526839977,OMP 01
01/06/2020,Compras en Internet con Tarjeta de Crédito,Monto,16690424058,OMP 01
01/07/2020,Compras en Internet con Tarjeta de Crédito,Monto,14910961647,OMP 01
01/08/2020,Compras en Internet con Tarjeta de Crédito,Monto,16963629374,OMP 01
01/09/2020,Compras en Internet con Tarjeta de Crédito,Monto,19093824308,OMP 01
01/10/2020,Compras en Internet con Tarjeta de Crédito,Monto,21561100621,OMP 01
01/11/2020,Compras en Internet con Tarjeta de Crédito,Monto,27399922956,OMP 01
01/12/2020,Compras en Internet con Tarjeta de Crédito,Monto,22384049530,OMP 01
01/01/2021,Compras en Internet con Tarjeta de Crédito,Monto,18459074393,OMP 01
01/02/2021,Compras en Internet con Tarjeta de Crédito,Monto,20036318384,OMP 01
01/03/2021,Compras en Internet con Tarjeta de Crédito,Monto,25210335443,OMP 01
01/04/2021,Compras en Internet con Tarjeta de Crédito,Monto,27802178759,OMP 01
01/05/2021,Compras en Internet con Tarjeta de Crédito,Monto,31920524289,OMP 01
01/06/2021,Compras en Internet con Tarjeta de Crédito,Monto,29322307765,OMP 01
01/07/2021,Compras en Internet con Tarjeta de Crédito,Monto,24759968049,OMP 01
01/08/2021,Compras en Internet con Tarjeta de Crédito,Monto,28932024305,OMP 01
01/09/2021,Compras en Internet con Tarjeta de Crédito,Monto,29549241760,OMP 01
01/10/2021,Compras en Internet con Tarjeta de Crédito,Monto,32322598867,OMP 01
01/11/2021,Compras en Internet con Tarjeta de Crédito,Monto,44730550340,OMP 01
01/12/2021,Compras en Internet con Tarjeta de Crédito,Monto,37233574236,OMP 01
01/01/2022,Compras en Internet con Tarjeta de Crédito,Monto,30388603059,OMP 01
01/02/2022,Compras en Internet con Tarjeta de Crédito,Monto,25661845254,OMP 01
01/03/2022,Compras en Internet con Tarjeta de Crédito,Monto,36427006366,OMP 01
01/04/2022,Compras en Internet con Tarjeta de Crédito,Monto,35485870349,OMP 01
01/05/2022,Compras en Internet con Tarjeta de Crédito,Monto,41833755287,OMP 01
01/06/2022,Compras en Internet con Tarjeta de Crédito,Monto,38839572097,OMP 01
01/07/2022,Compras en Internet con Tarjeta de Crédito,Monto,38630803331,OMP 01
01/08/2022,Compras en Internet con Tarjeta de Crédito,Monto,42123700094,OMP 01
01/09/2022,Compras en Internet con Tarjeta de Crédito,Monto,44342937480,OMP 01
01/10/2022,Compras en Internet con Tarjeta de Crédito,Monto,52773321288,OMP 01
01/11/2022,Compras en Internet con Tarjeta de Crédito,Monto,57878993683,OMP 01
01/12/2022,Compras en Internet con Tarjeta de Crédito,Monto,46734204988,OMP 01
01/01/2023,Compras en Internet con Tarjeta de Crédito,Monto,44380200782,OMP 01
01/02/2023,Compras en Internet con Tarjeta de Crédito,Monto,40916824103,OMP 01
01/03/2023,Compras en Internet con Tarjeta de Crédito,Monto,58448596161,OMP 01
01/04/2023,Compras en Internet con Tarjeta de Crédito,Monto,49661075944,OMP 01
01/05/2023,Compras en Internet con Tarjeta de Crédito,Monto,69204145737,OMP 01
01/06/2023,Compras en Internet con Tarjeta de Crédito,Monto,58927477568,OMP 01
01/07/2023,Compras en Internet con Tarjeta de Crédito,Monto,72790542124,OMP 01
01/08/2023,Compras en Internet con Tarjeta de Crédito,Monto,67089931100,OMP 01
01/09/2023,Compras en Internet con Tarjeta de Crédito,Monto,72958328562,OMP 01
01/10/2023,Compras en Internet con Tarjeta de Crédito,Monto,79654052123,OMP 01
01/11/2023,Compras en Internet con Tarjeta de Crédito,Monto,105491105619,OMP 01
01/12/2023,Compras en Internet con Tarjeta de Crédito,Monto,76346526295,OMP 01
01/01/2024,Compras en Internet con Tarjeta de Crédito,Monto,85435988040,OMP 01
01/02/2024,Compras en Internet con Tarjeta de Crédito,Monto,83145481265,OMP 01
01/03/2024,Compras en Internet con Tarjeta de Crédito,Monto,81397743342,OMP 01
01/04/2024,Compras en Internet con Tarjeta de Crédito,Monto,104327202387,OMP 01
01/05/2024,Compras en Internet con Tarjeta de Crédito,Monto,95989232397,OMP 01
01/06/2024,Compras en Internet con Tarjeta de Crédito,Monto,89888160715,OMP 01
01/07/2024,Compras en Internet con Tarjeta de Crédito,Monto,107346335238,OMP 01
01/08/2024,Compras en Internet con Tarjeta de Crédito,Monto,102876612397,OMP 01
01/09/2024,Compras en Internet con Tarjeta de Crédito,Monto,100721081106,OMP 01
01/10/2024,Compras en Internet con Tarjeta de Crédito,Monto,137280364903,OMP 01
01/11/2024,Compras en Internet con Tarjeta de Crédito,Monto,139270335687,OMP 01
01/12/2024,Compras en Internet con Tarjeta de Crédito,Monto,140303876096,OMP 01
01/01/2025,Compras en Internet con Tarjeta de Crédito,Monto,131576345375,OMP 01
01/02/2025,Compras en Internet con Tarjeta de Crédito,Monto,127880261422,OMP 01
01/03/2025,Compras en Internet con Tarjeta de Crédito,Monto,150882496986,OMP 01
01/04/2025,Compras en Internet con Tarjeta de Crédito,Monto,144082233647,OMP 01
01/05/2025,Compras en Internet con Tarjeta de Crédito,Monto,154150051664,OMP 01
01/06/2025,Compras en Internet con Tarjeta de Crédito,Monto,151054069488,OMP 01
01/07/2025,Compras en Internet con Tarjeta de Crédito,Monto,214392790824,OMP 01
01/08/2025,Compras en Internet con Tarjeta de Crédito,Monto,173369903932,OMP 01
01/09/2025,Compras en Internet con Tarjeta de Crédito,Monto,202658397514,OMP 01
01/10/2025,Compras en Internet con Tarjeta de Crédito,Monto,210745042351,OMP 01
01/11/2025,Compras en Internet con Tarjeta de Crédito,Monto,214756426578,OMP 01
01/12/2025,Compras en Internet con Tarjeta de Crédito,Monto,215309150147,OMP 01
01/01/2026,Compras en Internet con Tarjeta de Crédito,Monto,201079854228,OMP 01
01/02/2026,Compras en Internet con Tarjeta de Crédito,Monto,200177081028,OMP 01
01/03/2026,Compras en Internet con Tarjeta de Crédito,Monto,226719055211,OMP 01
01/04/2026,Compras en Internet con Tarjeta de Crédito,Monto,252626302189,OMP 01
01/05/2026,Compras en Internet con Tarjeta de Crédito,Monto,233452148383,OMP 01
01/06/2026,Compras en Internet con Tarjeta de Crédito,Monto,230164275227,OMP 01
01/01/2018,Extracciones en ATM,Cantidad,195557,OMP 01
01/02/2018,Extracciones en ATM,Cantidad,191119,OMP 01
01/03/2018,Extracciones en ATM,Cantidad,191385,OMP 01
01/04/2018,Extracciones en ATM,Cantidad,204323,OMP 01
01/05/2018,Extracciones en ATM,Cantidad,205708,OMP 01
01/06/2018,Extracciones en ATM,Cantidad,199568,OMP 01
01/07/2018,Extracciones en ATM,Cantidad,215412,OMP 01
01/08/2018,Extracciones en ATM,Cantidad,213167,OMP 01
01/09/2018,Extracciones en ATM,Cantidad,203069,OMP 01
01/10/2018,Extracciones en ATM,Cantidad,233372,OMP 01
01/11/2018,Extracciones en ATM,Cantidad,221933,OMP 01
01/12/2018,Extracciones en ATM,Cantidad,170414,OMP 01
01/01/2019,Extracciones en ATM,Cantidad,197616,OMP 01
01/02/2019,Extracciones en ATM,Cantidad,198811,OMP 01
01/03/2019,Extracciones en ATM,Cantidad,203927,OMP 01
01/04/2019,Extracciones en ATM,Cantidad,210680,OMP 01
01/05/2019,Extracciones en ATM,Cantidad,219539,OMP 01
01/06/2019,Extracciones en ATM,Cantidad,208941,OMP 01
01/07/2019,Extracciones en ATM,Cantidad,226163,OMP 01
01/08/2019,Extracciones en ATM,Cantidad,219216,OMP 01
01/09/2019,Extracciones en ATM,Cantidad,221149,OMP 01
01/10/2019,Extracciones en ATM,Cantidad,228416,OMP 01
01/11/2019,Extracciones en ATM,Cantidad,226186,OMP 01
01/12/2019,Extracciones en ATM,Cantidad,177448,OMP 01
01/01/2020,Extracciones en ATM,Cantidad,189775,OMP 01
01/02/2020,Extracciones en ATM,Cantidad,200236,OMP 01
01/03/2020,Extracciones en ATM,Cantidad,161822,OMP 01
01/04/2020,Extracciones en ATM,Cantidad,59679,OMP 01
01/05/2020,Extracciones en ATM,Cantidad,73969,OMP 01
01/06/2020,Extracciones en ATM,Cantidad,92652,OMP 01
01/07/2020,Extracciones en ATM,Cantidad,107233,OMP 01
01/08/2020,Extracciones en ATM,Cantidad,109677,OMP 01
01/09/2020,Extracciones en ATM,Cantidad,120855,OMP 01
01/10/2020,Extracciones en ATM,Cantidad,138505,OMP 01
01/11/2020,Extracciones en ATM,Cantidad,143904,OMP 01
01/12/2020,Extracciones en ATM,Cantidad,114669,OMP 01
01/01/2021,Extracciones en ATM,Cantidad,120793,OMP 01
01/02/2021,Extracciones en ATM,Cantidad,141152,OMP 01
01/03/2021,Extracciones en ATM,Cantidad,148823,OMP 01
01/04/2021,Extracciones en ATM,Cantidad,137665,OMP 01
01/05/2021,Extracciones en ATM,Cantidad,145895,OMP 01
01/06/2021,Extracciones en ATM,Cantidad,143305,OMP 01
01/07/2021,Extracciones en ATM,Cantidad,164589,OMP 01
01/08/2021,Extracciones en ATM,Cantidad,168908,OMP 01
01/09/2021,Extracciones en ATM,Cantidad,223425,OMP 01
01/10/2021,Extracciones en ATM,Cantidad,226591.4,OMP 01
01/11/2021,Extracciones en ATM,Cantidad,255489.2,OMP 01
01/12/2021,Extracciones en ATM,Cantidad,159559,OMP 01
01/01/2022,Extracciones en ATM,Cantidad,173877,OMP 01
01/02/2022,Extracciones en ATM,Cantidad,178575,OMP 01
01/03/2022,Extracciones en ATM,Cantidad,211641,OMP 01
01/04/2022,Extracciones en ATM,Cantidad,204667,OMP 01
01/05/2022,Extracciones en ATM,Cantidad,223069,OMP 01
01/06/2022,Extracciones en ATM,Cantidad,221455,OMP 01
01/07/2022,Extracciones en ATM,Cantidad,228886,OMP 01
01/08/2022,Extracciones en ATM,Cantidad,221516,OMP 01
01/09/2022,Extracciones en ATM,Cantidad,207173,OMP 01
01/10/2022,Extracciones en ATM,Cantidad,222915,OMP 01
01/11/2022,Extracciones en ATM,Cantidad,223966,OMP 01
01/12/2022,Extracciones en ATM,Cantidad,167785,OMP 01
01/01/2023,Extracciones en ATM,Cantidad,190995,OMP 01
01/02/2023,Extracciones en ATM,Cantidad,186537,OMP 01
01/03/2023,Extracciones en ATM,Cantidad,209393,OMP 01
01/04/2023,Extracciones en ATM,Cantidad,178786,OMP 01
01/05/2023,Extracciones en ATM,Cantidad,205405,OMP 01
01/06/2023,Extracciones en ATM,Cantidad,200488,OMP 01
01/07/2023,Extracciones en ATM,Cantidad,197443,OMP 01
01/08/2023,Extracciones en ATM,Cantidad,202270,OMP 01
01/09/2023,Extracciones en ATM,Cantidad,188288,OMP 01
01/10/2023,Extracciones en ATM,Cantidad,204502,OMP 01
01/11/2023,Extracciones en ATM,Cantidad,197141,OMP 01
01/12/2023,Extracciones en ATM,Cantidad,151762,OMP 01
01/01/2024,Extracciones en ATM,Cantidad,170007,OMP 01
01/02/2024,Extracciones en ATM,Cantidad,177913,OMP 01
01/03/2024,Extracciones en ATM,Cantidad,168361,OMP 01
01/04/2024,Extracciones en ATM,Cantidad,189645,OMP 01
01/05/2024,Extracciones en ATM,Cantidad,182670,OMP 01
01/06/2024,Extracciones en ATM,Cantidad,174264,OMP 01
01/07/2024,Extracciones en ATM,Cantidad,182288,OMP 01
01/08/2024,Extracciones en ATM,Cantidad,183102,OMP 01
01/09/2024,Extracciones en ATM,Cantidad,185659,OMP 01
01/10/2024,Extracciones en ATM,Cantidad,194067,OMP 01
01/11/2024,Extracciones en ATM,Cantidad,177689,OMP 01
01/12/2024,Extracciones en ATM,Cantidad,150989,OMP 01
01/01/2025,Extracciones en ATM,Cantidad,158553,OMP 01
01/02/2025,Extracciones en ATM,Cantidad,165949,OMP 01
01/03/2025,Extracciones en ATM,Cantidad,183308,OMP 01
01/04/2025,Extracciones en ATM,Cantidad,175287,OMP 01
01/05/2025,Extracciones en ATM,Cantidad,202170,OMP 01
01/06/2025,Extracciones en ATM,Cantidad,203288,OMP 01
01/07/2025,Extracciones en ATM,Cantidad,217827,OMP 01
01/08/2025,Extracciones en ATM,Cantidad,208622,OMP 01
01/09/2025,Extracciones en ATM,Cantidad,212404,OMP 01
01/10/2025,Extracciones en ATM,Cantidad,220990,OMP 01
01/11/2025,Extracciones en ATM,Cantidad,207492,OMP 01
01/12/2025,Extracciones en ATM,Cantidad,179343,OMP 01
01/01/2026,Extracciones en ATM,Cantidad,176982,OMP 01
01/02/2026,Extracciones en ATM,Cantidad,169478,OMP 01
01/03/2026,Extracciones en ATM,Cantidad,178539,OMP 01
01/04/2026,Extracciones en ATM,Cantidad,166664,OMP 01
01/05/2026,Extracciones en ATM,Cantidad,159689,OMP 01
01/06/2026,Extracciones en ATM,Cantidad,145404,OMP 01
01/01/2018,Extracciones en ATM,Monto,89506170000,OMP 01
01/02/2018,Extracciones en ATM,Monto,86489830000,OMP 01
01/03/2018,Extracciones en ATM,Monto,88306490000,OMP 01
01/04/2018,Extracciones en ATM,Monto,91602160000,OMP 01
01/05/2018,Extracciones en ATM,Monto,93793290000,OMP 01
01/06/2018,Extracciones en ATM,Monto,91347380000,OMP 01
01/07/2018,Extracciones en ATM,Monto,96826940000,OMP 01
01/08/2018,Extracciones en ATM,Monto,95658170000,OMP 01
01/09/2018,Extracciones en ATM,Monto,91670150000,OMP 01
01/10/2018,Extracciones en ATM,Monto,105718400000,OMP 01
01/11/2018,Extracciones en ATM,Monto,101899235508,OMP 01
01/12/2018,Extracciones en ATM,Monto,82723390000,OMP 01
01/01/2019,Extracciones en ATM,Monto,91646400000,OMP 01
01/02/2019,Extracciones en ATM,Monto,91743270000,OMP 01
01/03/2019,Extracciones en ATM,Monto,94589180000,OMP 01
01/04/2019,Extracciones en ATM,Monto,96629500000,OMP 01
01/05/2019,Extracciones en ATM,Monto,100993939000,OMP 01
01/06/2019,Extracciones en ATM,Monto,96013101200,OMP 01
01/07/2019,Extracciones en ATM,Monto,103370030000,OMP 01
01/08/2019,Extracciones en ATM,Monto,98687631000,OMP 01
01/09/2019,Extracciones en ATM,Monto,100790426000,OMP 01
01/10/2019,Extracciones en ATM,Monto,104870290000,OMP 01
01/11/2019,Extracciones en ATM,Monto,103670590000,OMP 01
01/12/2019,Extracciones en ATM,Monto,88084760000,OMP 01
01/01/2020,Extracciones en ATM,Monto,91129224965,OMP 01
01/02/2020,Extracciones en ATM,Monto,95308900000,OMP 01
01/03/2020,Extracciones en ATM,Monto,78664470000,OMP 01
01/04/2020,Extracciones en ATM,Monto,30018950000,OMP 01
01/05/2020,Extracciones en ATM,Monto,38979940000,OMP 01
01/06/2020,Extracciones en ATM,Monto,48831390000,OMP 01
01/07/2020,Extracciones en ATM,Monto,55757860000,OMP 01
01/08/2020,Extracciones en ATM,Monto,57325030000,OMP 01
01/09/2020,Extracciones en ATM,Monto,61285840000,OMP 01
01/10/2020,Extracciones en ATM,Monto,70543070000,OMP 01
01/11/2020,Extracciones en ATM,Monto,72327849768,OMP 01
01/12/2020,Extracciones en ATM,Monto,61802820000,OMP 01
01/01/2021,Extracciones en ATM,Monto,61141810000,OMP 01
01/02/2021,Extracciones en ATM,Monto,71703100000,OMP 01
01/03/2021,Extracciones en ATM,Monto,76666620000,OMP 01
01/04/2021,Extracciones en ATM,Monto,69611940000,OMP 01
01/05/2021,Extracciones en ATM,Monto,74001030000,OMP 01
01/06/2021,Extracciones en ATM,Monto,72233430000,OMP 01
01/07/2021,Extracciones en ATM,Monto,80692260000,OMP 01
01/08/2021,Extracciones en ATM,Monto,83680686245,OMP 01
01/09/2021,Extracciones en ATM,Monto,80283010000,OMP 01
01/10/2021,Extracciones en ATM,Monto,132701955000,OMP 01
01/11/2021,Extracciones en ATM,Monto,148980054000,OMP 01
01/12/2021,Extracciones en ATM,Monto,85887120000,OMP 01
01/01/2022,Extracciones en ATM,Monto,88553190000,OMP 01
01/02/2022,Extracciones en ATM,Monto,92256970000,OMP 01
01/03/2022,Extracciones en ATM,Monto,112942110000,OMP 01
01/04/2022,Extracciones en ATM,Monto,107426540000,OMP 01
01/05/2022,Extracciones en ATM,Monto,115664220000,OMP 01
01/06/2022,Extracciones en ATM,Monto,114895310000,OMP 01
01/07/2022,Extracciones en ATM,Monto,117719850000,OMP 01
01/08/2022,Extracciones en ATM,Monto,110370960000,OMP 01
01/09/2022,Extracciones en ATM,Monto,103459950000,OMP 01
01/10/2022,Extracciones en ATM,Monto,111152190000,OMP 01
01/11/2022,Extracciones en ATM,Monto,113170330000,OMP 01
01/12/2022,Extracciones en ATM,Monto,91023940000,OMP 01
01/01/2023,Extracciones en ATM,Monto,97976230000,OMP 01
01/02/2023,Extracciones en ATM,Monto,95334440000,OMP 01
01/03/2023,Extracciones en ATM,Monto,106091870000,OMP 01
01/04/2023,Extracciones en ATM,Monto,91427490000,OMP 01
01/05/2023,Extracciones en ATM,Monto,103243210000,OMP 01
01/06/2023,Extracciones en ATM,Monto,100183020000,OMP 01
01/07/2023,Extracciones en ATM,Monto,99292060000,OMP 01
01/08/2023,Extracciones en ATM,Monto,100788550000,OMP 01
01/09/2023,Extracciones en ATM,Monto,94775560000,OMP 01
01/10/2023,Extracciones en ATM,Monto,103441790000,OMP 01
01/11/2023,Extracciones en ATM,Monto,102370950000,OMP 01
01/12/2023,Extracciones en ATM,Monto,86429810000,OMP 01
01/01/2024,Extracciones en ATM,Monto,92814690000,OMP 01
01/02/2024,Extracciones en ATM,Monto,97480861000,OMP 01
01/03/2024,Extracciones en ATM,Monto,94460457937,OMP 01
01/04/2024,Extracciones en ATM,Monto,104918469154,OMP 01
01/05/2024,Extracciones en ATM,Monto,102123954251,OMP 01
01/06/2024,Extracciones en ATM,Monto,98233665970,OMP 01
01/07/2024,Extracciones en ATM,Monto,104552785934,OMP 01
01/08/2024,Extracciones en ATM,Monto,105035020000,OMP 01
01/09/2024,Extracciones en ATM,Monto,105989701574,OMP 01
01/10/2024,Extracciones en ATM,Monto,109315262502,OMP 01
01/11/2024,Extracciones en ATM,Monto,102893440000,OMP 01
01/12/2024,Extracciones en ATM,Monto,93091670000,OMP 01
01/01/2025,Extracciones en ATM,Monto,93266920000,OMP 01
01/02/2025,Extracciones en ATM,Monto,95775180000,OMP 01
01/03/2025,Extracciones en ATM,Monto,110630540000,OMP 01
01/04/2025,Extracciones en ATM,Monto,104978010000,OMP 01
01/05/2025,Extracciones en ATM,Monto,116424180000,OMP 01
01/06/2025,Extracciones en ATM,Monto,107797150000,OMP 01
01/07/2025,Extracciones en ATM,Monto,117401310000,OMP 01
01/08/2025,Extracciones en ATM,Monto,112737290000,OMP 01
01/09/2025,Extracciones en ATM,Monto,114860740000,OMP 01
01/10/2025,Extracciones en ATM,Monto,121802910000,OMP 01
01/11/2025,Extracciones en ATM,Monto,114361040000,OMP 01
01/12/2025,Extracciones en ATM,Monto,105615505000,OMP 01
01/01/2026,Extracciones en ATM,Monto,106818337800,OMP 01
01/02/2026,Extracciones en ATM,Monto,96439900000,OMP 01
01/03/2026,Extracciones en ATM,Monto,101253600000,OMP 01
01/04/2026,Extracciones en ATM,Monto,94932230000,OMP 01
01/05/2026,Extracciones en ATM,Monto,91446840000,OMP 01
01/06/2026,Extracciones en ATM,Monto,84463730000,OMP 01
01/01/2018,Compras en POS con Tarjeta de Débito,Cantidad,2368276,OMP 02
01/02/2018,Compras en POS con Tarjeta de Débito,Cantidad,2267735,OMP 02
01/03/2018,Compras en POS con Tarjeta de Débito,Cantidad,2500555,OMP 02
01/04/2018,Compras en POS con Tarjeta de Débito,Cantidad,2360271,OMP 02
01/05/2018,Compras en POS con Tarjeta de Débito,Cantidad,2473788,OMP 02
01/06/2018,Compras en POS con Tarjeta de Débito,Cantidad,2468817,OMP 02
01/07/2018,Compras en POS con Tarjeta de Débito,Cantidad,2597686,OMP 02
01/08/2018,Compras en POS con Tarjeta de Débito,Cantidad,2664118,OMP 02
01/09/2018,Compras en POS con Tarjeta de Débito,Cantidad,2687664,OMP 02
01/10/2018,Compras en POS con Tarjeta de Débito,Cantidad,2718721,OMP 02
01/11/2018,Compras en POS con Tarjeta de Débito,Cantidad,2842716,OMP 02
01/12/2018,Compras en POS con Tarjeta de Débito,Cantidad,3901810,OMP 02
01/01/2019,Compras en POS con Tarjeta de Débito,Cantidad,3101672,OMP 02
01/02/2019,Compras en POS con Tarjeta de Débito,Cantidad,2852489,OMP 02
01/03/2019,Compras en POS con Tarjeta de Débito,Cantidad,3211769,OMP 02
01/04/2019,Compras en POS con Tarjeta de Débito,Cantidad,2896276,OMP 02
01/05/2019,Compras en POS con Tarjeta de Débito,Cantidad,3172791,OMP 02
01/06/2019,Compras en POS con Tarjeta de Débito,Cantidad,3189481,OMP 02
01/07/2019,Compras en POS con Tarjeta de Débito,Cantidad,3234203,OMP 02
01/08/2019,Compras en POS con Tarjeta de Débito,Cantidad,3455177,OMP 02
01/09/2019,Compras en POS con Tarjeta de Débito,Cantidad,3297013,OMP 02
01/10/2019,Compras en POS con Tarjeta de Débito,Cantidad,3545050,OMP 02
01/11/2019,Compras en POS con Tarjeta de Débito,Cantidad,3610951,OMP 02
01/12/2019,Compras en POS con Tarjeta de Débito,Cantidad,4765779,OMP 02
01/01/2020,Compras en POS con Tarjeta de Débito,Cantidad,3911479,OMP 02
01/02/2020,Compras en POS con Tarjeta de Débito,Cantidad,3764918,OMP 02
01/03/2020,Compras en POS con Tarjeta de Débito,Cantidad,3039200,OMP 02
01/04/2020,Compras en POS con Tarjeta de Débito,Cantidad,2206013,OMP 02
01/05/2020,Compras en POS con Tarjeta de Débito,Cantidad,2920392,OMP 02
01/06/2020,Compras en POS con Tarjeta de Débito,Cantidad,3000546,OMP 02
01/07/2020,Compras en POS con Tarjeta de Débito,Cantidad,3362507,OMP 02
01/08/2020,Compras en POS con Tarjeta de Débito,Cantidad,3384055,OMP 02
01/09/2020,Compras en POS con Tarjeta de Débito,Cantidad,3267291,OMP 02
01/10/2020,Compras en POS con Tarjeta de Débito,Cantidad,3822387,OMP 02
01/11/2020,Compras en POS con Tarjeta de Débito,Cantidad,3800807,OMP 02
01/12/2020,Compras en POS con Tarjeta de Débito,Cantidad,5234695,OMP 02
01/01/2021,Compras en POS con Tarjeta de Débito,Cantidad,4497815.6,OMP 02
01/02/2021,Compras en POS con Tarjeta de Débito,Cantidad,4172798.6,OMP 02
01/03/2021,Compras en POS con Tarjeta de Débito,Cantidad,4363345.2,OMP 02
01/04/2021,Compras en POS con Tarjeta de Débito,Cantidad,4100592.6,OMP 02
01/05/2021,Compras en POS con Tarjeta de Débito,Cantidad,4538226.6,OMP 02
01/06/2021,Compras en POS con Tarjeta de Débito,Cantidad,4450036.2,OMP 02
01/07/2021,Compras en POS con Tarjeta de Débito,Cantidad,5079490,OMP 02
01/08/2021,Compras en POS con Tarjeta de Débito,Cantidad,5166663.2,OMP 02
01/09/2021,Compras en POS con Tarjeta de Débito,Cantidad,5159544.6,OMP 02
01/10/2021,Compras en POS con Tarjeta de Débito,Cantidad,5645034.6,OMP 02
01/11/2021,Compras en POS con Tarjeta de Débito,Cantidad,5522847.8,OMP 02
01/12/2021,Compras en POS con Tarjeta de Débito,Cantidad,7639358,OMP 02
01/01/2022,Compras en POS con Tarjeta de Débito,Cantidad,6226456,OMP 02
01/02/2022,Compras en POS con Tarjeta de Débito,Cantidad,6036090,OMP 02
01/03/2022,Compras en POS con Tarjeta de Débito,Cantidad,5965057,OMP 02
01/04/2022,Compras en POS con Tarjeta de Débito,Cantidad,5990110,OMP 02
01/05/2022,Compras en POS con Tarjeta de Débito,Cantidad,6253018,OMP 02
01/06/2022,Compras en POS con Tarjeta de Débito,Cantidad,6108369,OMP 02
01/07/2022,Compras en POS con Tarjeta de Débito,Cantidad,6977407,OMP 02
01/08/2022,Compras en POS con Tarjeta de Débito,Cantidad,6807513,OMP 02
01/09/2022,Compras en POS con Tarjeta de Débito,Cantidad,6887178,OMP 02
01/10/2022,Compras en POS con Tarjeta de Débito,Cantidad,7450906,OMP 02
01/11/2022,Compras en POS con Tarjeta de Débito,Cantidad,7283382,OMP 02
01/12/2022,Compras en POS con Tarjeta de Débito,Cantidad,9925610,OMP 02
01/01/2023,Compras en POS con Tarjeta de Débito,Cantidad,7971860,OMP 02
01/02/2023,Compras en POS con Tarjeta de Débito,Cantidad,7451362,OMP 02
01/03/2023,Compras en POS con Tarjeta de Débito,Cantidad,8246762,OMP 02
01/04/2023,Compras en POS con Tarjeta de Débito,Cantidad,8006680,OMP 02
01/05/2023,Compras en POS con Tarjeta de Débito,Cantidad,8018373,OMP 02
01/06/2023,Compras en POS con Tarjeta de Débito,Cantidad,8026222,OMP 02
01/07/2023,Compras en POS con Tarjeta de Débito,Cantidad,8632622,OMP 02
01/08/2023,Compras en POS con Tarjeta de Débito,Cantidad,8654888,OMP 02
01/09/2023,Compras en POS con Tarjeta de Débito,Cantidad,8935118,OMP 02
01/10/2023,Compras en POS con Tarjeta de Débito,Cantidad,8900347,OMP 02
01/11/2023,Compras en POS con Tarjeta de Débito,Cantidad,9054174,OMP 02
01/12/2023,Compras en POS con Tarjeta de Débito,Cantidad,11839515,OMP 02
01/01/2024,Compras en POS con Tarjeta de Débito,Cantidad,9670907,OMP 02
01/02/2024,Compras en POS con Tarjeta de Débito,Cantidad,9202342,OMP 02
01/03/2024,Compras en POS con Tarjeta de Débito,Cantidad,10105727,OMP 02
01/04/2024,Compras en POS con Tarjeta de Débito,Cantidad,9164512,OMP 02
01/05/2024,Compras en POS con Tarjeta de Débito,Cantidad,9418817,OMP 02
01/06/2024,Compras en POS con Tarjeta de Débito,Cantidad,9488467,OMP 02
01/07/2024,Compras en POS con Tarjeta de Débito,Cantidad,9033096,OMP 02
01/08/2024,Compras en POS con Tarjeta de Débito,Cantidad,9605677,OMP 02
01/09/2024,Compras en POS con Tarjeta de Débito,Cantidad,9493950,OMP 02
01/10/2024,Compras en POS con Tarjeta de Débito,Cantidad,9731604,OMP 02
01/11/2024,Compras en POS con Tarjeta de Débito,Cantidad,10233491,OMP 02
01/12/2024,Compras en POS con Tarjeta de Débito,Cantidad,12556427,OMP 02
01/01/2025,Compras en POS con Tarjeta de Débito,Cantidad,10514408,OMP 02
01/02/2025,Compras en POS con Tarjeta de Débito,Cantidad,9755745,OMP 02
01/03/2025,Compras en POS con Tarjeta de Débito,Cantidad,10939742,OMP 02
01/04/2025,Compras en POS con Tarjeta de Débito,Cantidad,10130384,OMP 02
01/05/2025,Compras en POS con Tarjeta de Débito,Cantidad,10852972,OMP 02
01/06/2025,Compras en POS con Tarjeta de Débito,Cantidad,10386361,OMP 02
01/07/2025,Compras en POS con Tarjeta de Débito,Cantidad,11260256,OMP 02
01/08/2025,Compras en POS con Tarjeta de Débito,Cantidad,11786417,OMP 02
01/09/2025,Compras en POS con Tarjeta de Débito,Cantidad,11516944,OMP 02
01/10/2025,Compras en POS con Tarjeta de Débito,Cantidad,12236803,OMP 02
01/11/2025,Compras en POS con Tarjeta de Débito,Cantidad,12536841,OMP 02
01/12/2025,Compras en POS con Tarjeta de Débito,Cantidad,14656688,OMP 02
01/01/2026,Compras en POS con Tarjeta de Débito,Cantidad,12716644,OMP 02
01/02/2026,Compras en POS con Tarjeta de Débito,Cantidad,11694809,OMP 02
01/03/2026,Compras en POS con Tarjeta de Débito,Cantidad,12754207,OMP 02
01/04/2026,Compras en POS con Tarjeta de Débito,Cantidad,11830830,OMP 02
01/05/2026,Compras en POS con Tarjeta de Débito,Cantidad,12569783,OMP 02
01/06/2026,Compras en POS con Tarjeta de Débito,Cantidad,11404580,OMP 02
01/01/2018,Compras en POS con Tarjeta de Débito,Monto,362945495242,OMP 02
01/02/2018,Compras en POS con Tarjeta de Débito,Monto,342734460916,OMP 02
01/03/2018,Compras en POS con Tarjeta de Débito,Monto,376090918540,OMP 02
01/04/2018,Compras en POS con Tarjeta de Débito,Monto,348528979584,OMP 02
01/05/2018,Compras en POS con Tarjeta de Débito,Monto,367000714120,OMP 02
01/06/2018,Compras en POS con Tarjeta de Débito,Monto,367579550254,OMP 02
01/07/2018,Compras en POS con Tarjeta de Débito,Monto,374313562645,OMP 02
01/08/2018,Compras en POS con Tarjeta de Débito,Monto,382313085563,OMP 02
01/09/2018,Compras en POS con Tarjeta de Débito,Monto,382160848118,OMP 02
01/10/2018,Compras en POS con Tarjeta de Débito,Monto,388383335993,OMP 02
01/11/2018,Compras en POS con Tarjeta de Débito,Monto,418537098557,OMP 02
01/12/2018,Compras en POS con Tarjeta de Débito,Monto,639993570996,OMP 02
01/01/2019,Compras en POS con Tarjeta de Débito,Monto,455486674438,OMP 02
01/02/2019,Compras en POS con Tarjeta de Débito,Monto,413155369095,OMP 02
01/03/2019,Compras en POS con Tarjeta de Débito,Monto,460213956830,OMP 02
01/04/2019,Compras en POS con Tarjeta de Débito,Monto,410658905699,OMP 02
01/05/2019,Compras en POS con Tarjeta de Débito,Monto,449605588375,OMP 02
01/06/2019,Compras en POS con Tarjeta de Débito,Monto,446188496916,OMP 02
01/07/2019,Compras en POS con Tarjeta de Débito,Monto,448298950194,OMP 02
01/08/2019,Compras en POS con Tarjeta de Débito,Monto,472118487497,OMP 02
01/09/2019,Compras en POS con Tarjeta de Débito,Monto,446688928769,OMP 02
01/10/2019,Compras en POS con Tarjeta de Débito,Monto,478494138327,OMP 02
01/11/2019,Compras en POS con Tarjeta de Débito,Monto,507617579851,OMP 02
01/12/2019,Compras en POS con Tarjeta de Débito,Monto,740197172695,OMP 02
01/01/2020,Compras en POS con Tarjeta de Débito,Monto,542769137894,OMP 02
01/02/2020,Compras en POS con Tarjeta de Débito,Monto,526190774216,OMP 02
01/03/2020,Compras en POS con Tarjeta de Débito,Monto,439448721155,OMP 02
01/04/2020,Compras en POS con Tarjeta de Débito,Monto,347622354551,OMP 02
01/05/2020,Compras en POS con Tarjeta de Débito,Monto,459960594269,OMP 02
01/06/2020,Compras en POS con Tarjeta de Débito,Monto,477203338719,OMP 02
01/07/2020,Compras en POS con Tarjeta de Débito,Monto,521141923016,OMP 02
01/08/2020,Compras en POS con Tarjeta de Débito,Monto,526205367262,OMP 02
01/09/2020,Compras en POS con Tarjeta de Débito,Monto,502550974268,OMP 02
01/10/2020,Compras en POS con Tarjeta de Débito,Monto,588548170511,OMP 02
01/11/2020,Compras en POS con Tarjeta de Débito,Monto,585801792833,OMP 02
01/12/2020,Compras en POS con Tarjeta de Débito,Monto,892874587583,OMP 02
01/01/2021,Compras en POS con Tarjeta de Débito,Monto,691570054806,OMP 02
01/02/2021,Compras en POS con Tarjeta de Débito,Monto,634453488963.6,OMP 02
01/03/2021,Compras en POS con Tarjeta de Débito,Monto,662841395183.2,OMP 02
01/04/2021,Compras en POS con Tarjeta de Débito,Monto,608334514092.2,OMP 02
01/05/2021,Compras en POS con Tarjeta de Débito,Monto,681256415631.6,OMP 02
01/06/2021,Compras en POS con Tarjeta de Débito,Monto,654598734486.8,OMP 02
01/07/2021,Compras en POS con Tarjeta de Débito,Monto,726582010352.4,OMP 02
01/08/2021,Compras en POS con Tarjeta de Débito,Monto,726153654850.6,OMP 02
01/09/2021,Compras en POS con Tarjeta de Débito,Monto,721686852736.4,OMP 02
01/10/2021,Compras en POS con Tarjeta de Débito,Monto,785165225924.4,OMP 02
01/11/2021,Compras en POS con Tarjeta de Débito,Monto,781097400405.8,OMP 02
01/12/2021,Compras en POS con Tarjeta de Débito,Monto,1184452249634,OMP 02
01/01/2022,Compras en POS con Tarjeta de Débito,Monto,867639384548,OMP 02
01/02/2022,Compras en POS con Tarjeta de Débito,Monto,809427483795,OMP 02
01/03/2022,Compras en POS con Tarjeta de Débito,Monto,813454382112,OMP 02
01/04/2022,Compras en POS con Tarjeta de Débito,Monto,822131345231,OMP 02
01/05/2022,Compras en POS con Tarjeta de Débito,Monto,845062694655,OMP 02
01/06/2022,Compras en POS con Tarjeta de Débito,Monto,815120503631,OMP 02
01/07/2022,Compras en POS con Tarjeta de Débito,Monto,900703048313,OMP 02
01/08/2022,Compras en POS con Tarjeta de Débito,Monto,870944048766,OMP 02
01/09/2022,Compras en POS con Tarjeta de Débito,Monto,867617050012,OMP 02
01/10/2022,Compras en POS con Tarjeta de Débito,Monto,925496429542,OMP 02
01/11/2022,Compras en POS con Tarjeta de Débito,Monto,931771144305,OMP 02
01/12/2022,Compras en POS con Tarjeta de Débito,Monto,1429010096220,OMP 02
01/01/2023,Compras en POS con Tarjeta de Débito,Monto,1025383018649,OMP 02
01/02/2023,Compras en POS con Tarjeta de Débito,Monto,940510635456,OMP 02
01/03/2023,Compras en POS con Tarjeta de Débito,Monto,1003620384989,OMP 02
01/04/2023,Compras en POS con Tarjeta de Débito,Monto,974859696092,OMP 02
01/05/2023,Compras en POS con Tarjeta de Débito,Monto,969480639138,OMP 02
01/06/2023,Compras en POS con Tarjeta de Débito,Monto,958211601547,OMP 02
01/07/2023,Compras en POS con Tarjeta de Débito,Monto,1018882558335,OMP 02
01/08/2023,Compras en POS con Tarjeta de Débito,Monto,990935816735,OMP 02
01/09/2023,Compras en POS con Tarjeta de Débito,Monto,1028169348231,OMP 02
01/10/2023,Compras en POS con Tarjeta de Débito,Monto,1005421922739,OMP 02
01/11/2023,Compras en POS con Tarjeta de Débito,Monto,1049472058913,OMP 02
01/12/2023,Compras en POS con Tarjeta de Débito,Monto,1587940228632,OMP 02
01/01/2024,Compras en POS con Tarjeta de Débito,Monto,1159159322678,OMP 02
01/02/2024,Compras en POS con Tarjeta de Débito,Monto,1079751931034,OMP 02
01/03/2024,Compras en POS con Tarjeta de Débito,Monto,1160949611022,OMP 02
01/04/2024,Compras en POS con Tarjeta de Débito,Monto,1036110333825,OMP 02
01/05/2024,Compras en POS con Tarjeta de Débito,Monto,1080005801968,OMP 02
01/06/2024,Compras en POS con Tarjeta de Débito,Monto,1064307824800,OMP 02
01/07/2024,Compras en POS con Tarjeta de Débito,Monto,1002779194737,OMP 02
01/08/2024,Compras en POS con Tarjeta de Débito,Monto,1041810848542,OMP 02
01/09/2024,Compras en POS con Tarjeta de Débito,Monto,1011400916892,OMP 02
01/10/2024,Compras en POS con Tarjeta de Débito,Monto,1023824007959,OMP 02
01/11/2024,Compras en POS con Tarjeta de Débito,Monto,1107826745449,OMP 02
01/12/2024,Compras en POS con Tarjeta de Débito,Monto,1573456773206,OMP 02
01/01/2025,Compras en POS con Tarjeta de Débito,Monto,1164103299478,OMP 02
01/02/2025,Compras en POS con Tarjeta de Débito,Monto,1053586835628,OMP 02
01/03/2025,Compras en POS con Tarjeta de Débito,Monto,1158569551315,OMP 02
01/04/2025,Compras en POS con Tarjeta de Débito,Monto,1069027122607,OMP 02
01/05/2025,Compras en POS con Tarjeta de Débito,Monto,1123920118298,OMP 02
01/06/2025,Compras en POS con Tarjeta de Débito,Monto,1079606689927,OMP 02
01/07/2025,Compras en POS con Tarjeta de Débito,Monto,1144161261293,OMP 02
01/08/2025,Compras en POS con Tarjeta de Débito,Monto,1174987595346,OMP 02
01/09/2025,Compras en POS con Tarjeta de Débito,Monto,1120889323262,OMP 02
01/10/2025,Compras en POS con Tarjeta de Débito,Monto,1166085960218,OMP 02
01/11/2025,Compras en POS con Tarjeta de Débito,Monto,1238624045902,OMP 02
01/12/2025,Compras en POS con Tarjeta de Débito,Monto,1676152682492,OMP 02
01/01/2026,Compras en POS con Tarjeta de Débito,Monto,1286613325283,OMP 02
01/02/2026,Compras en POS con Tarjeta de Débito,Monto,1147923872726,OMP 02
01/03/2026,Compras en POS con Tarjeta de Débito,Monto,1224667749378,OMP 02
01/04/2026,Compras en POS con Tarjeta de Débito,Monto,1132675359787,OMP 02
01/05/2026,Compras en POS con Tarjeta de Débito,Monto,1217873955136,OMP 02
01/06/2026,Compras en POS con Tarjeta de Débito,Monto,1075843539138,OMP 02
01/01/2018,Compras en Internet con Tarjeta de Débito,Cantidad,1062,OMP 02
01/02/2018,Compras en Internet con Tarjeta de Débito,Cantidad,1260,OMP 02
01/03/2018,Compras en Internet con Tarjeta de Débito,Cantidad,1800,OMP 02
01/04/2018,Compras en Internet con Tarjeta de Débito,Cantidad,2024,OMP 02
01/05/2018,Compras en Internet con Tarjeta de Débito,Cantidad,1860,OMP 02
01/06/2018,Compras en Internet con Tarjeta de Débito,Cantidad,1778,OMP 02
01/07/2018,Compras en Internet con Tarjeta de Débito,Cantidad,1848,OMP 02
01/08/2018,Compras en Internet con Tarjeta de Débito,Cantidad,1952,OMP 02
01/09/2018,Compras en Internet con Tarjeta de Débito,Cantidad,1660,OMP 02
01/10/2018,Compras en Internet con Tarjeta de Débito,Cantidad,1710,OMP 02
01/11/2018,Compras en Internet con Tarjeta de Débito,Cantidad,2000,OMP 02
01/12/2018,Compras en Internet con Tarjeta de Débito,Cantidad,2197,OMP 02
01/01/2019,Compras en Internet con Tarjeta de Débito,Cantidad,2359,OMP 02
01/02/2019,Compras en Internet con Tarjeta de Débito,Cantidad,2511,OMP 02
01/03/2019,Compras en Internet con Tarjeta de Débito,Cantidad,2947,OMP 02
01/04/2019,Compras en Internet con Tarjeta de Débito,Cantidad,2635,OMP 02
01/05/2019,Compras en Internet con Tarjeta de Débito,Cantidad,2629,OMP 02
01/06/2019,Compras en Internet con Tarjeta de Débito,Cantidad,2705,OMP 02
01/07/2019,Compras en Internet con Tarjeta de Débito,Cantidad,3229,OMP 02
01/08/2019,Compras en Internet con Tarjeta de Débito,Cantidad,3679,OMP 02
01/09/2019,Compras en Internet con Tarjeta de Débito,Cantidad,3285,OMP 02
01/10/2019,Compras en Internet con Tarjeta de Débito,Cantidad,3704,OMP 02
01/11/2019,Compras en Internet con Tarjeta de Débito,Cantidad,3639,OMP 02
01/12/2019,Compras en Internet con Tarjeta de Débito,Cantidad,4859,OMP 02
01/01/2020,Compras en Internet con Tarjeta de Débito,Cantidad,4179,OMP 02
01/02/2020,Compras en Internet con Tarjeta de Débito,Cantidad,4809,OMP 02
01/03/2020,Compras en Internet con Tarjeta de Débito,Cantidad,4265,OMP 02
01/04/2020,Compras en Internet con Tarjeta de Débito,Cantidad,6140,OMP 02
01/05/2020,Compras en Internet con Tarjeta de Débito,Cantidad,6676,OMP 02
01/06/2020,Compras en Internet con Tarjeta de Débito,Cantidad,6328,OMP 02
01/07/2020,Compras en Internet con Tarjeta de Débito,Cantidad,6848,OMP 02
01/08/2020,Compras en Internet con Tarjeta de Débito,Cantidad,7307,OMP 02
01/09/2020,Compras en Internet con Tarjeta de Débito,Cantidad,8365,OMP 02
01/10/2020,Compras en Internet con Tarjeta de Débito,Cantidad,12036,OMP 02
01/11/2020,Compras en Internet con Tarjeta de Débito,Cantidad,15120,OMP 02
01/12/2020,Compras en Internet con Tarjeta de Débito,Cantidad,18702,OMP 02
01/01/2021,Compras en Internet con Tarjeta de Débito,Cantidad,18934,OMP 02
01/02/2021,Compras en Internet con Tarjeta de Débito,Cantidad,18408,OMP 02
01/03/2021,Compras en Internet con Tarjeta de Débito,Cantidad,24653,OMP 02
01/04/2021,Compras en Internet con Tarjeta de Débito,Cantidad,26238,OMP 02
01/05/2021,Compras en Internet con Tarjeta de Débito,Cantidad,29724,OMP 02
01/06/2021,Compras en Internet con Tarjeta de Débito,Cantidad,32244,OMP 02
01/07/2021,Compras en Internet con Tarjeta de Débito,Cantidad,37604,OMP 02
01/08/2021,Compras en Internet con Tarjeta de Débito,Cantidad,53565,OMP 02
01/09/2021,Compras en Internet con Tarjeta de Débito,Cantidad,54320,OMP 02
01/10/2021,Compras en Internet con Tarjeta de Débito,Cantidad,63415,OMP 02
01/11/2021,Compras en Internet con Tarjeta de Débito,Cantidad,66540,OMP 02
01/12/2021,Compras en Internet con Tarjeta de Débito,Cantidad,84007,OMP 02
01/01/2022,Compras en Internet con Tarjeta de Débito,Cantidad,76969,OMP 02
01/02/2022,Compras en Internet con Tarjeta de Débito,Cantidad,79879,OMP 02
01/03/2022,Compras en Internet con Tarjeta de Débito,Cantidad,91172,OMP 02
01/04/2022,Compras en Internet con Tarjeta de Débito,Cantidad,95184,OMP 02
01/05/2022,Compras en Internet con Tarjeta de Débito,Cantidad,98528,OMP 02
01/06/2022,Compras en Internet con Tarjeta de Débito,Cantidad,104116,OMP 02
01/07/2022,Compras en Internet con Tarjeta de Débito,Cantidad,130222,OMP 02
01/08/2022,Compras en Internet con Tarjeta de Débito,Cantidad,137566,OMP 02
01/09/2022,Compras en Internet con Tarjeta de Débito,Cantidad,152964,OMP 02
01/10/2022,Compras en Internet con Tarjeta de Débito,Cantidad,162997,OMP 02
01/11/2022,Compras en Internet con Tarjeta de Débito,Cantidad,147919,OMP 02
01/12/2022,Compras en Internet con Tarjeta de Débito,Cantidad,176321,OMP 02
01/01/2023,Compras en Internet con Tarjeta de Débito,Cantidad,160729,OMP 02
01/02/2023,Compras en Internet con Tarjeta de Débito,Cantidad,148739,OMP 02
01/03/2023,Compras en Internet con Tarjeta de Débito,Cantidad,169296,OMP 02
01/04/2023,Compras en Internet con Tarjeta de Débito,Cantidad,185178,OMP 02
01/05/2023,Compras en Internet con Tarjeta de Débito,Cantidad,186449,OMP 02
01/06/2023,Compras en Internet con Tarjeta de Débito,Cantidad,199505,OMP 02
01/07/2023,Compras en Internet con Tarjeta de Débito,Cantidad,209254,OMP 02
01/08/2023,Compras en Internet con Tarjeta de Débito,Cantidad,210087,OMP 02
01/09/2023,Compras en Internet con Tarjeta de Débito,Cantidad,276202,OMP 02
01/10/2023,Compras en Internet con Tarjeta de Débito,Cantidad,332054,OMP 02
01/11/2023,Compras en Internet con Tarjeta de Débito,Cantidad,384890,OMP 02
01/12/2023,Compras en Internet con Tarjeta de Débito,Cantidad,480550,OMP 02
01/01/2024,Compras en Internet con Tarjeta de Débito,Cantidad,431334,OMP 02
01/02/2024,Compras en Internet con Tarjeta de Débito,Cantidad,480874,OMP 02
01/03/2024,Compras en Internet con Tarjeta de Débito,Cantidad,502576,OMP 02
01/04/2024,Compras en Internet con Tarjeta de Débito,Cantidad,525816,OMP 02
01/05/2024,Compras en Internet con Tarjeta de Débito,Cantidad,555648,OMP 02
01/06/2024,Compras en Internet con Tarjeta de Débito,Cantidad,581954,OMP 02
01/07/2024,Compras en Internet con Tarjeta de Débito,Cantidad,573735,OMP 02
01/08/2024,Compras en Internet con Tarjeta de Débito,Cantidad,627038,OMP 02
01/09/2024,Compras en Internet con Tarjeta de Débito,Cantidad,636763,OMP 02
01/10/2024,Compras en Internet con Tarjeta de Débito,Cantidad,679531,OMP 02
01/11/2024,Compras en Internet con Tarjeta de Débito,Cantidad,717471,OMP 02
01/12/2024,Compras en Internet con Tarjeta de Débito,Cantidad,796522,OMP 02
01/01/2025,Compras en Internet con Tarjeta de Débito,Cantidad,770457,OMP 02
01/02/2025,Compras en Internet con Tarjeta de Débito,Cantidad,844920,OMP 02
01/03/2025,Compras en Internet con Tarjeta de Débito,Cantidad,889807,OMP 02
01/04/2025,Compras en Internet con Tarjeta de Débito,Cantidad,782661,OMP 02
01/05/2025,Compras en Internet con Tarjeta de Débito,Cantidad,877847,OMP 02
01/06/2025,Compras en Internet con Tarjeta de Débito,Cantidad,838129,OMP 02
01/07/2025,Compras en Internet con Tarjeta de Débito,Cantidad,921252,OMP 02
01/08/2025,Compras en Internet con Tarjeta de Débito,Cantidad,1001940,OMP 02
01/09/2025,Compras en Internet con Tarjeta de Débito,Cantidad,920552,OMP 02
01/10/2025,Compras en Internet con Tarjeta de Débito,Cantidad,976866,OMP 02
01/11/2025,Compras en Internet con Tarjeta de Débito,Cantidad,907964,OMP 02
01/12/2025,Compras en Internet con Tarjeta de Débito,Cantidad,951167,OMP 02
01/01/2026,Compras en Internet con Tarjeta de Débito,Cantidad,883712,OMP 02
01/02/2026,Compras en Internet con Tarjeta de Débito,Cantidad,867582,OMP 02
01/03/2026,Compras en Internet con Tarjeta de Débito,Cantidad,955570,OMP 02
01/04/2026,Compras en Internet con Tarjeta de Débito,Cantidad,902437,OMP 02
01/05/2026,Compras en Internet con Tarjeta de Débito,Cantidad,1015503,OMP 02
01/06/2026,Compras en Internet con Tarjeta de Débito,Cantidad,943582,OMP 02
01/01/2018,Compras en Internet con Tarjeta de Débito,Monto,194991046,OMP 02
01/02/2018,Compras en Internet con Tarjeta de Débito,Monto,265790734,OMP 02
01/03/2018,Compras en Internet con Tarjeta de Débito,Monto,361781268,OMP 02
01/04/2018,Compras en Internet con Tarjeta de Débito,Monto,352670048,OMP 02
01/05/2018,Compras en Internet con Tarjeta de Débito,Monto,287788278,OMP 02
01/06/2018,Compras en Internet con Tarjeta de Débito,Monto,339321444,OMP 02
01/07/2018,Compras en Internet con Tarjeta de Débito,Monto,358011914,OMP 02
01/08/2018,Compras en Internet con Tarjeta de Débito,Monto,330442253,OMP 02
01/09/2018,Compras en Internet con Tarjeta de Débito,Monto,261050153,OMP 02
01/10/2018,Compras en Internet con Tarjeta de Débito,Monto,399316465,OMP 02
01/11/2018,Compras en Internet con Tarjeta de Débito,Monto,366130284,OMP 02
01/12/2018,Compras en Internet con Tarjeta de Débito,Monto,343303562,OMP 02
01/01/2019,Compras en Internet con Tarjeta de Débito,Monto,380823340,OMP 02
01/02/2019,Compras en Internet con Tarjeta de Débito,Monto,319608925,OMP 02
01/03/2019,Compras en Internet con Tarjeta de Débito,Monto,392963102,OMP 02
01/04/2019,Compras en Internet con Tarjeta de Débito,Monto,399325157,OMP 02
01/05/2019,Compras en Internet con Tarjeta de Débito,Monto,388449983,OMP 02
01/06/2019,Compras en Internet con Tarjeta de Débito,Monto,402290319,OMP 02
01/07/2019,Compras en Internet con Tarjeta de Débito,Monto,481001230,OMP 02
01/08/2019,Compras en Internet con Tarjeta de Débito,Monto,455337616,OMP 02
01/09/2019,Compras en Internet con Tarjeta de Débito,Monto,460848375,OMP 02
01/10/2019,Compras en Internet con Tarjeta de Débito,Monto,466935090,OMP 02
01/11/2019,Compras en Internet con Tarjeta de Débito,Monto,460542649,OMP 02
01/12/2019,Compras en Internet con Tarjeta de Débito,Monto,585115347,OMP 02
01/01/2020,Compras en Internet con Tarjeta de Débito,Monto,549118850,OMP 02
01/02/2020,Compras en Internet con Tarjeta de Débito,Monto,602437034,OMP 02
01/03/2020,Compras en Internet con Tarjeta de Débito,Monto,750352914,OMP 02
01/04/2020,Compras en Internet con Tarjeta de Débito,Monto,1323058469,OMP 02
01/05/2020,Compras en Internet con Tarjeta de Débito,Monto,1233693803,OMP 02
01/06/2020,Compras en Internet con Tarjeta de Débito,Monto,1101017098,OMP 02
01/07/2020,Compras en Internet con Tarjeta de Débito,Monto,1057329608,OMP 02
01/08/2020,Compras en Internet con Tarjeta de Débito,Monto,1287749460,OMP 02
01/09/2020,Compras en Internet con Tarjeta de Débito,Monto,1418396526,OMP 02
01/10/2020,Compras en Internet con Tarjeta de Débito,Monto,1608170226,OMP 02
01/11/2020,Compras en Internet con Tarjeta de Débito,Monto,1747733729,OMP 02
01/12/2020,Compras en Internet con Tarjeta de Débito,Monto,2105566331,OMP 02
01/01/2021,Compras en Internet con Tarjeta de Débito,Monto,1917000704,OMP 02
01/02/2021,Compras en Internet con Tarjeta de Débito,Monto,1863614592,OMP 02
01/03/2021,Compras en Internet con Tarjeta de Débito,Monto,2578945948,OMP 02
01/04/2021,Compras en Internet con Tarjeta de Débito,Monto,2478002753,OMP 02
01/05/2021,Compras en Internet con Tarjeta de Débito,Monto,2643037080,OMP 02
01/06/2021,Compras en Internet con Tarjeta de Débito,Monto,3069644463,OMP 02
01/07/2021,Compras en Internet con Tarjeta de Débito,Monto,3431480742,OMP 02
01/08/2021,Compras en Internet con Tarjeta de Débito,Monto,4205431665,OMP 02
01/09/2021,Compras en Internet con Tarjeta de Débito,Monto,4213799263,OMP 02
01/10/2021,Compras en Internet con Tarjeta de Débito,Monto,4979676026,OMP 02
01/11/2021,Compras en Internet con Tarjeta de Débito,Monto,5081569340,OMP 02
01/12/2021,Compras en Internet con Tarjeta de Débito,Monto,6366475052,OMP 02
01/01/2022,Compras en Internet con Tarjeta de Débito,Monto,5176326082,OMP 02
01/02/2022,Compras en Internet con Tarjeta de Débito,Monto,5320898216,OMP 02
01/03/2022,Compras en Internet con Tarjeta de Débito,Monto,6303932170,OMP 02
01/04/2022,Compras en Internet con Tarjeta de Débito,Monto,6739452843,OMP 02
01/05/2022,Compras en Internet con Tarjeta de Débito,Monto,7097108606,OMP 02
01/06/2022,Compras en Internet con Tarjeta de Débito,Monto,7847076131,OMP 02
01/07/2022,Compras en Internet con Tarjeta de Débito,Monto,9052112717,OMP 02
01/08/2022,Compras en Internet con Tarjeta de Débito,Monto,9690372831,OMP 02
01/09/2022,Compras en Internet con Tarjeta de Débito,Monto,11067708026,OMP 02
01/10/2022,Compras en Internet con Tarjeta de Débito,Monto,12348616375,OMP 02
01/11/2022,Compras en Internet con Tarjeta de Débito,Monto,10380674587,OMP 02
01/12/2022,Compras en Internet con Tarjeta de Débito,Monto,12929401106,OMP 02
01/01/2023,Compras en Internet con Tarjeta de Débito,Monto,10779109225,OMP 02
01/02/2023,Compras en Internet con Tarjeta de Débito,Monto,10065313994,OMP 02
01/03/2023,Compras en Internet con Tarjeta de Débito,Monto,11430543226,OMP 02
01/04/2023,Compras en Internet con Tarjeta de Débito,Monto,13238540958,OMP 02
01/05/2023,Compras en Internet con Tarjeta de Débito,Monto,13981439340,OMP 02
01/06/2023,Compras en Internet con Tarjeta de Débito,Monto,15646766595,OMP 02
01/07/2023,Compras en Internet con Tarjeta de Débito,Monto,16268138218,OMP 02
01/08/2023,Compras en Internet con Tarjeta de Débito,Monto,16861766533,OMP 02
01/09/2023,Compras en Internet con Tarjeta de Débito,Monto,17228841480,OMP 02
01/10/2023,Compras en Internet con Tarjeta de Débito,Monto,17682361684,OMP 02
01/11/2023,Compras en Internet con Tarjeta de Débito,Monto,19959119094,OMP 02
01/12/2023,Compras en Internet con Tarjeta de Débito,Monto,23906433939,OMP 02
01/01/2024,Compras en Internet con Tarjeta de Débito,Monto,19622712240,OMP 02
01/02/2024,Compras en Internet con Tarjeta de Débito,Monto,20821734925,OMP 02
01/03/2024,Compras en Internet con Tarjeta de Débito,Monto,22463766811,OMP 02
01/04/2024,Compras en Internet con Tarjeta de Débito,Monto,22962978890,OMP 02
01/05/2024,Compras en Internet con Tarjeta de Débito,Monto,24938732055,OMP 02
01/06/2024,Compras en Internet con Tarjeta de Débito,Monto,26098223913,OMP 02
01/07/2024,Compras en Internet con Tarjeta de Débito,Monto,25816927904,OMP 02
01/08/2024,Compras en Internet con Tarjeta de Débito,Monto,28241574097,OMP 02
01/09/2024,Compras en Internet con Tarjeta de Débito,Monto,29982036042,OMP 02
01/10/2024,Compras en Internet con Tarjeta de Débito,Monto,31975504147,OMP 02
01/11/2024,Compras en Internet con Tarjeta de Débito,Monto,34381728887,OMP 02
01/12/2024,Compras en Internet con Tarjeta de Débito,Monto,39121416669,OMP 02
01/01/2025,Compras en Internet con Tarjeta de Débito,Monto,35789310680,OMP 02
01/02/2025,Compras en Internet con Tarjeta de Débito,Monto,36579044178,OMP 02
01/03/2025,Compras en Internet con Tarjeta de Débito,Monto,39017898370,OMP 02
01/04/2025,Compras en Internet con Tarjeta de Débito,Monto,37032899191,OMP 02
01/05/2025,Compras en Internet con Tarjeta de Débito,Monto,39913867126,OMP 02
01/06/2025,Compras en Internet con Tarjeta de Débito,Monto,39052960479,OMP 02
01/07/2025,Compras en Internet con Tarjeta de Débito,Monto,53600178769,OMP 02
01/08/2025,Compras en Internet con Tarjeta de Débito,Monto,57282908804,OMP 02
01/09/2025,Compras en Internet con Tarjeta de Débito,Monto,44666710688,OMP 02
01/10/2025,Compras en Internet con Tarjeta de Débito,Monto,47013078620,OMP 02
01/11/2025,Compras en Internet con Tarjeta de Débito,Monto,47435154418,OMP 02
01/12/2025,Compras en Internet con Tarjeta de Débito,Monto,50657865495,OMP 02
01/01/2026,Compras en Internet con Tarjeta de Débito,Monto,45016915558,OMP 02
01/02/2026,Compras en Internet con Tarjeta de Débito,Monto,46587995905,OMP 02
01/03/2026,Compras en Internet con Tarjeta de Débito,Monto,50884828560,OMP 02
01/04/2026,Compras en Internet con Tarjeta de Débito,Monto,53387692734,OMP 02
01/05/2026,Compras en Internet con Tarjeta de Débito,Monto,58195170139,OMP 02
01/06/2026,Compras en Internet con Tarjeta de Débito,Monto,52551331562,OMP 02
01/01/2018,Extracciones en ATM,Cantidad,3113143,OMP 02
01/02/2018,Extracciones en ATM,Cantidad,3299048,OMP 02
01/03/2018,Extracciones en ATM,Cantidad,3757247,OMP 02
01/04/2018,Extracciones en ATM,Cantidad,3324589,OMP 02
01/05/2018,Extracciones en ATM,Cantidad,3383847,OMP 02
01/06/2018,Extracciones en ATM,Cantidad,3384718,OMP 02
01/07/2018,Extracciones en ATM,Cantidad,3378260,OMP 02
01/08/2018,Extracciones en ATM,Cantidad,3415191,OMP 02
01/09/2018,Extracciones en ATM,Cantidad,3421540,OMP 02
01/10/2018,Extracciones en ATM,Cantidad,3426232,OMP 02
01/11/2018,Extracciones en ATM,Cantidad,3584429,OMP 02
01/12/2018,Extracciones en ATM,Cantidad,4966641,OMP 02
01/01/2019,Extracciones en ATM,Cantidad,3395320,OMP 02
01/02/2019,Extracciones en ATM,Cantidad,3433246,OMP 02
01/03/2019,Extracciones en ATM,Cantidad,4041848,OMP 02
01/04/2019,Extracciones en ATM,Cantidad,3305578,OMP 02
01/05/2019,Extracciones en ATM,Cantidad,3716276,OMP 02
01/06/2019,Extracciones en ATM,Cantidad,3463138,OMP 02
01/07/2019,Extracciones en ATM,Cantidad,3599676,OMP 02
01/08/2019,Extracciones en ATM,Cantidad,3725907,OMP 02
01/09/2019,Extracciones en ATM,Cantidad,3589758,OMP 02
01/10/2019,Extracciones en ATM,Cantidad,3751039,OMP 02
01/11/2019,Extracciones en ATM,Cantidad,3898891,OMP 02
01/12/2019,Extracciones en ATM,Cantidad,5224039,OMP 02
01/01/2020,Extracciones en ATM,Cantidad,3601333,OMP 02
01/02/2020,Extracciones en ATM,Cantidad,3734645,OMP 02
01/03/2020,Extracciones en ATM,Cantidad,3271671,OMP 02
01/04/2020,Extracciones en ATM,Cantidad,2769771,OMP 02
01/05/2020,Extracciones en ATM,Cantidad,3437078,OMP 02
01/06/2020,Extracciones en ATM,Cantidad,3188684,OMP 02
01/07/2020,Extracciones en ATM,Cantidad,3572134,OMP 02
01/08/2020,Extracciones en ATM,Cantidad,3439279,OMP 02
01/09/2020,Extracciones en ATM,Cantidad,3264448,OMP 02
01/10/2020,Extracciones en ATM,Cantidad,3798154,OMP 02
01/11/2020,Extracciones en ATM,Cantidad,3438205,OMP 02
01/12/2020,Extracciones en ATM,Cantidad,5094217,OMP 02
01/01/2021,Extracciones en ATM,Cantidad,3586364,OMP 02
01/02/2021,Extracciones en ATM,Cantidad,3555682,OMP 02
01/03/2021,Extracciones en ATM,Cantidad,3677381,OMP 02
01/04/2021,Extracciones en ATM,Cantidad,3366871,OMP 02
01/05/2021,Extracciones en ATM,Cantidad,3582746,OMP 02
01/06/2021,Extracciones en ATM,Cantidad,3443377,OMP 02
01/07/2021,Extracciones en ATM,Cantidad,4001973,OMP 02
01/08/2021,Extracciones en ATM,Cantidad,3836884.7,OMP 02
01/09/2021,Extracciones en ATM,Cantidad,4020124,OMP 02
01/10/2021,Extracciones en ATM,Cantidad,4400478.6,OMP 02
01/11/2021,Extracciones en ATM,Cantidad,4213498.8,OMP 02
01/12/2021,Extracciones en ATM,Cantidad,6300130,OMP 02
01/01/2022,Extracciones en ATM,Cantidad,4117146,OMP 02
01/02/2022,Extracciones en ATM,Cantidad,4370656,OMP 02
01/03/2022,Extracciones en ATM,Cantidad,4339415,OMP 02
01/04/2022,Extracciones en ATM,Cantidad,4481227,OMP 02
01/05/2022,Extracciones en ATM,Cantidad,4178192,OMP 02
01/06/2022,Extracciones en ATM,Cantidad,4160184,OMP 02
01/07/2022,Extracciones en ATM,Cantidad,4707600,OMP 02
01/08/2022,Extracciones en ATM,Cantidad,4392655,OMP 02
01/09/2022,Extracciones en ATM,Cantidad,4185297,OMP 02
01/10/2022,Extracciones en ATM,Cantidad,4625666,OMP 02
01/11/2022,Extracciones en ATM,Cantidad,3975671,OMP 02
01/12/2022,Extracciones en ATM,Cantidad,5465555,OMP 02
01/01/2023,Extracciones en ATM,Cantidad,3832637,OMP 02
01/02/2023,Extracciones en ATM,Cantidad,3774871,OMP 02
01/03/2023,Extracciones en ATM,Cantidad,4197354,OMP 02
01/04/2023,Extracciones en ATM,Cantidad,3935250,OMP 02
01/05/2023,Extracciones en ATM,Cantidad,3848581,OMP 02
01/06/2023,Extracciones en ATM,Cantidad,4004130,OMP 02
01/07/2023,Extracciones en ATM,Cantidad,4091121,OMP 02
01/08/2023,Extracciones en ATM,Cantidad,4010565,OMP 02
01/09/2023,Extracciones en ATM,Cantidad,4107081,OMP 02
01/10/2023,Extracciones en ATM,Cantidad,4008129,OMP 02
01/11/2023,Extracciones en ATM,Cantidad,4154115,OMP 02
01/12/2023,Extracciones en ATM,Cantidad,5506506,OMP 02
01/01/2024,Extracciones en ATM,Cantidad,3901443,OMP 02
01/02/2024,Extracciones en ATM,Cantidad,3915229,OMP 02
01/03/2024,Extracciones en ATM,Cantidad,4155715,OMP 02
01/04/2024,Extracciones en ATM,Cantidad,3801822,OMP 02
01/05/2024,Extracciones en ATM,Cantidad,3866684,OMP 02
01/06/2024,Extracciones en ATM,Cantidad,3851665,OMP 02
01/07/2024,Extracciones en ATM,Cantidad,3641165,OMP 02
01/08/2024,Extracciones en ATM,Cantidad,3823578,OMP 02
01/09/2024,Extracciones en ATM,Cantidad,3884783,OMP 02
01/10/2024,Extracciones en ATM,Cantidad,3638804,OMP 02
01/11/2024,Extracciones en ATM,Cantidad,3829535,OMP 02
01/12/2024,Extracciones en ATM,Cantidad,4829840,OMP 02
01/01/2025,Extracciones en ATM,Cantidad,3518094,OMP 02
01/02/2025,Extracciones en ATM,Cantidad,3301400,OMP 02
01/03/2025,Extracciones en ATM,Cantidad,3691300,OMP 02
01/04/2025,Extracciones en ATM,Cantidad,3378462,OMP 02
01/05/2025,Extracciones en ATM,Cantidad,3664709,OMP 02
01/06/2025,Extracciones en ATM,Cantidad,3975896,OMP 02
01/07/2025,Extracciones en ATM,Cantidad,4270998,OMP 02
01/08/2025,Extracciones en ATM,Cantidad,4184728,OMP 02
01/09/2025,Extracciones en ATM,Cantidad,4014510,OMP 02
01/10/2025,Extracciones en ATM,Cantidad,4165917,OMP 02
01/11/2025,Extracciones en ATM,Cantidad,4101482,OMP 02
01/12/2025,Extracciones en ATM,Cantidad,5241463,OMP 02
01/01/2026,Extracciones en ATM,Cantidad,3891710,OMP 02
01/02/2026,Extracciones en ATM,Cantidad,3695568,OMP 02
01/03/2026,Extracciones en ATM,Cantidad,3969054,OMP 02
01/04/2026,Extracciones en ATM,Cantidad,3519651,OMP 02
01/05/2026,Extracciones en ATM,Cantidad,3692250,OMP 02
01/06/2026,Extracciones en ATM,Cantidad,3328736,OMP 02
01/01/2018,Extracciones en ATM,Monto,2273136471550,OMP 02
01/02/2018,Extracciones en ATM,Monto,2466887182350,OMP 02
01/03/2018,Extracciones en ATM,Monto,2777632808050,OMP 02
01/04/2018,Extracciones en ATM,Monto,2446879583150,OMP 02
01/05/2018,Extracciones en ATM,Monto,2492816322400,OMP 02
01/06/2018,Extracciones en ATM,Monto,2511366338250,OMP 02
01/07/2018,Extracciones en ATM,Monto,2485427979300,OMP 02
01/08/2018,Extracciones en ATM,Monto,2501372675250,OMP 02
01/09/2018,Extracciones en ATM,Monto,2493068363200,OMP 02
01/10/2018,Extracciones en ATM,Monto,2502685785300,OMP 02
01/11/2018,Extracciones en ATM,Monto,2666433219600,OMP 02
01/12/2018,Extracciones en ATM,Monto,4234330520050,OMP 02
01/01/2019,Extracciones en ATM,Monto,2476104659500,OMP 02
01/02/2019,Extracciones en ATM,Monto,2533110177200,OMP 02
01/03/2019,Extracciones en ATM,Monto,2957122663400,OMP 02
01/04/2019,Extracciones en ATM,Monto,2414734434500,OMP 02
01/05/2019,Extracciones en ATM,Monto,2700089555350,OMP 02
01/06/2019,Extracciones en ATM,Monto,2539678249250,OMP 02
01/07/2019,Extracciones en ATM,Monto,2584492725850,OMP 02
01/08/2019,Extracciones en ATM,Monto,2725016630600,OMP 02
01/09/2019,Extracciones en ATM,Monto,2567661330200,OMP 02
01/10/2019,Extracciones en ATM,Monto,2703521839100,OMP 02
01/11/2019,Extracciones en ATM,Monto,2873423959700,OMP 02
01/12/2019,Extracciones en ATM,Monto,4471576582450,OMP 02
01/01/2020,Extracciones en ATM,Monto,2640896367950,OMP 02
01/02/2020,Extracciones en ATM,Monto,2808040028650,OMP 02
01/03/2020,Extracciones en ATM,Monto,2551390197900,OMP 02
01/04/2020,Extracciones en ATM,Monto,2188012956250,OMP 02
01/05/2020,Extracciones en ATM,Monto,2804823080950,OMP 02
01/06/2020,Extracciones en ATM,Monto,2595441436850,OMP 02
01/07/2020,Extracciones en ATM,Monto,2894990338350,OMP 02
01/08/2020,Extracciones en ATM,Monto,2863376962700,OMP 02
01/09/2020,Extracciones en ATM,Monto,2653610915300,OMP 02
01/10/2020,Extracciones en ATM,Monto,3054554555100,OMP 02
01/11/2020,Extracciones en ATM,Monto,2828642833950,OMP 02
01/12/2020,Extracciones en ATM,Monto,4557766147850,OMP 02
01/01/2021,Extracciones en ATM,Monto,2818695122000,OMP 02
01/02/2021,Extracciones en ATM,Monto,2827089888800,OMP 02
01/03/2021,Extracciones en ATM,Monto,2993991039150,OMP 02
01/04/2021,Extracciones en ATM,Monto,2661143845450,OMP 02
01/05/2021,Extracciones en ATM,Monto,2849148682350,OMP 02
01/06/2021,Extracciones en ATM,Monto,2674857322950,OMP 02
01/07/2021,Extracciones en ATM,Monto,3126849359050,OMP 02
01/08/2021,Extracciones en ATM,Monto,2945143666300,OMP 02
01/09/2021,Extracciones en ATM,Monto,3107527564600,OMP 02
01/10/2021,Extracciones en ATM,Monto,3406146824800,OMP 02
01/11/2021,Extracciones en ATM,Monto,3301070479300,OMP 02
01/12/2021,Extracciones en ATM,Monto,5524065729550,OMP 02
01/01/2022,Extracciones en ATM,Monto,3201636891000,OMP 02
01/02/2022,Extracciones en ATM,Monto,3355866623550,OMP 02
01/03/2022,Extracciones en ATM,Monto,3353738890600,OMP 02
01/04/2022,Extracciones en ATM,Monto,3449526860050,OMP 02
01/05/2022,Extracciones en ATM,Monto,3171147266300,OMP 02
01/06/2022,Extracciones en ATM,Monto,3115586254600,OMP 02
01/07/2022,Extracciones en ATM,Monto,3576464459100,OMP 02
01/08/2022,Extracciones en ATM,Monto,3282564988000,OMP 02
01/09/2022,Extracciones en ATM,Monto,3163956035600,OMP 02
01/10/2022,Extracciones en ATM,Monto,3457123593200,OMP 02
01/11/2022,Extracciones en ATM,Monto,3475969874000,OMP 02
01/12/2022,Extracciones en ATM,Monto,5651875980950,OMP 02
01/01/2023,Extracciones en ATM,Monto,3320194534500,OMP 02
01/02/2023,Extracciones en ATM,Monto,3409941852700,OMP 02
01/03/2023,Extracciones en ATM,Monto,3663562124200,OMP 02
01/04/2023,Extracciones en ATM,Monto,3500637389400,OMP 02
01/05/2023,Extracciones en ATM,Monto,3289091118200,OMP 02
01/06/2023,Extracciones en ATM,Monto,3453330071700,OMP 02
01/07/2023,Extracciones en ATM,Monto,3576175417700,OMP 02
01/08/2023,Extracciones en ATM,Monto,3460927931700,OMP 02
01/09/2023,Extracciones en ATM,Monto,3571547110200,OMP 02
01/10/2023,Extracciones en ATM,Monto,3418942987300,OMP 02
01/11/2023,Extracciones en ATM,Monto,3608446055200,OMP 02
01/12/2023,Extracciones en ATM,Monto,5615698746350,OMP 02
01/01/2024,Extracciones en ATM,Monto,3394114527200,OMP 02
01/02/2024,Extracciones en ATM,Monto,3466891885285,OMP 02
01/03/2024,Extracciones en ATM,Monto,3714688479423,OMP 02
01/04/2024,Extracciones en ATM,Monto,3236582916982,OMP 02
01/05/2024,Extracciones en ATM,Monto,3353284722878,OMP 02
01/06/2024,Extracciones en ATM,Monto,3349845634996,OMP 02
01/07/2024,Extracciones en ATM,Monto,3195560856501,OMP 02
01/08/2024,Extracciones en ATM,Monto,3329536950000,OMP 02
01/09/2024,Extracciones en ATM,Monto,3288043638049,OMP 02
01/10/2024,Extracciones en ATM,Monto,3109541819866,OMP 02
01/11/2024,Extracciones en ATM,Monto,3359945389360,OMP 02
01/12/2024,Extracciones en ATM,Monto,4818054818260,OMP 02
01/01/2025,Extracciones en ATM,Monto,3153970626880,OMP 02
01/02/2025,Extracciones en ATM,Monto,2936574853450,OMP 02
01/03/2025,Extracciones en ATM,Monto,3293453573980,OMP 02
01/04/2025,Extracciones en ATM,Monto,2965883121200,OMP 02
01/05/2025,Extracciones en ATM,Monto,3170035145120,OMP 02
01/06/2025,Extracciones en ATM,Monto,2936788913900,OMP 02
01/07/2025,Extracciones en ATM,Monto,3163170363600,OMP 02
01/08/2025,Extracciones en ATM,Monto,3114745341500,OMP 02
01/09/2025,Extracciones en ATM,Monto,2957647607200,OMP 02
01/10/2025,Extracciones en ATM,Monto,3075840762800,OMP 02
01/11/2025,Extracciones en ATM,Monto,3108998792500,OMP 02
01/12/2025,Extracciones en ATM,Monto,4549190173570,OMP 02
01/01/2026,Extracciones en ATM,Monto,2975333192900,OMP 02
01/02/2026,Extracciones en ATM,Monto,2828729907400,OMP 02
01/03/2026,Extracciones en ATM,Monto,3036853395400,OMP 02
01/04/2026,Extracciones en ATM,Monto,2648253025400,OMP 02
01/05/2026,Extracciones en ATM,Monto,2555124945000,OMP 02
01/06/2026,Extracciones en ATM,Monto,2525081387600,OMP 02
01/01/2018,Compras en POS con Tarjetas Prepagas,Cantidad,43407,OMP 03
01/02/2018,Compras en POS con Tarjetas Prepagas,Cantidad,40634,OMP 03
01/03/2018,Compras en POS con Tarjetas Prepagas,Cantidad,44098,OMP 03
01/04/2018,Compras en POS con Tarjetas Prepagas,Cantidad,45948,OMP 03
01/05/2018,Compras en POS con Tarjetas Prepagas,Cantidad,44112,OMP 03
01/06/2018,Compras en POS con Tarjetas Prepagas,Cantidad,42039,OMP 03
01/07/2018,Compras en POS con Tarjetas Prepagas,Cantidad,49423,OMP 03
01/08/2018,Compras en POS con Tarjetas Prepagas,Cantidad,48348,OMP 03
01/09/2018,Compras en POS con Tarjetas Prepagas,Cantidad,44778,OMP 03
01/10/2018,Compras en POS con Tarjetas Prepagas,Cantidad,50987,OMP 03
01/11/2018,Compras en POS con Tarjetas Prepagas,Cantidad,48855,OMP 03
01/12/2018,Compras en POS con Tarjetas Prepagas,Cantidad,47701,OMP 03
01/01/2019,Compras en POS con Tarjetas Prepagas,Cantidad,51363,OMP 03
01/02/2019,Compras en POS con Tarjetas Prepagas,Cantidad,46444,OMP 03
01/03/2019,Compras en POS con Tarjetas Prepagas,Cantidad,51254,OMP 03
01/04/2019,Compras en POS con Tarjetas Prepagas,Cantidad,50384,OMP 03
01/05/2019,Compras en POS con Tarjetas Prepagas,Cantidad,52887,OMP 03
01/06/2019,Compras en POS con Tarjetas Prepagas,Cantidad,48751,OMP 03
01/07/2019,Compras en POS con Tarjetas Prepagas,Cantidad,56028,OMP 03
01/08/2019,Compras en POS con Tarjetas Prepagas,Cantidad,55385,OMP 03
01/09/2019,Compras en POS con Tarjetas Prepagas,Cantidad,56070,OMP 03
01/10/2019,Compras en POS con Tarjetas Prepagas,Cantidad,60268,OMP 03
01/11/2019,Compras en POS con Tarjetas Prepagas,Cantidad,58247,OMP 03
01/12/2019,Compras en POS con Tarjetas Prepagas,Cantidad,59272,OMP 03
01/01/2020,Compras en POS con Tarjetas Prepagas,Cantidad,57300,OMP 03
01/02/2020,Compras en POS con Tarjetas Prepagas,Cantidad,55541,OMP 03
01/03/2020,Compras en POS con Tarjetas Prepagas,Cantidad,43457,OMP 03
01/04/2020,Compras en POS con Tarjetas Prepagas,Cantidad,24726,OMP 03
01/05/2020,Compras en POS con Tarjetas Prepagas,Cantidad,95128,OMP 03
01/06/2020,Compras en POS con Tarjetas Prepagas,Cantidad,118105,OMP 03
01/07/2020,Compras en POS con Tarjetas Prepagas,Cantidad,124378,OMP 03
01/08/2020,Compras en POS con Tarjetas Prepagas,Cantidad,125188,OMP 03
01/09/2020,Compras en POS con Tarjetas Prepagas,Cantidad,122020,OMP 03
01/10/2020,Compras en POS con Tarjetas Prepagas,Cantidad,130646,OMP 03
01/11/2020,Compras en POS con Tarjetas Prepagas,Cantidad,144354,OMP 03
01/12/2020,Compras en POS con Tarjetas Prepagas,Cantidad,151426,OMP 03
01/01/2021,Compras en POS con Tarjetas Prepagas,Cantidad,133067,OMP 03
01/02/2021,Compras en POS con Tarjetas Prepagas,Cantidad,135258,OMP 03
01/03/2021,Compras en POS con Tarjetas Prepagas,Cantidad,148641,OMP 03
01/04/2021,Compras en POS con Tarjetas Prepagas,Cantidad,128067,OMP 03
01/05/2021,Compras en POS con Tarjetas Prepagas,Cantidad,148576,OMP 03
01/06/2021,Compras en POS con Tarjetas Prepagas,Cantidad,148833,OMP 03
01/07/2021,Compras en POS con Tarjetas Prepagas,Cantidad,157692,OMP 03
01/08/2021,Compras en POS con Tarjetas Prepagas,Cantidad,171928,OMP 03
01/09/2021,Compras en POS con Tarjetas Prepagas,Cantidad,166530,OMP 03
01/10/2021,Compras en POS con Tarjetas Prepagas,Cantidad,169143,OMP 03
01/11/2021,Compras en POS con Tarjetas Prepagas,Cantidad,191275,OMP 03
01/12/2021,Compras en POS con Tarjetas Prepagas,Cantidad,207625,OMP 03
01/01/2022,Compras en POS con Tarjetas Prepagas,Cantidad,189939,OMP 03
01/02/2022,Compras en POS con Tarjetas Prepagas,Cantidad,163829,OMP 03
01/03/2022,Compras en POS con Tarjetas Prepagas,Cantidad,221954,OMP 03
01/04/2022,Compras en POS con Tarjetas Prepagas,Cantidad,189869,OMP 03
01/05/2022,Compras en POS con Tarjetas Prepagas,Cantidad,218596,OMP 03
01/06/2022,Compras en POS con Tarjetas Prepagas,Cantidad,206584,OMP 03
01/07/2022,Compras en POS con Tarjetas Prepagas,Cantidad,212128,OMP 03
01/08/2022,Compras en POS con Tarjetas Prepagas,Cantidad,234739,OMP 03
01/09/2022,Compras en POS con Tarjetas Prepagas,Cantidad,216594,OMP 03
01/10/2022,Compras en POS con Tarjetas Prepagas,Cantidad,221553,OMP 03
01/11/2022,Compras en POS con Tarjetas Prepagas,Cantidad,207171,OMP 03
01/12/2022,Compras en POS con Tarjetas Prepagas,Cantidad,215877,OMP 03
01/01/2023,Compras en POS con Tarjetas Prepagas,Cantidad,206558,OMP 03
01/02/2023,Compras en POS con Tarjetas Prepagas,Cantidad,182052,OMP 03
01/03/2023,Compras en POS con Tarjetas Prepagas,Cantidad,201516,OMP 03
01/04/2023,Compras en POS con Tarjetas Prepagas,Cantidad,170711,OMP 03
01/05/2023,Compras en POS con Tarjetas Prepagas,Cantidad,201141,OMP 03
01/06/2023,Compras en POS con Tarjetas Prepagas,Cantidad,184265,OMP 03
01/07/2023,Compras en POS con Tarjetas Prepagas,Cantidad,189173,OMP 03
01/08/2023,Compras en POS con Tarjetas Prepagas,Cantidad,184729,OMP 03
01/09/2023,Compras en POS con Tarjetas Prepagas,Cantidad,173347,OMP 03
01/10/2023,Compras en POS con Tarjetas Prepagas,Cantidad,198979,OMP 03
01/11/2023,Compras en POS con Tarjetas Prepagas,Cantidad,174384,OMP 03
01/12/2023,Compras en POS con Tarjetas Prepagas,Cantidad,173221,OMP 03
01/01/2024,Compras en POS con Tarjetas Prepagas,Cantidad,176171,OMP 03
01/02/2024,Compras en POS con Tarjetas Prepagas,Cantidad,154098,OMP 03
01/03/2024,Compras en POS con Tarjetas Prepagas,Cantidad,125070,OMP 03
01/04/2024,Compras en POS con Tarjetas Prepagas,Cantidad,145788,OMP 03
01/05/2024,Compras en POS con Tarjetas Prepagas,Cantidad,130144,OMP 03
01/06/2024,Compras en POS con Tarjetas Prepagas,Cantidad,132167,OMP 03
01/07/2024,Compras en POS con Tarjetas Prepagas,Cantidad,136332,OMP 03
01/08/2024,Compras en POS con Tarjetas Prepagas,Cantidad,134095,OMP 03
01/09/2024,Compras en POS con Tarjetas Prepagas,Cantidad,129164,OMP 03
01/10/2024,Compras en POS con Tarjetas Prepagas,Cantidad,140927,OMP 03
01/11/2024,Compras en POS con Tarjetas Prepagas,Cantidad,120029,OMP 03
01/12/2024,Compras en POS con Tarjetas Prepagas,Cantidad,127749,OMP 03
01/01/2025,Compras en POS con Tarjetas Prepagas,Cantidad,114299,OMP 03
01/02/2025,Compras en POS con Tarjetas Prepagas,Cantidad,110721,OMP 03
01/03/2025,Compras en POS con Tarjetas Prepagas,Cantidad,128050,OMP 03
01/04/2025,Compras en POS con Tarjetas Prepagas,Cantidad,110847,OMP 03
01/05/2025,Compras en POS con Tarjetas Prepagas,Cantidad,117133,OMP 03
01/06/2025,Compras en POS con Tarjetas Prepagas,Cantidad,118255,OMP 03
01/07/2025,Compras en POS con Tarjetas Prepagas,Cantidad,118134,OMP 03
01/08/2025,Compras en POS con Tarjetas Prepagas,Cantidad,120598,OMP 03
01/09/2025,Compras en POS con Tarjetas Prepagas,Cantidad,127144,OMP 03
01/10/2025,Compras en POS con Tarjetas Prepagas,Cantidad,130557,OMP 03
01/11/2025,Compras en POS con Tarjetas Prepagas,Cantidad,110122,OMP 03
01/12/2025,Compras en POS con Tarjetas Prepagas,Cantidad,117807,OMP 03
01/01/2026,Compras en POS con Tarjetas Prepagas,Cantidad,107509,OMP 03
01/02/2026,Compras en POS con Tarjetas Prepagas,Cantidad,108578,OMP 03
01/03/2026,Compras en POS con Tarjetas Prepagas,Cantidad,126061,OMP 03
01/04/2026,Compras en POS con Tarjetas Prepagas,Cantidad,112355,OMP 03
01/05/2026,Compras en POS con Tarjetas Prepagas,Cantidad,112095,OMP 03
01/06/2026,Compras en POS con Tarjetas Prepagas,Cantidad,110816,OMP 03
01/01/2018,Compras en POS con Tarjetas Prepagas,Monto,3722267320,OMP 03
01/02/2018,Compras en POS con Tarjetas Prepagas,Monto,3444120605,OMP 03
01/03/2018,Compras en POS con Tarjetas Prepagas,Monto,3871012922,OMP 03
01/04/2018,Compras en POS con Tarjetas Prepagas,Monto,3776188691,OMP 03
01/05/2018,Compras en POS con Tarjetas Prepagas,Monto,3712327927,OMP 03
01/06/2018,Compras en POS con Tarjetas Prepagas,Monto,3492969787,OMP 03
01/07/2018,Compras en POS con Tarjetas Prepagas,Monto,3994858394,OMP 03
01/08/2018,Compras en POS con Tarjetas Prepagas,Monto,4002390123,OMP 03
01/09/2018,Compras en POS con Tarjetas Prepagas,Monto,3676903107,OMP 03
01/10/2018,Compras en POS con Tarjetas Prepagas,Monto,4167114792,OMP 03
01/11/2018,Compras en POS con Tarjetas Prepagas,Monto,4155486256,OMP 03
01/12/2018,Compras en POS con Tarjetas Prepagas,Monto,4675611137,OMP 03
01/01/2019,Compras en POS con Tarjetas Prepagas,Monto,4387529184,OMP 03
01/02/2019,Compras en POS con Tarjetas Prepagas,Monto,3941179988,OMP 03
01/03/2019,Compras en POS con Tarjetas Prepagas,Monto,4188165441,OMP 03
01/04/2019,Compras en POS con Tarjetas Prepagas,Monto,4147311943,OMP 03
01/05/2019,Compras en POS con Tarjetas Prepagas,Monto,4331424998,OMP 03
01/06/2019,Compras en POS con Tarjetas Prepagas,Monto,3928757942,OMP 03
01/07/2019,Compras en POS con Tarjetas Prepagas,Monto,4392339561,OMP 03
01/08/2019,Compras en POS con Tarjetas Prepagas,Monto,4384787282,OMP 03
01/09/2019,Compras en POS con Tarjetas Prepagas,Monto,4452026661,OMP 03
01/10/2019,Compras en POS con Tarjetas Prepagas,Monto,4601230083,OMP 03
01/11/2019,Compras en POS con Tarjetas Prepagas,Monto,4521158115,OMP 03
01/12/2019,Compras en POS con Tarjetas Prepagas,Monto,5321268396,OMP 03
01/01/2020,Compras en POS con Tarjetas Prepagas,Monto,4691713943,OMP 03
01/02/2020,Compras en POS con Tarjetas Prepagas,Monto,4695318903,OMP 03
01/03/2020,Compras en POS con Tarjetas Prepagas,Monto,3997136186,OMP 03
01/04/2020,Compras en POS con Tarjetas Prepagas,Monto,2918134572,OMP 03
01/05/2020,Compras en POS con Tarjetas Prepagas,Monto,13062786747,OMP 03
01/06/2020,Compras en POS con Tarjetas Prepagas,Monto,15358707477,OMP 03
01/07/2020,Compras en POS con Tarjetas Prepagas,Monto,15093025776,OMP 03
01/08/2020,Compras en POS con Tarjetas Prepagas,Monto,15532882878,OMP 03
01/09/2020,Compras en POS con Tarjetas Prepagas,Monto,15027738248,OMP 03
01/10/2020,Compras en POS con Tarjetas Prepagas,Monto,15010370211,OMP 03
01/11/2020,Compras en POS con Tarjetas Prepagas,Monto,16873484383,OMP 03
01/12/2020,Compras en POS con Tarjetas Prepagas,Monto,20071494984,OMP 03
01/01/2021,Compras en POS con Tarjetas Prepagas,Monto,14808692841,OMP 03
01/02/2021,Compras en POS con Tarjetas Prepagas,Monto,15328906399,OMP 03
01/03/2021,Compras en POS con Tarjetas Prepagas,Monto,18015202542,OMP 03
01/04/2021,Compras en POS con Tarjetas Prepagas,Monto,13961335274,OMP 03
01/05/2021,Compras en POS con Tarjetas Prepagas,Monto,17008842992,OMP 03
01/06/2021,Compras en POS con Tarjetas Prepagas,Monto,16388538802,OMP 03
01/07/2021,Compras en POS con Tarjetas Prepagas,Monto,16087369057,OMP 03
01/08/2021,Compras en POS con Tarjetas Prepagas,Monto,17560862719,OMP 03
01/09/2021,Compras en POS con Tarjetas Prepagas,Monto,16209886696,OMP 03
01/10/2021,Compras en POS con Tarjetas Prepagas,Monto,15844966921,OMP 03
01/11/2021,Compras en POS con Tarjetas Prepagas,Monto,18444580255,OMP 03
01/12/2021,Compras en POS con Tarjetas Prepagas,Monto,22118333677,OMP 03
01/01/2022,Compras en POS con Tarjetas Prepagas,Monto,19146590071,OMP 03
01/02/2022,Compras en POS con Tarjetas Prepagas,Monto,15228140586,OMP 03
01/03/2022,Compras en POS con Tarjetas Prepagas,Monto,20891854399,OMP 03
01/04/2022,Compras en POS con Tarjetas Prepagas,Monto,17577111424,OMP 03
01/05/2022,Compras en POS con Tarjetas Prepagas,Monto,20941694226,OMP 03
01/06/2022,Compras en POS con Tarjetas Prepagas,Monto,17346732224,OMP 03
01/07/2022,Compras en POS con Tarjetas Prepagas,Monto,19320037456,OMP 03
01/08/2022,Compras en POS con Tarjetas Prepagas,Monto,21666044063,OMP 03
01/09/2022,Compras en POS con Tarjetas Prepagas,Monto,18776564519,OMP 03
01/10/2022,Compras en POS con Tarjetas Prepagas,Monto,20296974119,OMP 03
01/11/2022,Compras en POS con Tarjetas Prepagas,Monto,18707031452,OMP 03
01/12/2022,Compras en POS con Tarjetas Prepagas,Monto,23450486040,OMP 03
01/01/2023,Compras en POS con Tarjetas Prepagas,Monto,20278309993,OMP 03
01/02/2023,Compras en POS con Tarjetas Prepagas,Monto,17430662009,OMP 03
01/03/2023,Compras en POS con Tarjetas Prepagas,Monto,18299245154,OMP 03
01/04/2023,Compras en POS con Tarjetas Prepagas,Monto,16416935432,OMP 03
01/05/2023,Compras en POS con Tarjetas Prepagas,Monto,19363902340,OMP 03
01/06/2023,Compras en POS con Tarjetas Prepagas,Monto,16944628833,OMP 03
01/07/2023,Compras en POS con Tarjetas Prepagas,Monto,18274467915,OMP 03
01/08/2023,Compras en POS con Tarjetas Prepagas,Monto,16490150370,OMP 03
01/09/2023,Compras en POS con Tarjetas Prepagas,Monto,16077703114,OMP 03
01/10/2023,Compras en POS con Tarjetas Prepagas,Monto,19170952729,OMP 03
01/11/2023,Compras en POS con Tarjetas Prepagas,Monto,16988870636,OMP 03
01/12/2023,Compras en POS con Tarjetas Prepagas,Monto,20905105983,OMP 03
01/01/2024,Compras en POS con Tarjetas Prepagas,Monto,18706890099,OMP 03
01/02/2024,Compras en POS con Tarjetas Prepagas,Monto,14570736487,OMP 03
01/03/2024,Compras en POS con Tarjetas Prepagas,Monto,10246465328,OMP 03
01/04/2024,Compras en POS con Tarjetas Prepagas,Monto,11652821805,OMP 03
01/05/2024,Compras en POS con Tarjetas Prepagas,Monto,11290403534,OMP 03
01/06/2024,Compras en POS con Tarjetas Prepagas,Monto,11159773540,OMP 03
01/07/2024,Compras en POS con Tarjetas Prepagas,Monto,12198038133,OMP 03
01/08/2024,Compras en POS con Tarjetas Prepagas,Monto,11452771229,OMP 03
01/09/2024,Compras en POS con Tarjetas Prepagas,Monto,10816428123,OMP 03
01/10/2024,Compras en POS con Tarjetas Prepagas,Monto,12030624921,OMP 03
01/11/2024,Compras en POS con Tarjetas Prepagas,Monto,10632754280,OMP 03
01/12/2024,Compras en POS con Tarjetas Prepagas,Monto,13921135675,OMP 03
01/01/2025,Compras en POS con Tarjetas Prepagas,Monto,11116845245,OMP 03
01/02/2025,Compras en POS con Tarjetas Prepagas,Monto,10552417663,OMP 03
01/03/2025,Compras en POS con Tarjetas Prepagas,Monto,11906494643,OMP 03
01/04/2025,Compras en POS con Tarjetas Prepagas,Monto,10521840485,OMP 03
01/05/2025,Compras en POS con Tarjetas Prepagas,Monto,11546364950,OMP 03
01/06/2025,Compras en POS con Tarjetas Prepagas,Monto,11895183098,OMP 03
01/07/2025,Compras en POS con Tarjetas Prepagas,Monto,12078745270,OMP 03
01/08/2025,Compras en POS con Tarjetas Prepagas,Monto,11471998170,OMP 03
01/09/2025,Compras en POS con Tarjetas Prepagas,Monto,11865336407,OMP 03
01/10/2025,Compras en POS con Tarjetas Prepagas,Monto,11949695540,OMP 03
01/11/2025,Compras en POS con Tarjetas Prepagas,Monto,11107134841,OMP 03
01/12/2025,Compras en POS con Tarjetas Prepagas,Monto,14419930288,OMP 03
01/01/2026,Compras en POS con Tarjetas Prepagas,Monto,11515281639,OMP 03
01/02/2026,Compras en POS con Tarjetas Prepagas,Monto,11213042081,OMP 03
01/03/2026,Compras en POS con Tarjetas Prepagas,Monto,12586386818,OMP 03
01/04/2026,Compras en POS con Tarjetas Prepagas,Monto,11109272508,OMP 03
01/05/2026,Compras en POS con Tarjetas Prepagas,Monto,11359884714,OMP 03
01/06/2026,Compras en POS con Tarjetas Prepagas,Monto,11273148765,OMP 03
01/01/2018,Compras en Internet con Tarjetas Prepagas,Cantidad,998,OMP 03
01/02/2018,Compras en Internet con Tarjetas Prepagas,Cantidad,884,OMP 03
01/03/2018,Compras en Internet con Tarjetas Prepagas,Cantidad,922,OMP 03
01/04/2018,Compras en Internet con Tarjetas Prepagas,Cantidad,1299,OMP 03
01/05/2018,Compras en Internet con Tarjetas Prepagas,Cantidad,1143,OMP 03
01/06/2018,Compras en Internet con Tarjetas Prepagas,Cantidad,975,OMP 03
01/07/2018,Compras en Internet con Tarjetas Prepagas,Cantidad,1306,OMP 03
01/08/2018,Compras en Internet con Tarjetas Prepagas,Cantidad,1389,OMP 03
01/09/2018,Compras en Internet con Tarjetas Prepagas,Cantidad,1219,OMP 03
01/10/2018,Compras en Internet con Tarjetas Prepagas,Cantidad,1572,OMP 03
01/11/2018,Compras en Internet con Tarjetas Prepagas,Cantidad,1679,OMP 03
01/12/2018,Compras en Internet con Tarjetas Prepagas,Cantidad,1576,OMP 03
01/01/2019,Compras en Internet con Tarjetas Prepagas,Cantidad,2037,OMP 03
01/02/2019,Compras en Internet con Tarjetas Prepagas,Cantidad,1833,OMP 03
01/03/2019,Compras en Internet con Tarjetas Prepagas,Cantidad,1974,OMP 03
01/04/2019,Compras en Internet con Tarjetas Prepagas,Cantidad,2239,OMP 03
01/05/2019,Compras en Internet con Tarjetas Prepagas,Cantidad,2087,OMP 03
01/06/2019,Compras en Internet con Tarjetas Prepagas,Cantidad,1906,OMP 03
01/07/2019,Compras en Internet con Tarjetas Prepagas,Cantidad,2494,OMP 03
01/08/2019,Compras en Internet con Tarjetas Prepagas,Cantidad,2477,OMP 03
01/09/2019,Compras en Internet con Tarjetas Prepagas,Cantidad,2414,OMP 03
01/10/2019,Compras en Internet con Tarjetas Prepagas,Cantidad,2901,OMP 03
01/11/2019,Compras en Internet con Tarjetas Prepagas,Cantidad,2890,OMP 03
01/12/2019,Compras en Internet con Tarjetas Prepagas,Cantidad,3375,OMP 03
01/01/2020,Compras en Internet con Tarjetas Prepagas,Cantidad,3321,OMP 03
01/02/2020,Compras en Internet con Tarjetas Prepagas,Cantidad,3253,OMP 03
01/03/2020,Compras en Internet con Tarjetas Prepagas,Cantidad,3493,OMP 03
01/04/2020,Compras en Internet con Tarjetas Prepagas,Cantidad,4183,OMP 03
01/05/2020,Compras en Internet con Tarjetas Prepagas,Cantidad,5473,OMP 03
01/06/2020,Compras en Internet con Tarjetas Prepagas,Cantidad,6878,OMP 03
01/07/2020,Compras en Internet con Tarjetas Prepagas,Cantidad,7634,OMP 03
01/08/2020,Compras en Internet con Tarjetas Prepagas,Cantidad,7947,OMP 03
01/09/2020,Compras en Internet con Tarjetas Prepagas,Cantidad,7886,OMP 03
01/10/2020,Compras en Internet con Tarjetas Prepagas,Cantidad,8764,OMP 03
01/11/2020,Compras en Internet con Tarjetas Prepagas,Cantidad,10899,OMP 03
01/12/2020,Compras en Internet con Tarjetas Prepagas,Cantidad,11822,OMP 03
01/01/2021,Compras en Internet con Tarjetas Prepagas,Cantidad,11181,OMP 03
01/02/2021,Compras en Internet con Tarjetas Prepagas,Cantidad,11350,OMP 03
01/03/2021,Compras en Internet con Tarjetas Prepagas,Cantidad,13989,OMP 03
01/04/2021,Compras en Internet con Tarjetas Prepagas,Cantidad,107441,OMP 03
01/05/2021,Compras en Internet con Tarjetas Prepagas,Cantidad,204175,OMP 03
01/06/2021,Compras en Internet con Tarjetas Prepagas,Cantidad,19020,OMP 03
01/07/2021,Compras en Internet con Tarjetas Prepagas,Cantidad,25299,OMP 03
01/08/2021,Compras en Internet con Tarjetas Prepagas,Cantidad,27838,OMP 03
01/09/2021,Compras en Internet con Tarjetas Prepagas,Cantidad,26622,OMP 03
01/10/2021,Compras en Internet con Tarjetas Prepagas,Cantidad,25223,OMP 03
01/11/2021,Compras en Internet con Tarjetas Prepagas,Cantidad,29820,OMP 03
01/12/2021,Compras en Internet con Tarjetas Prepagas,Cantidad,30131,OMP 03
01/01/2022,Compras en Internet con Tarjetas Prepagas,Cantidad,27177,OMP 03
01/02/2022,Compras en Internet con Tarjetas Prepagas,Cantidad,22128,OMP 03
01/03/2022,Compras en Internet con Tarjetas Prepagas,Cantidad,30683,OMP 03
01/04/2022,Compras en Internet con Tarjetas Prepagas,Cantidad,26546,OMP 03
01/05/2022,Compras en Internet con Tarjetas Prepagas,Cantidad,28102,OMP 03
01/06/2022,Compras en Internet con Tarjetas Prepagas,Cantidad,27800,OMP 03
01/07/2022,Compras en Internet con Tarjetas Prepagas,Cantidad,26981,OMP 03
01/08/2022,Compras en Internet con Tarjetas Prepagas,Cantidad,32328,OMP 03
01/09/2022,Compras en Internet con Tarjetas Prepagas,Cantidad,32684,OMP 03
01/10/2022,Compras en Internet con Tarjetas Prepagas,Cantidad,34214,OMP 03
01/11/2022,Compras en Internet con Tarjetas Prepagas,Cantidad,28898,OMP 03
01/12/2022,Compras en Internet con Tarjetas Prepagas,Cantidad,27687,OMP 03
01/01/2023,Compras en Internet con Tarjetas Prepagas,Cantidad,29658,OMP 03
01/02/2023,Compras en Internet con Tarjetas Prepagas,Cantidad,25261,OMP 03
01/03/2023,Compras en Internet con Tarjetas Prepagas,Cantidad,29127,OMP 03
01/04/2023,Compras en Internet con Tarjetas Prepagas,Cantidad,32367,OMP 03
01/05/2023,Compras en Internet con Tarjetas Prepagas,Cantidad,30659,OMP 03
01/06/2023,Compras en Internet con Tarjetas Prepagas,Cantidad,28578,OMP 03
01/07/2023,Compras en Internet con Tarjetas Prepagas,Cantidad,30152,OMP 03
01/08/2023,Compras en Internet con Tarjetas Prepagas,Cantidad,28429,OMP 03
01/09/2023,Compras en Internet con Tarjetas Prepagas,Cantidad,30146,OMP 03
01/10/2023,Compras en Internet con Tarjetas Prepagas,Cantidad,40078,OMP 03
01/11/2023,Compras en Internet con Tarjetas Prepagas,Cantidad,38538,OMP 03
01/12/2023,Compras en Internet con Tarjetas Prepagas,Cantidad,35754,OMP 03
01/01/2024,Compras en Internet con Tarjetas Prepagas,Cantidad,39175,OMP 03
01/02/2024,Compras en Internet con Tarjetas Prepagas,Cantidad,40185,OMP 03
01/03/2024,Compras en Internet con Tarjetas Prepagas,Cantidad,37071,OMP 03
01/04/2024,Compras en Internet con Tarjetas Prepagas,Cantidad,41952,OMP 03
01/05/2024,Compras en Internet con Tarjetas Prepagas,Cantidad,37879,OMP 03
01/06/2024,Compras en Internet con Tarjetas Prepagas,Cantidad,33242,OMP 03
01/07/2024,Compras en Internet con Tarjetas Prepagas,Cantidad,19442,OMP 03
01/08/2024,Compras en Internet con Tarjetas Prepagas,Cantidad,18511,OMP 03
01/09/2024,Compras en Internet con Tarjetas Prepagas,Cantidad,17853,OMP 03
01/10/2024,Compras en Internet con Tarjetas Prepagas,Cantidad,21914,OMP 03
01/11/2024,Compras en Internet con Tarjetas Prepagas,Cantidad,19991,OMP 03
01/12/2024,Compras en Internet con Tarjetas Prepagas,Cantidad,19964,OMP 03
01/01/2025,Compras en Internet con Tarjetas Prepagas,Cantidad,17263,OMP 03
01/02/2025,Compras en Internet con Tarjetas Prepagas,Cantidad,16841,OMP 03
01/03/2025,Compras en Internet con Tarjetas Prepagas,Cantidad,19712,OMP 03
01/04/2025,Compras en Internet con Tarjetas Prepagas,Cantidad,21446,OMP 03
01/05/2025,Compras en Internet con Tarjetas Prepagas,Cantidad,21704,OMP 03
01/06/2025,Compras en Internet con Tarjetas Prepagas,Cantidad,22014,OMP 03
01/07/2025,Compras en Internet con Tarjetas Prepagas,Cantidad,22535,OMP 03
01/08/2025,Compras en Internet con Tarjetas Prepagas,Cantidad,21770,OMP 03
01/09/2025,Compras en Internet con Tarjetas Prepagas,Cantidad,21301,OMP 03
01/10/2025,Compras en Internet con Tarjetas Prepagas,Cantidad,21483,OMP 03
01/11/2025,Compras en Internet con Tarjetas Prepagas,Cantidad,19508,OMP 03
01/12/2025,Compras en Internet con Tarjetas Prepagas,Cantidad,21029,OMP 03
01/01/2026,Compras en Internet con Tarjetas Prepagas,Cantidad,17907,OMP 03
01/02/2026,Compras en Internet con Tarjetas Prepagas,Cantidad,17455,OMP 03
01/03/2026,Compras en Internet con Tarjetas Prepagas,Cantidad,19566,OMP 03
01/04/2026,Compras en Internet con Tarjetas Prepagas,Cantidad,20036,OMP 03
01/05/2026,Compras en Internet con Tarjetas Prepagas,Cantidad,19367,OMP 03
01/06/2026,Compras en Internet con Tarjetas Prepagas,Cantidad,18876,OMP 03
01/01/2018,Compras en Internet con Tarjetas Prepagas,Monto,68756571,OMP 03
01/02/2018,Compras en Internet con Tarjetas Prepagas,Monto,72472071,OMP 03
01/03/2018,Compras en Internet con Tarjetas Prepagas,Monto,81391123,OMP 03
01/04/2018,Compras en Internet con Tarjetas Prepagas,Monto,98575734,OMP 03
01/05/2018,Compras en Internet con Tarjetas Prepagas,Monto,81240566,OMP 03
01/06/2018,Compras en Internet con Tarjetas Prepagas,Monto,87149036,OMP 03
01/07/2018,Compras en Internet con Tarjetas Prepagas,Monto,97331279,OMP 03
01/08/2018,Compras en Internet con Tarjetas Prepagas,Monto,72520043,OMP 03
01/09/2018,Compras en Internet con Tarjetas Prepagas,Monto,67691063,OMP 03
01/10/2018,Compras en Internet con Tarjetas Prepagas,Monto,143174565,OMP 03
01/11/2018,Compras en Internet con Tarjetas Prepagas,Monto,150760784,OMP 03
01/12/2018,Compras en Internet con Tarjetas Prepagas,Monto,115463055,OMP 03
01/01/2019,Compras en Internet con Tarjetas Prepagas,Monto,244464980,OMP 03
01/02/2019,Compras en Internet con Tarjetas Prepagas,Monto,154417936,OMP 03
01/03/2019,Compras en Internet con Tarjetas Prepagas,Monto,164016104,OMP 03
01/04/2019,Compras en Internet con Tarjetas Prepagas,Monto,181686676,OMP 03
01/05/2019,Compras en Internet con Tarjetas Prepagas,Monto,164592069,OMP 03
01/06/2019,Compras en Internet con Tarjetas Prepagas,Monto,149955148,OMP 03
01/07/2019,Compras en Internet con Tarjetas Prepagas,Monto,251013140,OMP 03
01/08/2019,Compras en Internet con Tarjetas Prepagas,Monto,281716349,OMP 03
01/09/2019,Compras en Internet con Tarjetas Prepagas,Monto,218917559,OMP 03
01/10/2019,Compras en Internet con Tarjetas Prepagas,Monto,265322468,OMP 03
01/11/2019,Compras en Internet con Tarjetas Prepagas,Monto,372943602,OMP 03
01/12/2019,Compras en Internet con Tarjetas Prepagas,Monto,450963108,OMP 03
01/01/2020,Compras en Internet con Tarjetas Prepagas,Monto,360264279,OMP 03
01/02/2020,Compras en Internet con Tarjetas Prepagas,Monto,399096640,OMP 03
01/03/2020,Compras en Internet con Tarjetas Prepagas,Monto,300065787,OMP 03
01/04/2020,Compras en Internet con Tarjetas Prepagas,Monto,353109706,OMP 03
01/05/2020,Compras en Internet con Tarjetas Prepagas,Monto,595273022,OMP 03
01/06/2020,Compras en Internet con Tarjetas Prepagas,Monto,575005043,OMP 03
01/07/2020,Compras en Internet con Tarjetas Prepagas,Monto,582816258,OMP 03
01/08/2020,Compras en Internet con Tarjetas Prepagas,Monto,600855923,OMP 03
01/09/2020,Compras en Internet con Tarjetas Prepagas,Monto,698653216,OMP 03
01/10/2020,Compras en Internet con Tarjetas Prepagas,Monto,690124809,OMP 03
01/11/2020,Compras en Internet con Tarjetas Prepagas,Monto,846174986,OMP 03
01/12/2020,Compras en Internet con Tarjetas Prepagas,Monto,881637420,OMP 03
01/01/2021,Compras en Internet con Tarjetas Prepagas,Monto,790826842,OMP 03
01/02/2021,Compras en Internet con Tarjetas Prepagas,Monto,746142253,OMP 03
01/03/2021,Compras en Internet con Tarjetas Prepagas,Monto,974205034,OMP 03
01/04/2021,Compras en Internet con Tarjetas Prepagas,Monto,1501982564,OMP 03
01/05/2021,Compras en Internet con Tarjetas Prepagas,Monto,2191138009,OMP 03
01/06/2021,Compras en Internet con Tarjetas Prepagas,Monto,1205065703,OMP 03
01/07/2021,Compras en Internet con Tarjetas Prepagas,Monto,1216567771,OMP 03
01/08/2021,Compras en Internet con Tarjetas Prepagas,Monto,1496898024,OMP 03
01/09/2021,Compras en Internet con Tarjetas Prepagas,Monto,1425934926,OMP 03
01/10/2021,Compras en Internet con Tarjetas Prepagas,Monto,1408736562,OMP 03
01/11/2021,Compras en Internet con Tarjetas Prepagas,Monto,1807271583,OMP 03
01/12/2021,Compras en Internet con Tarjetas Prepagas,Monto,1745569083,OMP 03
01/01/2022,Compras en Internet con Tarjetas Prepagas,Monto,1570368348,OMP 03
01/02/2022,Compras en Internet con Tarjetas Prepagas,Monto,1351973402,OMP 03
01/03/2022,Compras en Internet con Tarjetas Prepagas,Monto,1900249819,OMP 03
01/04/2022,Compras en Internet con Tarjetas Prepagas,Monto,1577601720,OMP 03
01/05/2022,Compras en Internet con Tarjetas Prepagas,Monto,1695392585,OMP 03
01/06/2022,Compras en Internet con Tarjetas Prepagas,Monto,1645431740,OMP 03
01/07/2022,Compras en Internet con Tarjetas Prepagas,Monto,1701443474,OMP 03
01/08/2022,Compras en Internet con Tarjetas Prepagas,Monto,1960079120,OMP 03
01/09/2022,Compras en Internet con Tarjetas Prepagas,Monto,2051209135,OMP 03
01/10/2022,Compras en Internet con Tarjetas Prepagas,Monto,2556855298,OMP 03
01/11/2022,Compras en Internet con Tarjetas Prepagas,Monto,2290758081,OMP 03
01/12/2022,Compras en Internet con Tarjetas Prepagas,Monto,2228564972,OMP 03
01/01/2023,Compras en Internet con Tarjetas Prepagas,Monto,2141182915,OMP 03
01/02/2023,Compras en Internet con Tarjetas Prepagas,Monto,1968247881,OMP 03
01/03/2023,Compras en Internet con Tarjetas Prepagas,Monto,2602592372,OMP 03
01/04/2023,Compras en Internet con Tarjetas Prepagas,Monto,2675849689,OMP 03
01/05/2023,Compras en Internet con Tarjetas Prepagas,Monto,2887361831,OMP 03
01/06/2023,Compras en Internet con Tarjetas Prepagas,Monto,2525549717,OMP 03
01/07/2023,Compras en Internet con Tarjetas Prepagas,Monto,2853112874,OMP 03
01/08/2023,Compras en Internet con Tarjetas Prepagas,Monto,2657798269,OMP 03
01/09/2023,Compras en Internet con Tarjetas Prepagas,Monto,2273637901,OMP 03
01/10/2023,Compras en Internet con Tarjetas Prepagas,Monto,2638106626,OMP 03
01/11/2023,Compras en Internet con Tarjetas Prepagas,Monto,2928436529,OMP 03
01/12/2023,Compras en Internet con Tarjetas Prepagas,Monto,2731097456,OMP 03
01/01/2024,Compras en Internet con Tarjetas Prepagas,Monto,2787322881,OMP 03
01/02/2024,Compras en Internet con Tarjetas Prepagas,Monto,2752765055,OMP 03
01/03/2024,Compras en Internet con Tarjetas Prepagas,Monto,2532968001,OMP 03
01/04/2024,Compras en Internet con Tarjetas Prepagas,Monto,2749757276,OMP 03
01/05/2024,Compras en Internet con Tarjetas Prepagas,Monto,2437239916,OMP 03
01/06/2024,Compras en Internet con Tarjetas Prepagas,Monto,2184128824,OMP 03
01/07/2024,Compras en Internet con Tarjetas Prepagas,Monto,1127051949,OMP 03
01/08/2024,Compras en Internet con Tarjetas Prepagas,Monto,1013118537,OMP 03
01/09/2024,Compras en Internet con Tarjetas Prepagas,Monto,998552124,OMP 03
01/10/2024,Compras en Internet con Tarjetas Prepagas,Monto,1181345058,OMP 03
01/11/2024,Compras en Internet con Tarjetas Prepagas,Monto,1065108248,OMP 03
01/12/2024,Compras en Internet con Tarjetas Prepagas,Monto,1105009110,OMP 03
01/01/2025,Compras en Internet con Tarjetas Prepagas,Monto,968362471,OMP 03
01/02/2025,Compras en Internet con Tarjetas Prepagas,Monto,961086221,OMP 03
01/03/2025,Compras en Internet con Tarjetas Prepagas,Monto,1092031463,OMP 03
01/04/2025,Compras en Internet con Tarjetas Prepagas,Monto,1067877372,OMP 03
01/05/2025,Compras en Internet con Tarjetas Prepagas,Monto,1097727913,OMP 03
01/06/2025,Compras en Internet con Tarjetas Prepagas,Monto,1123985541,OMP 03
01/07/2025,Compras en Internet con Tarjetas Prepagas,Monto,1162635060,OMP 03
01/08/2025,Compras en Internet con Tarjetas Prepagas,Monto,1155896235,OMP 03
01/09/2025,Compras en Internet con Tarjetas Prepagas,Monto,1245491636,OMP 03
01/10/2025,Compras en Internet con Tarjetas Prepagas,Monto,1202538063,OMP 03
01/11/2025,Compras en Internet con Tarjetas Prepagas,Monto,1012588769,OMP 03
01/12/2025,Compras en Internet con Tarjetas Prepagas,Monto,1255446876,OMP 03
01/01/2026,Compras en Internet con Tarjetas Prepagas,Monto,1133449128,OMP 03
01/02/2026,Compras en Internet con Tarjetas Prepagas,Monto,1015192152,OMP 03
01/03/2026,Compras en Internet con Tarjetas Prepagas,Monto,1218155534,OMP 03
01/04/2026,Compras en Internet con Tarjetas Prepagas,Monto,1174185363,OMP 03
01/05/2026,Compras en Internet con Tarjetas Prepagas,Monto,1170256951,OMP 03
01/06/2026,Compras en Internet con Tarjetas Prepagas,Monto,1196348181,OMP 03
01/01/2018,Extracciones en ATM con Tarjetas Prepagas,Cantidad,22177,OMP 03
01/02/2018,Extracciones en ATM con Tarjetas Prepagas,Cantidad,20910,OMP 03
01/03/2018,Extracciones en ATM con Tarjetas Prepagas,Cantidad,23612,OMP 03
01/04/2018,Extracciones en ATM con Tarjetas Prepagas,Cantidad,25669,OMP 03
01/05/2018,Extracciones en ATM con Tarjetas Prepagas,Cantidad,22745,OMP 03
01/06/2018,Extracciones en ATM con Tarjetas Prepagas,Cantidad,20710,OMP 03
01/07/2018,Extracciones en ATM con Tarjetas Prepagas,Cantidad,23700,OMP 03
01/08/2018,Extracciones en ATM con Tarjetas Prepagas,Cantidad,23826,OMP 03
01/09/2018,Extracciones en ATM con Tarjetas Prepagas,Cantidad,21806,OMP 03
01/10/2018,Extracciones en ATM con Tarjetas Prepagas,Cantidad,23609,OMP 03
01/11/2018,Extracciones en ATM con Tarjetas Prepagas,Cantidad,22750,OMP 03
01/12/2018,Extracciones en ATM con Tarjetas Prepagas,Cantidad,22196,OMP 03
01/01/2019,Extracciones en ATM con Tarjetas Prepagas,Cantidad,21659,OMP 03
01/02/2019,Extracciones en ATM con Tarjetas Prepagas,Cantidad,21073,OMP 03
01/03/2019,Extracciones en ATM con Tarjetas Prepagas,Cantidad,22263,OMP 03
01/04/2019,Extracciones en ATM con Tarjetas Prepagas,Cantidad,21224,OMP 03
01/05/2019,Extracciones en ATM con Tarjetas Prepagas,Cantidad,24848,OMP 03
01/06/2019,Extracciones en ATM con Tarjetas Prepagas,Cantidad,21916,OMP 03
01/07/2019,Extracciones en ATM con Tarjetas Prepagas,Cantidad,23851,OMP 03
01/08/2019,Extracciones en ATM con Tarjetas Prepagas,Cantidad,23328,OMP 03
01/09/2019,Extracciones en ATM con Tarjetas Prepagas,Cantidad,22712,OMP 03
01/10/2019,Extracciones en ATM con Tarjetas Prepagas,Cantidad,25059,OMP 03
01/11/2019,Extracciones en ATM con Tarjetas Prepagas,Cantidad,23917,OMP 03
01/12/2019,Extracciones en ATM con Tarjetas Prepagas,Cantidad,23716,OMP 03
01/01/2020,Extracciones en ATM con Tarjetas Prepagas,Cantidad,21894,OMP 03
01/02/2020,Extracciones en ATM con Tarjetas Prepagas,Cantidad,22235,OMP 03
01/03/2020,Extracciones en ATM con Tarjetas Prepagas,Cantidad,18390,OMP 03
01/04/2020,Extracciones en ATM con Tarjetas Prepagas,Cantidad,10337,OMP 03
01/05/2020,Extracciones en ATM con Tarjetas Prepagas,Cantidad,10846,OMP 03
01/06/2020,Extracciones en ATM con Tarjetas Prepagas,Cantidad,18028,OMP 03
01/07/2020,Extracciones en ATM con Tarjetas Prepagas,Cantidad,20015,OMP 03
01/08/2020,Extracciones en ATM con Tarjetas Prepagas,Cantidad,19717,OMP 03
01/09/2020,Extracciones en ATM con Tarjetas Prepagas,Cantidad,19423,OMP 03
01/10/2020,Extracciones en ATM con Tarjetas Prepagas,Cantidad,20135,OMP 03
01/11/2020,Extracciones en ATM con Tarjetas Prepagas,Cantidad,21009,OMP 03
01/12/2020,Extracciones en ATM con Tarjetas Prepagas,Cantidad,21600,OMP 03
01/01/2021,Extracciones en ATM con Tarjetas Prepagas,Cantidad,19574,OMP 03
01/02/2021,Extracciones en ATM con Tarjetas Prepagas,Cantidad,19580,OMP 03
01/03/2021,Extracciones en ATM con Tarjetas Prepagas,Cantidad,20536,OMP 03
01/04/2021,Extracciones en ATM con Tarjetas Prepagas,Cantidad,18273,OMP 03
01/05/2021,Extracciones en ATM con Tarjetas Prepagas,Cantidad,20847,OMP 03
01/06/2021,Extracciones en ATM con Tarjetas Prepagas,Cantidad,20627,OMP 03
01/07/2021,Extracciones en ATM con Tarjetas Prepagas,Cantidad,22420,OMP 03
01/08/2021,Extracciones en ATM con Tarjetas Prepagas,Cantidad,25334,OMP 03
01/09/2021,Extracciones en ATM con Tarjetas Prepagas,Cantidad,24921,OMP 03
01/10/2021,Extracciones en ATM con Tarjetas Prepagas,Cantidad,24686,OMP 03
01/11/2021,Extracciones en ATM con Tarjetas Prepagas,Cantidad,26645,OMP 03
01/12/2021,Extracciones en ATM con Tarjetas Prepagas,Cantidad,42794,OMP 03
01/01/2022,Extracciones en ATM con Tarjetas Prepagas,Cantidad,33512,OMP 03
01/02/2022,Extracciones en ATM con Tarjetas Prepagas,Cantidad,30790,OMP 03
01/03/2022,Extracciones en ATM con Tarjetas Prepagas,Cantidad,40659,OMP 03
01/04/2022,Extracciones en ATM con Tarjetas Prepagas,Cantidad,37919,OMP 03
01/05/2022,Extracciones en ATM con Tarjetas Prepagas,Cantidad,36558,OMP 03
01/06/2022,Extracciones en ATM con Tarjetas Prepagas,Cantidad,15245,OMP 03
01/07/2022,Extracciones en ATM con Tarjetas Prepagas,Cantidad,39304,OMP 03
01/08/2022,Extracciones en ATM con Tarjetas Prepagas,Cantidad,39615,OMP 03
01/09/2022,Extracciones en ATM con Tarjetas Prepagas,Cantidad,40517,OMP 03
01/10/2022,Extracciones en ATM con Tarjetas Prepagas,Cantidad,37132,OMP 03
01/11/2022,Extracciones en ATM con Tarjetas Prepagas,Cantidad,32326,OMP 03
01/12/2022,Extracciones en ATM con Tarjetas Prepagas,Cantidad,32345,OMP 03
01/01/2023,Extracciones en ATM con Tarjetas Prepagas,Cantidad,30283,OMP 03
01/02/2023,Extracciones en ATM con Tarjetas Prepagas,Cantidad,26402,OMP 03
01/03/2023,Extracciones en ATM con Tarjetas Prepagas,Cantidad,29372,OMP 03
01/04/2023,Extracciones en ATM con Tarjetas Prepagas,Cantidad,25048,OMP 03
01/05/2023,Extracciones en ATM con Tarjetas Prepagas,Cantidad,26015,OMP 03
01/06/2023,Extracciones en ATM con Tarjetas Prepagas,Cantidad,23228,OMP 03
01/07/2023,Extracciones en ATM con Tarjetas Prepagas,Cantidad,28908,OMP 03
01/08/2023,Extracciones en ATM con Tarjetas Prepagas,Cantidad,25541,OMP 03
01/09/2023,Extracciones en ATM con Tarjetas Prepagas,Cantidad,21253,OMP 03
01/10/2023,Extracciones en ATM con Tarjetas Prepagas,Cantidad,5761,OMP 03
01/11/2023,Extracciones en ATM con Tarjetas Prepagas,Cantidad,21165,OMP 03
01/12/2023,Extracciones en ATM con Tarjetas Prepagas,Cantidad,19704,OMP 03
01/01/2024,Extracciones en ATM con Tarjetas Prepagas,Cantidad,17909,OMP 03
01/02/2024,Extracciones en ATM con Tarjetas Prepagas,Cantidad,16313,OMP 03
01/03/2024,Extracciones en ATM con Tarjetas Prepagas,Cantidad,3960,OMP 03
01/04/2024,Extracciones en ATM con Tarjetas Prepagas,Cantidad,30765,OMP 03
01/05/2024,Extracciones en ATM con Tarjetas Prepagas,Cantidad,15936,OMP 03
01/06/2024,Extracciones en ATM con Tarjetas Prepagas,Cantidad,15895,OMP 03
01/07/2024,Extracciones en ATM con Tarjetas Prepagas,Cantidad,13570,OMP 03
01/08/2024,Extracciones en ATM con Tarjetas Prepagas,Cantidad,20056,OMP 03
01/09/2024,Extracciones en ATM con Tarjetas Prepagas,Cantidad,21289,OMP 03
01/10/2024,Extracciones en ATM con Tarjetas Prepagas,Cantidad,21320,OMP 03
01/11/2024,Extracciones en ATM con Tarjetas Prepagas,Cantidad,19333,OMP 03
01/12/2024,Extracciones en ATM con Tarjetas Prepagas,Cantidad,23623,OMP 03
01/01/2025,Extracciones en ATM con Tarjetas Prepagas,Cantidad,18274,OMP 03
01/02/2025,Extracciones en ATM con Tarjetas Prepagas,Cantidad,17296,OMP 03
01/03/2025,Extracciones en ATM con Tarjetas Prepagas,Cantidad,21352,OMP 03
01/04/2025,Extracciones en ATM con Tarjetas Prepagas,Cantidad,18482,OMP 03
01/05/2025,Extracciones en ATM con Tarjetas Prepagas,Cantidad,20206,OMP 03
01/06/2025,Extracciones en ATM con Tarjetas Prepagas,Cantidad,20551,OMP 03
01/07/2025,Extracciones en ATM con Tarjetas Prepagas,Cantidad,21396,OMP 03
01/08/2025,Extracciones en ATM con Tarjetas Prepagas,Cantidad,20239,OMP 03
01/09/2025,Extracciones en ATM con Tarjetas Prepagas,Cantidad,19335,OMP 03
01/10/2025,Extracciones en ATM con Tarjetas Prepagas,Cantidad,20925,OMP 03
01/11/2025,Extracciones en ATM con Tarjetas Prepagas,Cantidad,18562,OMP 03
01/12/2025,Extracciones en ATM con Tarjetas Prepagas,Cantidad,19252,OMP 03
01/01/2026,Extracciones en ATM con Tarjetas Prepagas,Cantidad,17835,OMP 03
01/02/2026,Extracciones en ATM con Tarjetas Prepagas,Cantidad,17803,OMP 03
01/03/2026,Extracciones en ATM con Tarjetas Prepagas,Cantidad,20808,OMP 03
01/04/2026,Extracciones en ATM con Tarjetas Prepagas,Cantidad,19389,OMP 03
01/05/2026,Extracciones en ATM con Tarjetas Prepagas,Cantidad,20569,OMP 03
01/06/2026,Extracciones en ATM con Tarjetas Prepagas,Cantidad,21469,OMP 03
01/01/2018,Extracciones en ATM con Tarjetas Prepagas,Monto,9905790000,OMP 03
01/02/2018,Extracciones en ATM con Tarjetas Prepagas,Monto,10003940000,OMP 03
01/03/2018,Extracciones en ATM con Tarjetas Prepagas,Monto,11211570000,OMP 03
01/04/2018,Extracciones en ATM con Tarjetas Prepagas,Monto,12511240000,OMP 03
01/05/2018,Extracciones en ATM con Tarjetas Prepagas,Monto,10490500000,OMP 03
01/06/2018,Extracciones en ATM con Tarjetas Prepagas,Monto,9787400000,OMP 03
01/07/2018,Extracciones en ATM con Tarjetas Prepagas,Monto,11257870000,OMP 03
01/08/2018,Extracciones en ATM con Tarjetas Prepagas,Monto,11607690000,OMP 03
01/09/2018,Extracciones en ATM con Tarjetas Prepagas,Monto,9840170000,OMP 03
01/10/2018,Extracciones en ATM con Tarjetas Prepagas,Monto,10010480000,OMP 03
01/11/2018,Extracciones en ATM con Tarjetas Prepagas,Monto,10317000000,OMP 03
01/12/2018,Extracciones en ATM con Tarjetas Prepagas,Monto,12098950000,OMP 03
01/01/2019,Extracciones en ATM con Tarjetas Prepagas,Monto,10349510000,OMP 03
01/02/2019,Extracciones en ATM con Tarjetas Prepagas,Monto,10067710000,OMP 03
01/03/2019,Extracciones en ATM con Tarjetas Prepagas,Monto,10350590000,OMP 03
01/04/2019,Extracciones en ATM con Tarjetas Prepagas,Monto,9570620000,OMP 03
01/05/2019,Extracciones en ATM con Tarjetas Prepagas,Monto,12622280000,OMP 03
01/06/2019,Extracciones en ATM con Tarjetas Prepagas,Monto,9426460000,OMP 03
01/07/2019,Extracciones en ATM con Tarjetas Prepagas,Monto,11004920000,OMP 03
01/08/2019,Extracciones en ATM con Tarjetas Prepagas,Monto,10564520000,OMP 03
01/09/2019,Extracciones en ATM con Tarjetas Prepagas,Monto,9759270000,OMP 03
01/10/2019,Extracciones en ATM con Tarjetas Prepagas,Monto,11499650000,OMP 03
01/11/2019,Extracciones en ATM con Tarjetas Prepagas,Monto,10417470000,OMP 03
01/12/2019,Extracciones en ATM con Tarjetas Prepagas,Monto,12020260000,OMP 03
01/01/2020,Extracciones en ATM con Tarjetas Prepagas,Monto,10308360000,OMP 03
01/02/2020,Extracciones en ATM con Tarjetas Prepagas,Monto,10226550000,OMP 03
01/03/2020,Extracciones en ATM con Tarjetas Prepagas,Monto,9188350000,OMP 03
01/04/2020,Extracciones en ATM con Tarjetas Prepagas,Monto,6076800000,OMP 03
01/05/2020,Extracciones en ATM con Tarjetas Prepagas,Monto,6584520000,OMP 03
01/06/2020,Extracciones en ATM con Tarjetas Prepagas,Monto,10059380000,OMP 03
01/07/2020,Extracciones en ATM con Tarjetas Prepagas,Monto,10771870000,OMP 03
01/08/2020,Extracciones en ATM con Tarjetas Prepagas,Monto,10545030000,OMP 03
01/09/2020,Extracciones en ATM con Tarjetas Prepagas,Monto,10385390000,OMP 03
01/10/2020,Extracciones en ATM con Tarjetas Prepagas,Monto,10628940000,OMP 03
01/11/2020,Extracciones en ATM con Tarjetas Prepagas,Monto,11332850000,OMP 03
01/12/2020,Extracciones en ATM con Tarjetas Prepagas,Monto,12670780000,OMP 03
01/01/2021,Extracciones en ATM con Tarjetas Prepagas,Monto,10499790000,OMP 03
01/02/2021,Extracciones en ATM con Tarjetas Prepagas,Monto,10291570000,OMP 03
01/03/2021,Extracciones en ATM con Tarjetas Prepagas,Monto,11277450000,OMP 03
01/04/2021,Extracciones en ATM con Tarjetas Prepagas,Monto,9666830000,OMP 03
01/05/2021,Extracciones en ATM con Tarjetas Prepagas,Monto,11282290000,OMP 03
01/06/2021,Extracciones en ATM con Tarjetas Prepagas,Monto,10940930000,OMP 03
01/07/2021,Extracciones en ATM con Tarjetas Prepagas,Monto,12134610000,OMP 03
01/08/2021,Extracciones en ATM con Tarjetas Prepagas,Monto,13469190000,OMP 03
01/09/2021,Extracciones en ATM con Tarjetas Prepagas,Monto,13030480000,OMP 03
01/10/2021,Extracciones en ATM con Tarjetas Prepagas,Monto,12793070000,OMP 03
01/11/2021,Extracciones en ATM con Tarjetas Prepagas,Monto,13750230000,OMP 03
01/12/2021,Extracciones en ATM con Tarjetas Prepagas,Monto,24764330000,OMP 03
01/01/2022,Extracciones en ATM con Tarjetas Prepagas,Monto,17663210000,OMP 03
01/02/2022,Extracciones en ATM con Tarjetas Prepagas,Monto,16459820000,OMP 03
01/03/2022,Extracciones en ATM con Tarjetas Prepagas,Monto,20239940000,OMP 03
01/04/2022,Extracciones en ATM con Tarjetas Prepagas,Monto,19114320000,OMP 03
01/05/2022,Extracciones en ATM con Tarjetas Prepagas,Monto,18359760897,OMP 03
01/06/2022,Extracciones en ATM con Tarjetas Prepagas,Monto,8204800000,OMP 03
01/07/2022,Extracciones en ATM con Tarjetas Prepagas,Monto,21240350000,OMP 03
01/08/2022,Extracciones en ATM con Tarjetas Prepagas,Monto,21142330000,OMP 03
01/09/2022,Extracciones en ATM con Tarjetas Prepagas,Monto,22274750000,OMP 03
01/10/2022,Extracciones en ATM con Tarjetas Prepagas,Monto,20333368800,OMP 03
01/11/2022,Extracciones en ATM con Tarjetas Prepagas,Monto,19672140000,OMP 03
01/12/2022,Extracciones en ATM con Tarjetas Prepagas,Monto,23538790000,OMP 03
01/01/2023,Extracciones en ATM con Tarjetas Prepagas,Monto,18288430000,OMP 03
01/02/2023,Extracciones en ATM con Tarjetas Prepagas,Monto,16640490000,OMP 03
01/03/2023,Extracciones en ATM con Tarjetas Prepagas,Monto,18255770000,OMP 03
01/04/2023,Extracciones en ATM con Tarjetas Prepagas,Monto,17602250000,OMP 03
01/05/2023,Extracciones en ATM con Tarjetas Prepagas,Monto,16487840000,OMP 03
01/06/2023,Extracciones en ATM con Tarjetas Prepagas,Monto,15624750000,OMP 03
01/07/2023,Extracciones en ATM con Tarjetas Prepagas,Monto,22449270000,OMP 03
01/08/2023,Extracciones en ATM con Tarjetas Prepagas,Monto,17191440000,OMP 03
01/09/2023,Extracciones en ATM con Tarjetas Prepagas,Monto,14439930000,OMP 03
01/10/2023,Extracciones en ATM con Tarjetas Prepagas,Monto,5060490000,OMP 03
01/11/2023,Extracciones en ATM con Tarjetas Prepagas,Monto,14532730000,OMP 03
01/12/2023,Extracciones en ATM con Tarjetas Prepagas,Monto,15334200000,OMP 03
01/01/2024,Extracciones en ATM con Tarjetas Prepagas,Monto,12143610000,OMP 03
01/02/2024,Extracciones en ATM con Tarjetas Prepagas,Monto,11346047000,OMP 03
01/03/2024,Extracciones en ATM con Tarjetas Prepagas,Monto,3786111500,OMP 03
01/04/2024,Extracciones en ATM con Tarjetas Prepagas,Monto,18656783156,OMP 03
01/05/2024,Extracciones en ATM con Tarjetas Prepagas,Monto,11912841000,OMP 03
01/06/2024,Extracciones en ATM con Tarjetas Prepagas,Monto,12422742630,OMP 03
01/07/2024,Extracciones en ATM con Tarjetas Prepagas,Monto,10973723500,OMP 03
01/08/2024,Extracciones en ATM con Tarjetas Prepagas,Monto,13736645519,OMP 03
01/09/2024,Extracciones en ATM con Tarjetas Prepagas,Monto,15106712097,OMP 03
01/10/2024,Extracciones en ATM con Tarjetas Prepagas,Monto,15354459468,OMP 03
01/11/2024,Extracciones en ATM con Tarjetas Prepagas,Monto,13218691107,OMP 03
01/12/2024,Extracciones en ATM con Tarjetas Prepagas,Monto,17759131945,OMP 03
01/01/2025,Extracciones en ATM con Tarjetas Prepagas,Monto,11484843544,OMP 03
01/02/2025,Extracciones en ATM con Tarjetas Prepagas,Monto,11079904847,OMP 03
01/03/2025,Extracciones en ATM con Tarjetas Prepagas,Monto,13317189776,OMP 03
01/04/2025,Extracciones en ATM con Tarjetas Prepagas,Monto,12239714743,OMP 03
01/05/2025,Extracciones en ATM con Tarjetas Prepagas,Monto,13524926130,OMP 03
01/06/2025,Extracciones en ATM con Tarjetas Prepagas,Monto,12807252262,OMP 03
01/07/2025,Extracciones en ATM con Tarjetas Prepagas,Monto,12731169643,OMP 03
01/08/2025,Extracciones en ATM con Tarjetas Prepagas,Monto,10379890707,OMP 03
01/09/2025,Extracciones en ATM con Tarjetas Prepagas,Monto,9865709988,OMP 03
01/10/2025,Extracciones en ATM con Tarjetas Prepagas,Monto,10304932709,OMP 03
01/11/2025,Extracciones en ATM con Tarjetas Prepagas,Monto,9183967344,OMP 03
01/12/2025,Extracciones en ATM con Tarjetas Prepagas,Monto,10036864170,OMP 03
01/01/2026,Extracciones en ATM con Tarjetas Prepagas,Monto,8740901276,OMP 03
01/02/2026,Extracciones en ATM con Tarjetas Prepagas,Monto,8207814826,OMP 03
01/03/2026,Extracciones en ATM con Tarjetas Prepagas,Monto,10078385662,OMP 03
01/04/2026,Extracciones en ATM con Tarjetas Prepagas,Monto,9024625874,OMP 03
01/05/2026,Extracciones en ATM con Tarjetas Prepagas,Monto,9384173853,OMP 03
01/06/2026,Extracciones en ATM con Tarjetas Prepagas,Monto,10213356755,OMP 03
01/01/2018,Cantidad de ATM por Operadora,BANCARD S.A.,1053,OMP 04
01/02/2018,Cantidad de ATM por Operadora,BANCARD S.A.,1053,OMP 04
01/03/2018,Cantidad de ATM por Operadora,BANCARD S.A.,1055,OMP 04
01/04/2018,Cantidad de ATM por Operadora,BANCARD S.A.,1058,OMP 04
01/05/2018,Cantidad de ATM por Operadora,BANCARD S.A.,1056,OMP 04
01/06/2018,Cantidad de ATM por Operadora,BANCARD S.A.,1062,OMP 04
01/07/2018,Cantidad de ATM por Operadora,BANCARD S.A.,1059,OMP 04
01/08/2018,Cantidad de ATM por Operadora,BANCARD S.A.,1053,OMP 04
01/09/2018,Cantidad de ATM por Operadora,BANCARD S.A.,1060,OMP 04
01/10/2018,Cantidad de ATM por Operadora,BANCARD S.A.,1062,OMP 04
01/11/2018,Cantidad de ATM por Operadora,BANCARD S.A.,1066,OMP 04
01/12/2018,Cantidad de ATM por Operadora,BANCARD S.A.,1068,OMP 04
01/01/2019,Cantidad de ATM por Operadora,BANCARD S.A.,1067,OMP 04
01/02/2019,Cantidad de ATM por Operadora,BANCARD S.A.,1066,OMP 04
01/03/2019,Cantidad de ATM por Operadora,BANCARD S.A.,1067,OMP 04
01/04/2019,Cantidad de ATM por Operadora,BANCARD S.A.,1064,OMP 04
01/05/2019,Cantidad de ATM por Operadora,BANCARD S.A.,1039,OMP 04
01/06/2019,Cantidad de ATM por Operadora,BANCARD S.A.,1039,OMP 04
01/07/2019,Cantidad de ATM por Operadora,BANCARD S.A.,1039,OMP 04
01/08/2019,Cantidad de ATM por Operadora,BANCARD S.A.,1038,OMP 04
01/09/2019,Cantidad de ATM por Operadora,BANCARD S.A.,1043,OMP 04
01/10/2019,Cantidad de ATM por Operadora,BANCARD S.A.,1038,OMP 04
01/11/2019,Cantidad de ATM por Operadora,BANCARD S.A.,1040,OMP 04
01/12/2019,Cantidad de ATM por Operadora,BANCARD S.A.,1035,OMP 04
01/01/2020,Cantidad de ATM por Operadora,BANCARD S.A.,1038,OMP 04
01/02/2020,Cantidad de ATM por Operadora,BANCARD S.A.,1038,OMP 04
01/03/2020,Cantidad de ATM por Operadora,BANCARD S.A.,1038,OMP 04
01/04/2020,Cantidad de ATM por Operadora,BANCARD S.A.,1038,OMP 04
01/05/2020,Cantidad de ATM por Operadora,BANCARD S.A.,1039,OMP 04
01/06/2020,Cantidad de ATM por Operadora,BANCARD S.A.,1033,OMP 04
01/07/2020,Cantidad de ATM por Operadora,BANCARD S.A.,1029,OMP 04
01/08/2020,Cantidad de ATM por Operadora,BANCARD S.A.,1029,OMP 04
01/09/2020,Cantidad de ATM por Operadora,BANCARD S.A.,1030,OMP 04
01/10/2020,Cantidad de ATM por Operadora,BANCARD S.A.,1033,OMP 04
01/11/2020,Cantidad de ATM por Operadora,BANCARD S.A.,1043,OMP 04
01/12/2020,Cantidad de ATM por Operadora,BANCARD S.A.,1046,OMP 04
01/01/2021,Cantidad de ATM por Operadora,BANCARD S.A.,1042,OMP 04
01/02/2021,Cantidad de ATM por Operadora,BANCARD S.A.,1043,OMP 04
01/03/2021,Cantidad de ATM por Operadora,BANCARD S.A.,1045,OMP 04
01/04/2021,Cantidad de ATM por Operadora,BANCARD S.A.,1045,OMP 04
01/05/2021,Cantidad de ATM por Operadora,BANCARD S.A.,1046,OMP 04
01/06/2021,Cantidad de ATM por Operadora,BANCARD S.A.,1045,OMP 04
01/07/2021,Cantidad de ATM por Operadora,BANCARD S.A.,1047,OMP 04
01/08/2021,Cantidad de ATM por Operadora,BANCARD S.A.,1047,OMP 04
01/09/2021,Cantidad de ATM por Operadora,BANCARD S.A.,1049,OMP 04
01/10/2021,Cantidad de ATM por Operadora,BANCARD S.A.,1015,OMP 04
01/11/2021,Cantidad de ATM por Operadora,BANCARD S.A.,988,OMP 04
01/12/2021,Cantidad de ATM por Operadora,BANCARD S.A.,990,OMP 04
01/01/2022,Cantidad de ATM por Operadora,BANCARD S.A.,990,OMP 04
01/02/2022,Cantidad de ATM por Operadora,BANCARD S.A.,993,OMP 04
01/03/2022,Cantidad de ATM por Operadora,BANCARD S.A.,997,OMP 04
01/04/2022,Cantidad de ATM por Operadora,BANCARD S.A.,997,OMP 04
01/05/2022,Cantidad de ATM por Operadora,BANCARD S.A.,1000,OMP 04
01/06/2022,Cantidad de ATM por Operadora,BANCARD S.A.,990,OMP 04
01/07/2022,Cantidad de ATM por Operadora,BANCARD S.A.,976,OMP 04
01/08/2022,Cantidad de ATM por Operadora,BANCARD S.A.,972,OMP 04
01/09/2022,Cantidad de ATM por Operadora,BANCARD S.A.,969,OMP 04
01/10/2022,Cantidad de ATM por Operadora,BANCARD S.A.,972,OMP 04
01/11/2022,Cantidad de ATM por Operadora,BANCARD S.A.,979,OMP 04
01/12/2022,Cantidad de ATM por Operadora,BANCARD S.A.,980,OMP 04
01/01/2023,Cantidad de ATM por Operadora,BANCARD S.A.,974,OMP 04
01/02/2023,Cantidad de ATM por Operadora,BANCARD S.A.,977,OMP 04
01/03/2023,Cantidad de ATM por Operadora,BANCARD S.A.,976,OMP 04
01/04/2023,Cantidad de ATM por Operadora,BANCARD S.A.,977,OMP 04
01/05/2023,Cantidad de ATM por Operadora,BANCARD S.A.,981,OMP 04
01/06/2023,Cantidad de ATM por Operadora,BANCARD S.A.,960,OMP 04
01/07/2023,Cantidad de ATM por Operadora,BANCARD S.A.,966,OMP 04
01/08/2023,Cantidad de ATM por Operadora,BANCARD S.A.,969,OMP 04
01/09/2023,Cantidad de ATM por Operadora,BANCARD S.A.,974,OMP 04
01/10/2023,Cantidad de ATM por Operadora,BANCARD S.A.,976,OMP 04
01/11/2023,Cantidad de ATM por Operadora,BANCARD S.A.,976,OMP 04
01/12/2023,Cantidad de ATM por Operadora,BANCARD S.A.,974,OMP 04
01/01/2024,Cantidad de ATM por Operadora,BANCARD S.A.,970,OMP 04
01/02/2024,Cantidad de ATM por Operadora,BANCARD S.A.,966,OMP 04
01/03/2024,Cantidad de ATM por Operadora,BANCARD S.A.,967,OMP 04
01/04/2024,Cantidad de ATM por Operadora,BANCARD S.A.,969,OMP 04
01/05/2024,Cantidad de ATM por Operadora,BANCARD S.A.,969,OMP 04
01/06/2024,Cantidad de ATM por Operadora,BANCARD S.A.,871,OMP 04
01/07/2024,Cantidad de ATM por Operadora,BANCARD S.A.,869,OMP 04
01/08/2024,Cantidad de ATM por Operadora,BANCARD S.A.,875,OMP 04
01/09/2024,Cantidad de ATM por Operadora,BANCARD S.A.,878,OMP 04
01/10/2024,Cantidad de ATM por Operadora,BANCARD S.A.,879,OMP 04
01/11/2024,Cantidad de ATM por Operadora,BANCARD S.A.,886,OMP 04
01/12/2024,Cantidad de ATM por Operadora,BANCARD S.A.,892,OMP 04
01/01/2025,Cantidad de ATM por Operadora,BANCARD S.A.,894,OMP 04
01/02/2025,Cantidad de ATM por Operadora,BANCARD S.A.,856,OMP 04
01/03/2025,Cantidad de ATM por Operadora,BANCARD S.A.,849,OMP 04
01/04/2025,Cantidad de ATM por Operadora,BANCARD S.A.,844,OMP 04
01/05/2025,Cantidad de ATM por Operadora,BANCARD S.A.,847,OMP 04
01/06/2025,Cantidad de ATM por Operadora,BANCARD S.A.,851,OMP 04
01/07/2025,Cantidad de ATM por Operadora,BANCARD S.A.,883,OMP 04
01/08/2025,Cantidad de ATM por Operadora,BANCARD S.A.,864,OMP 04
01/09/2025,Cantidad de ATM por Operadora,BANCARD S.A.,877,OMP 04
01/10/2025,Cantidad de ATM por Operadora,BANCARD S.A.,887,OMP 04
01/11/2025,Cantidad de ATM por Operadora,BANCARD S.A.,889,OMP 04
01/12/2025,Cantidad de ATM por Operadora,BANCARD S.A.,893,OMP 04
01/01/2026,Cantidad de ATM por Operadora,BANCARD S.A.,897,OMP 04
01/02/2026,Cantidad de ATM por Operadora,BANCARD S.A.,898,OMP 04
01/03/2026,Cantidad de ATM por Operadora,BANCARD S.A.,898,OMP 04
01/04/2026,Cantidad de ATM por Operadora,BANCARD S.A.,899,OMP 04
01/05/2026,Cantidad de ATM por Operadora,BANCARD S.A.,897,OMP 04
01/06/2026,Cantidad de ATM por Operadora,BANCARD S.A.,896,OMP 04
01/01/2018,Cantidad de ATM por Operadora,BEPSA DEL PARAGUAY S.A.E.C.A,310,OMP 04
01/02/2018,Cantidad de ATM por Operadora,BEPSA DEL PARAGUAY S.A.E.C.A,310,OMP 04
01/03/2018,Cantidad de ATM por Operadora,BEPSA DEL PARAGUAY S.A.E.C.A,311,OMP 04
01/04/2018,Cantidad de ATM por Operadora,BEPSA DEL PARAGUAY S.A.E.C.A,312,OMP 04
01/05/2018,Cantidad de ATM por Operadora,BEPSA DEL PARAGUAY S.A.E.C.A,312,OMP 04
01/06/2018,Cantidad de ATM por Operadora,BEPSA DEL PARAGUAY S.A.E.C.A,315,OMP 04
01/07/2018,Cantidad de ATM por Operadora,BEPSA DEL PARAGUAY S.A.E.C.A,318,OMP 04
01/08/2018,Cantidad de ATM por Operadora,BEPSA DEL PARAGUAY S.A.E.C.A,321,OMP 04
01/09/2018,Cantidad de ATM por Operadora,BEPSA DEL PARAGUAY S.A.E.C.A,325,OMP 04
01/10/2018,Cantidad de ATM por Operadora,BEPSA DEL PARAGUAY S.A.E.C.A,330,OMP 04
01/11/2018,Cantidad de ATM por Operadora,BEPSA DEL PARAGUAY S.A.E.C.A,330,OMP 04
01/12/2018,Cantidad de ATM por Operadora,BEPSA DEL PARAGUAY S.A.E.C.A,330,OMP 04
01/01/2019,Cantidad de ATM por Operadora,BEPSA DEL PARAGUAY S.A.E.C.A,335,OMP 04
01/02/2019,Cantidad de ATM por Operadora,BEPSA DEL PARAGUAY S.A.E.C.A,347,OMP 04
01/03/2019,Cantidad de ATM por Operadora,BEPSA DEL PARAGUAY S.A.E.C.A,351,OMP 04
01/04/2019,Cantidad de ATM por Operadora,BEPSA DEL PARAGUAY S.A.E.C.A,369,OMP 04
01/05/2019,Cantidad de ATM por Operadora,BEPSA DEL PARAGUAY S.A.E.C.A,376,OMP 04
01/06/2019,Cantidad de ATM por Operadora,BEPSA DEL PARAGUAY S.A.E.C.A,378,OMP 04
01/07/2019,Cantidad de ATM por Operadora,BEPSA DEL PARAGUAY S.A.E.C.A,389,OMP 04
01/08/2019,Cantidad de ATM por Operadora,BEPSA DEL PARAGUAY S.A.E.C.A,394,OMP 04
01/09/2019,Cantidad de ATM por Operadora,BEPSA DEL PARAGUAY S.A.E.C.A,400,OMP 04
01/10/2019,Cantidad de ATM por Operadora,BEPSA DEL PARAGUAY S.A.E.C.A,403,OMP 04
01/11/2019,Cantidad de ATM por Operadora,BEPSA DEL PARAGUAY S.A.E.C.A,409,OMP 04
01/12/2019,Cantidad de ATM por Operadora,BEPSA DEL PARAGUAY S.A.E.C.A,409,OMP 04
01/01/2020,Cantidad de ATM por Operadora,BEPSA DEL PARAGUAY S.A.E.C.A,414,OMP 04
01/02/2020,Cantidad de ATM por Operadora,BEPSA DEL PARAGUAY S.A.E.C.A,414,OMP 04
01/03/2020,Cantidad de ATM por Operadora,BEPSA DEL PARAGUAY S.A.E.C.A,422,OMP 04
01/04/2020,Cantidad de ATM por Operadora,BEPSA DEL PARAGUAY S.A.E.C.A,422,OMP 04
01/05/2020,Cantidad de ATM por Operadora,BEPSA DEL PARAGUAY S.A.E.C.A,421,OMP 04
01/06/2020,Cantidad de ATM por Operadora,BEPSA DEL PARAGUAY S.A.E.C.A,430,OMP 04
01/07/2020,Cantidad de ATM por Operadora,BEPSA DEL PARAGUAY S.A.E.C.A,430,OMP 04
01/08/2020,Cantidad de ATM por Operadora,BEPSA DEL PARAGUAY S.A.E.C.A,440,OMP 04
01/09/2020,Cantidad de ATM por Operadora,BEPSA DEL PARAGUAY S.A.E.C.A,445,OMP 04
01/10/2020,Cantidad de ATM por Operadora,BEPSA DEL PARAGUAY S.A.E.C.A,452,OMP 04
01/11/2020,Cantidad de ATM por Operadora,BEPSA DEL PARAGUAY S.A.E.C.A,452,OMP 04
01/12/2020,Cantidad de ATM por Operadora,BEPSA DEL PARAGUAY S.A.E.C.A,459,OMP 04
01/01/2021,Cantidad de ATM por Operadora,BEPSA DEL PARAGUAY S.A.E.C.A,459,OMP 04
01/02/2021,Cantidad de ATM por Operadora,BEPSA DEL PARAGUAY S.A.E.C.A,468,OMP 04
01/03/2021,Cantidad de ATM por Operadora,BEPSA DEL PARAGUAY S.A.E.C.A,471,OMP 04
01/04/2021,Cantidad de ATM por Operadora,BEPSA DEL PARAGUAY S.A.E.C.A,468,OMP 04
01/05/2021,Cantidad de ATM por Operadora,BEPSA DEL PARAGUAY S.A.E.C.A,470,OMP 04
01/06/2021,Cantidad de ATM por Operadora,BEPSA DEL PARAGUAY S.A.E.C.A,472,OMP 04
01/07/2021,Cantidad de ATM por Operadora,BEPSA DEL PARAGUAY S.A.E.C.A,476,OMP 04
01/08/2021,Cantidad de ATM por Operadora,BEPSA DEL PARAGUAY S.A.E.C.A,478,OMP 04
01/09/2021,Cantidad de ATM por Operadora,BEPSA DEL PARAGUAY S.A.E.C.A,481,OMP 04
01/10/2021,Cantidad de ATM por Operadora,BEPSA DEL PARAGUAY S.A.E.C.A,507,OMP 04
01/11/2021,Cantidad de ATM por Operadora,BEPSA DEL PARAGUAY S.A.E.C.A,544,OMP 04
01/12/2021,Cantidad de ATM por Operadora,BEPSA DEL PARAGUAY S.A.E.C.A,544,OMP 04
01/01/2022,Cantidad de ATM por Operadora,BEPSA DEL PARAGUAY S.A.E.C.A,545,OMP 04
01/02/2022,Cantidad de ATM por Operadora,BEPSA DEL PARAGUAY S.A.E.C.A,538,OMP 04
01/03/2022,Cantidad de ATM por Operadora,BEPSA DEL PARAGUAY S.A.E.C.A,538,OMP 04
01/04/2022,Cantidad de ATM por Operadora,BEPSA DEL PARAGUAY S.A.E.C.A,538,OMP 04
01/05/2022,Cantidad de ATM por Operadora,BEPSA DEL PARAGUAY S.A.E.C.A,540,OMP 04
01/06/2022,Cantidad de ATM por Operadora,BEPSA DEL PARAGUAY S.A.E.C.A,566,OMP 04
01/07/2022,Cantidad de ATM por Operadora,BEPSA DEL PARAGUAY S.A.E.C.A,577,OMP 04
01/08/2022,Cantidad de ATM por Operadora,BEPSA DEL PARAGUAY S.A.E.C.A,587,OMP 04
01/09/2022,Cantidad de ATM por Operadora,BEPSA DEL PARAGUAY S.A.E.C.A,585,OMP 04
01/10/2022,Cantidad de ATM por Operadora,BEPSA DEL PARAGUAY S.A.E.C.A,585,OMP 04
01/11/2022,Cantidad de ATM por Operadora,BEPSA DEL PARAGUAY S.A.E.C.A,588,OMP 04
01/12/2022,Cantidad de ATM por Operadora,BEPSA DEL PARAGUAY S.A.E.C.A,597,OMP 04
01/01/2023,Cantidad de ATM por Operadora,BEPSA DEL PARAGUAY S.A.E.C.A,594,OMP 04
01/02/2023,Cantidad de ATM por Operadora,BEPSA DEL PARAGUAY S.A.E.C.A,598,OMP 04
01/03/2023,Cantidad de ATM por Operadora,BEPSA DEL PARAGUAY S.A.E.C.A,581,OMP 04
01/04/2023,Cantidad de ATM por Operadora,BEPSA DEL PARAGUAY S.A.E.C.A,584,OMP 04
01/05/2023,Cantidad de ATM por Operadora,BEPSA DEL PARAGUAY S.A.E.C.A,584,OMP 04
01/06/2023,Cantidad de ATM por Operadora,BEPSA DEL PARAGUAY S.A.E.C.A,586,OMP 04
01/07/2023,Cantidad de ATM por Operadora,BEPSA DEL PARAGUAY S.A.E.C.A,585,OMP 04
01/08/2023,Cantidad de ATM por Operadora,BEPSA DEL PARAGUAY S.A.E.C.A,589,OMP 04
01/09/2023,Cantidad de ATM por Operadora,BEPSA DEL PARAGUAY S.A.E.C.A,589,OMP 04
01/10/2023,Cantidad de ATM por Operadora,BEPSA DEL PARAGUAY S.A.E.C.A,589,OMP 04
01/11/2023,Cantidad de ATM por Operadora,BEPSA DEL PARAGUAY S.A.E.C.A,592,OMP 04
01/12/2023,Cantidad de ATM por Operadora,BEPSA DEL PARAGUAY S.A.E.C.A,597,OMP 04
01/01/2024,Cantidad de ATM por Operadora,BEPSA DEL PARAGUAY S.A.E.C.A,598,OMP 04
01/02/2024,Cantidad de ATM por Operadora,BEPSA DEL PARAGUAY S.A.E.C.A,603,OMP 04
01/03/2024,Cantidad de ATM por Operadora,BEPSA DEL PARAGUAY S.A.E.C.A,603,OMP 04
01/04/2024,Cantidad de ATM por Operadora,BEPSA DEL PARAGUAY S.A.E.C.A,605,OMP 04
01/05/2024,Cantidad de ATM por Operadora,BEPSA DEL PARAGUAY S.A.E.C.A,604,OMP 04
01/06/2024,Cantidad de ATM por Operadora,BEPSA DEL PARAGUAY S.A.E.C.A,610,OMP 04
01/07/2024,Cantidad de ATM por Operadora,BEPSA DEL PARAGUAY S.A.E.C.A,609,OMP 04
01/08/2024,Cantidad de ATM por Operadora,BEPSA DEL PARAGUAY S.A.E.C.A,615,OMP 04
01/09/2024,Cantidad de ATM por Operadora,BEPSA DEL PARAGUAY S.A.E.C.A,622,OMP 04
01/10/2024,Cantidad de ATM por Operadora,BEPSA DEL PARAGUAY S.A.E.C.A,616,OMP 04
01/11/2024,Cantidad de ATM por Operadora,BEPSA DEL PARAGUAY S.A.E.C.A,619,OMP 04
01/12/2024,Cantidad de ATM por Operadora,BEPSA DEL PARAGUAY S.A.E.C.A,627,OMP 04
01/01/2025,Cantidad de ATM por Operadora,BEPSA DEL PARAGUAY S.A.E.C.A,626,OMP 04
01/02/2025,Cantidad de ATM por Operadora,BEPSA DEL PARAGUAY S.A.E.C.A,623,OMP 04
01/03/2025,Cantidad de ATM por Operadora,BEPSA DEL PARAGUAY S.A.E.C.A,629,OMP 04
01/04/2025,Cantidad de ATM por Operadora,BEPSA DEL PARAGUAY S.A.E.C.A,628,OMP 04
01/05/2025,Cantidad de ATM por Operadora,BEPSA DEL PARAGUAY S.A.E.C.A,628,OMP 04
01/06/2025,Cantidad de ATM por Operadora,BEPSA DEL PARAGUAY S.A.E.C.A,627,OMP 04
01/07/2025,Cantidad de ATM por Operadora,BEPSA DEL PARAGUAY S.A.E.C.A,621,OMP 04
01/08/2025,Cantidad de ATM por Operadora,BEPSA DEL PARAGUAY S.A.E.C.A,622,OMP 04
01/09/2025,Cantidad de ATM por Operadora,BEPSA DEL PARAGUAY S.A.E.C.A,613,OMP 04
01/10/2025,Cantidad de ATM por Operadora,BEPSA DEL PARAGUAY S.A.E.C.A,602,OMP 04
01/11/2025,Cantidad de ATM por Operadora,BEPSA DEL PARAGUAY S.A.E.C.A,604,OMP 04
01/12/2025,Cantidad de ATM por Operadora,BEPSA DEL PARAGUAY S.A.E.C.A,604,OMP 04
01/01/2026,Cantidad de ATM por Operadora,BEPSA DEL PARAGUAY S.A.E.C.A,606,OMP 04
01/02/2026,Cantidad de ATM por Operadora,BEPSA DEL PARAGUAY S.A.E.C.A,604,OMP 04
01/03/2026,Cantidad de ATM por Operadora,BEPSA DEL PARAGUAY S.A.E.C.A,605,OMP 04
01/04/2026,Cantidad de ATM por Operadora,BEPSA DEL PARAGUAY S.A.E.C.A,605,OMP 04
01/05/2026,Cantidad de ATM por Operadora,BEPSA DEL PARAGUAY S.A.E.C.A,606,OMP 04
01/06/2026,Cantidad de ATM por Operadora,BEPSA DEL PARAGUAY S.A.E.C.A,607,OMP 04
01/10/2024,Cantidad de ATM por Operadora,UPAY,13,OMP 04
01/11/2024,Cantidad de ATM por Operadora,UPAY,447,OMP 04
01/12/2024,Cantidad de ATM por Operadora,UPAY,462,OMP 04
01/01/2025,Cantidad de ATM por Operadora,UPAY,505,OMP 04
01/02/2025,Cantidad de ATM por Operadora,UPAY,540,OMP 04
01/03/2025,Cantidad de ATM por Operadora,UPAY,632,OMP 04
01/04/2025,Cantidad de ATM por Operadora,UPAY,672,OMP 04
01/05/2025,Cantidad de ATM por Operadora,UPAY,689,OMP 04
01/06/2025,Cantidad de ATM por Operadora,UPAY,695,OMP 04
01/07/2025,Cantidad de ATM por Operadora,UPAY,716,OMP 04
01/08/2025,Cantidad de ATM por Operadora,UPAY,759,OMP 04
01/09/2025,Cantidad de ATM por Operadora,UPAY,789,OMP 04
01/10/2025,Cantidad de ATM por Operadora,UPAY,853,OMP 04
01/11/2025,Cantidad de ATM por Operadora,UPAY,850,OMP 04
01/12/2025,Cantidad de ATM por Operadora,UPAY,842,OMP 04
01/01/2026,Cantidad de ATM por Operadora,UPAY,844,OMP 04
01/02/2026,Cantidad de ATM por Operadora,UPAY,847,OMP 04
01/03/2026,Cantidad de ATM por Operadora,UPAY,858,OMP 04
01/04/2026,Cantidad de ATM por Operadora,UPAY,843,OMP 04
01/05/2026,Cantidad de ATM por Operadora,UPAY,845,OMP 04
01/06/2026,Cantidad de ATM por Operadora,UPAY,844,OMP 04
01/01/2018,Cantidad de Comercios Adheridos por Operadora,BANCARD S.A.,25530,OMP 04
01/02/2018,Cantidad de Comercios Adheridos por Operadora,BANCARD S.A.,25794,OMP 04
01/03/2018,Cantidad de Comercios Adheridos por Operadora,BANCARD S.A.,26164,OMP 04
01/04/2018,Cantidad de Comercios Adheridos por Operadora,BANCARD S.A.,26664,OMP 04
01/05/2018,Cantidad de Comercios Adheridos por Operadora,BANCARD S.A.,27112,OMP 04
01/06/2018,Cantidad de Comercios Adheridos por Operadora,BANCARD S.A.,27263,OMP 04
01/07/2018,Cantidad de Comercios Adheridos por Operadora,BANCARD S.A.,27639,OMP 04
01/08/2018,Cantidad de Comercios Adheridos por Operadora,BANCARD S.A.,27974,OMP 04
01/09/2018,Cantidad de Comercios Adheridos por Operadora,BANCARD S.A.,28249,OMP 04
01/10/2018,Cantidad de Comercios Adheridos por Operadora,BANCARD S.A.,28555,OMP 04
01/11/2018,Cantidad de Comercios Adheridos por Operadora,BANCARD S.A.,28790,OMP 04
01/12/2018,Cantidad de Comercios Adheridos por Operadora,BANCARD S.A.,29132,OMP 04
01/01/2019,Cantidad de Comercios Adheridos por Operadora,BANCARD S.A.,29168,OMP 04
01/02/2019,Cantidad de Comercios Adheridos por Operadora,BANCARD S.A.,29484,OMP 04
01/03/2019,Cantidad de Comercios Adheridos por Operadora,BANCARD S.A.,29672,OMP 04
01/04/2019,Cantidad de Comercios Adheridos por Operadora,BANCARD S.A.,29589,OMP 04
01/05/2019,Cantidad de Comercios Adheridos por Operadora,BANCARD S.A.,29716,OMP 04
01/06/2019,Cantidad de Comercios Adheridos por Operadora,BANCARD S.A.,29836,OMP 04
01/07/2019,Cantidad de Comercios Adheridos por Operadora,BANCARD S.A.,30102,OMP 04
01/08/2019,Cantidad de Comercios Adheridos por Operadora,BANCARD S.A.,30127,OMP 04
01/09/2019,Cantidad de Comercios Adheridos por Operadora,BANCARD S.A.,30299,OMP 04
01/10/2019,Cantidad de Comercios Adheridos por Operadora,BANCARD S.A.,30672,OMP 04
01/11/2019,Cantidad de Comercios Adheridos por Operadora,BANCARD S.A.,30840,OMP 04
01/12/2019,Cantidad de Comercios Adheridos por Operadora,BANCARD S.A.,31024,OMP 04
01/01/2020,Cantidad de Comercios Adheridos por Operadora,BANCARD S.A.,31044,OMP 04
01/02/2020,Cantidad de Comercios Adheridos por Operadora,BANCARD S.A.,31219,OMP 04
01/03/2020,Cantidad de Comercios Adheridos por Operadora,BANCARD S.A.,31268,OMP 04
01/04/2020,Cantidad de Comercios Adheridos por Operadora,BANCARD S.A.,32298,OMP 04
01/05/2020,Cantidad de Comercios Adheridos por Operadora,BANCARD S.A.,33319,OMP 04
01/06/2020,Cantidad de Comercios Adheridos por Operadora,BANCARD S.A.,33495,OMP 04
01/07/2020,Cantidad de Comercios Adheridos por Operadora,BANCARD S.A.,33131,OMP 04
01/08/2020,Cantidad de Comercios Adheridos por Operadora,BANCARD S.A.,33149,OMP 04
01/09/2020,Cantidad de Comercios Adheridos por Operadora,BANCARD S.A.,33208,OMP 04
01/10/2020,Cantidad de Comercios Adheridos por Operadora,BANCARD S.A.,33449,OMP 04
01/11/2020,Cantidad de Comercios Adheridos por Operadora,BANCARD S.A.,33496,OMP 04
01/12/2020,Cantidad de Comercios Adheridos por Operadora,BANCARD S.A.,33982,OMP 04
01/01/2021,Cantidad de Comercios Adheridos por Operadora,BANCARD S.A.,34342,OMP 04
01/02/2021,Cantidad de Comercios Adheridos por Operadora,BANCARD S.A.,34811,OMP 04
01/03/2021,Cantidad de Comercios Adheridos por Operadora,BANCARD S.A.,34991,OMP 04
01/04/2021,Cantidad de Comercios Adheridos por Operadora,BANCARD S.A.,35238,OMP 04
01/05/2021,Cantidad de Comercios Adheridos por Operadora,BANCARD S.A.,35404,OMP 04
01/06/2021,Cantidad de Comercios Adheridos por Operadora,BANCARD S.A.,35702,OMP 04
01/07/2021,Cantidad de Comercios Adheridos por Operadora,BANCARD S.A.,35939,OMP 04
01/08/2021,Cantidad de Comercios Adheridos por Operadora,BANCARD S.A.,36152,OMP 04
01/09/2021,Cantidad de Comercios Adheridos por Operadora,BANCARD S.A.,35958,OMP 04
01/10/2021,Cantidad de Comercios Adheridos por Operadora,BANCARD S.A.,36146,OMP 04
01/11/2021,Cantidad de Comercios Adheridos por Operadora,BANCARD S.A.,36203,OMP 04
01/12/2021,Cantidad de Comercios Adheridos por Operadora,BANCARD S.A.,36868,OMP 04
01/01/2022,Cantidad de Comercios Adheridos por Operadora,BANCARD S.A.,36930,OMP 04
01/02/2022,Cantidad de Comercios Adheridos por Operadora,BANCARD S.A.,37360,OMP 04
01/03/2022,Cantidad de Comercios Adheridos por Operadora,BANCARD S.A.,37740,OMP 04
01/04/2022,Cantidad de Comercios Adheridos por Operadora,BANCARD S.A.,38010,OMP 04
01/05/2022,Cantidad de Comercios Adheridos por Operadora,BANCARD S.A.,38321,OMP 04
01/06/2022,Cantidad de Comercios Adheridos por Operadora,BANCARD S.A.,38646,OMP 04
01/07/2022,Cantidad de Comercios Adheridos por Operadora,BANCARD S.A.,39044,OMP 04
01/08/2022,Cantidad de Comercios Adheridos por Operadora,BANCARD S.A.,39546,OMP 04
01/09/2022,Cantidad de Comercios Adheridos por Operadora,BANCARD S.A.,40214,OMP 04
01/10/2022,Cantidad de Comercios Adheridos por Operadora,BANCARD S.A.,40554,OMP 04
01/11/2022,Cantidad de Comercios Adheridos por Operadora,BANCARD S.A.,41123,OMP 04
01/12/2022,Cantidad de Comercios Adheridos por Operadora,BANCARD S.A.,41975,OMP 04
01/01/2023,Cantidad de Comercios Adheridos por Operadora,BANCARD S.A.,42594,OMP 04
01/02/2023,Cantidad de Comercios Adheridos por Operadora,BANCARD S.A.,43245,OMP 04
01/03/2023,Cantidad de Comercios Adheridos por Operadora,BANCARD S.A.,43954,OMP 04
01/04/2023,Cantidad de Comercios Adheridos por Operadora,BANCARD S.A.,44728,OMP 04
01/05/2023,Cantidad de Comercios Adheridos por Operadora,BANCARD S.A.,45410,OMP 04
01/06/2023,Cantidad de Comercios Adheridos por Operadora,BANCARD S.A.,46389,OMP 04
01/07/2023,Cantidad de Comercios Adheridos por Operadora,BANCARD S.A.,48196,OMP 04
01/08/2023,Cantidad de Comercios Adheridos por Operadora,BANCARD S.A.,48562,OMP 04
01/09/2023,Cantidad de Comercios Adheridos por Operadora,BANCARD S.A.,49655,OMP 04
01/10/2023,Cantidad de Comercios Adheridos por Operadora,BANCARD S.A.,51052,OMP 04
01/11/2023,Cantidad de Comercios Adheridos por Operadora,BANCARD S.A.,52272,OMP 04
01/12/2023,Cantidad de Comercios Adheridos por Operadora,BANCARD S.A.,53306,OMP 04
01/01/2024,Cantidad de Comercios Adheridos por Operadora,BANCARD S.A.,54280,OMP 04
01/02/2024,Cantidad de Comercios Adheridos por Operadora,BANCARD S.A.,55367,OMP 04
01/03/2024,Cantidad de Comercios Adheridos por Operadora,BANCARD S.A.,56377,OMP 04
01/04/2024,Cantidad de Comercios Adheridos por Operadora,BANCARD S.A.,57531,OMP 04
01/05/2024,Cantidad de Comercios Adheridos por Operadora,BANCARD S.A.,58471,OMP 04
01/06/2024,Cantidad de Comercios Adheridos por Operadora,BANCARD S.A.,59429,OMP 04
01/07/2024,Cantidad de Comercios Adheridos por Operadora,BANCARD S.A.,60493,OMP 04
01/08/2024,Cantidad de Comercios Adheridos por Operadora,BANCARD S.A.,61555,OMP 04
01/09/2024,Cantidad de Comercios Adheridos por Operadora,BANCARD S.A.,63798,OMP 04
01/10/2024,Cantidad de Comercios Adheridos por Operadora,BANCARD S.A.,66682,OMP 04
01/11/2024,Cantidad de Comercios Adheridos por Operadora,BANCARD S.A.,69358,OMP 04
01/12/2024,Cantidad de Comercios Adheridos por Operadora,BANCARD S.A.,70918,OMP 04
01/01/2025,Cantidad de Comercios Adheridos por Operadora,BANCARD S.A.,72212,OMP 04
01/02/2025,Cantidad de Comercios Adheridos por Operadora,BANCARD S.A.,73415,OMP 04
01/03/2025,Cantidad de Comercios Adheridos por Operadora,BANCARD S.A.,74718,OMP 04
01/04/2025,Cantidad de Comercios Adheridos por Operadora,BANCARD S.A.,75638,OMP 04
01/05/2025,Cantidad de Comercios Adheridos por Operadora,BANCARD S.A.,76896,OMP 04
01/06/2025,Cantidad de Comercios Adheridos por Operadora,BANCARD S.A.,77877,OMP 04
01/07/2025,Cantidad de Comercios Adheridos por Operadora,BANCARD S.A.,78922,OMP 04
01/08/2025,Cantidad de Comercios Adheridos por Operadora,BANCARD S.A.,79844,OMP 04
01/09/2025,Cantidad de Comercios Adheridos por Operadora,BANCARD S.A.,80876,OMP 04
01/10/2025,Cantidad de Comercios Adheridos por Operadora,BANCARD S.A.,81965,OMP 04
01/11/2025,Cantidad de Comercios Adheridos por Operadora,BANCARD S.A.,82983,OMP 04
01/12/2025,Cantidad de Comercios Adheridos por Operadora,BANCARD S.A.,83805,OMP 04
01/01/2026,Cantidad de Comercios Adheridos por Operadora,BANCARD S.A.,84158,OMP 04
01/02/2026,Cantidad de Comercios Adheridos por Operadora,BANCARD S.A.,85160,OMP 04
01/03/2026,Cantidad de Comercios Adheridos por Operadora,BANCARD S.A.,86425,OMP 04
01/04/2026,Cantidad de Comercios Adheridos por Operadora,BANCARD S.A.,87493,OMP 04
01/05/2026,Cantidad de Comercios Adheridos por Operadora,BANCARD S.A.,88433,OMP 04
01/06/2026,Cantidad de Comercios Adheridos por Operadora,BANCARD S.A.,89146,OMP 04
01/01/2018,Cantidad de Comercios Adheridos por Operadora,BEPSA DEL PARAGUAY S.A.E.C.A,5251,OMP 04
01/02/2018,Cantidad de Comercios Adheridos por Operadora,BEPSA DEL PARAGUAY S.A.E.C.A,5329,OMP 04
01/03/2018,Cantidad de Comercios Adheridos por Operadora,BEPSA DEL PARAGUAY S.A.E.C.A,5306,OMP 04
01/04/2018,Cantidad de Comercios Adheridos por Operadora,BEPSA DEL PARAGUAY S.A.E.C.A,5248,OMP 04
01/05/2018,Cantidad de Comercios Adheridos por Operadora,BEPSA DEL PARAGUAY S.A.E.C.A,5174,OMP 04
01/06/2018,Cantidad de Comercios Adheridos por Operadora,BEPSA DEL PARAGUAY S.A.E.C.A,5125,OMP 04
01/07/2018,Cantidad de Comercios Adheridos por Operadora,BEPSA DEL PARAGUAY S.A.E.C.A,5057,OMP 04
01/08/2018,Cantidad de Comercios Adheridos por Operadora,BEPSA DEL PARAGUAY S.A.E.C.A,5090,OMP 04
01/09/2018,Cantidad de Comercios Adheridos por Operadora,BEPSA DEL PARAGUAY S.A.E.C.A,5056,OMP 04
01/10/2018,Cantidad de Comercios Adheridos por Operadora,BEPSA DEL PARAGUAY S.A.E.C.A,5015,OMP 04
01/11/2018,Cantidad de Comercios Adheridos por Operadora,BEPSA DEL PARAGUAY S.A.E.C.A,4838,OMP 04
01/12/2018,Cantidad de Comercios Adheridos por Operadora,BEPSA DEL PARAGUAY S.A.E.C.A,4912,OMP 04
01/01/2019,Cantidad de Comercios Adheridos por Operadora,BEPSA DEL PARAGUAY S.A.E.C.A,4859,OMP 04
01/02/2019,Cantidad de Comercios Adheridos por Operadora,BEPSA DEL PARAGUAY S.A.E.C.A,4839,OMP 04
01/03/2019,Cantidad de Comercios Adheridos por Operadora,BEPSA DEL PARAGUAY S.A.E.C.A,4929,OMP 04
01/04/2019,Cantidad de Comercios Adheridos por Operadora,BEPSA DEL PARAGUAY S.A.E.C.A,4945,OMP 04
01/05/2019,Cantidad de Comercios Adheridos por Operadora,BEPSA DEL PARAGUAY S.A.E.C.A,4964,OMP 04
01/06/2019,Cantidad de Comercios Adheridos por Operadora,BEPSA DEL PARAGUAY S.A.E.C.A,4947,OMP 04
01/07/2019,Cantidad de Comercios Adheridos por Operadora,BEPSA DEL PARAGUAY S.A.E.C.A,4965,OMP 04
01/08/2019,Cantidad de Comercios Adheridos por Operadora,BEPSA DEL PARAGUAY S.A.E.C.A,4985,OMP 04
01/09/2019,Cantidad de Comercios Adheridos por Operadora,BEPSA DEL PARAGUAY S.A.E.C.A,5058,OMP 04
01/10/2019,Cantidad de Comercios Adheridos por Operadora,BEPSA DEL PARAGUAY S.A.E.C.A,5091,OMP 04
01/11/2019,Cantidad de Comercios Adheridos por Operadora,BEPSA DEL PARAGUAY S.A.E.C.A,5165,OMP 04
01/12/2019,Cantidad de Comercios Adheridos por Operadora,BEPSA DEL PARAGUAY S.A.E.C.A,5232,OMP 04
01/01/2020,Cantidad de Comercios Adheridos por Operadora,BEPSA DEL PARAGUAY S.A.E.C.A,5235,OMP 04
01/02/2020,Cantidad de Comercios Adheridos por Operadora,BEPSA DEL PARAGUAY S.A.E.C.A,5242,OMP 04
01/03/2020,Cantidad de Comercios Adheridos por Operadora,BEPSA DEL PARAGUAY S.A.E.C.A,5225,OMP 04
01/04/2020,Cantidad de Comercios Adheridos por Operadora,BEPSA DEL PARAGUAY S.A.E.C.A,5506,OMP 04
01/05/2020,Cantidad de Comercios Adheridos por Operadora,BEPSA DEL PARAGUAY S.A.E.C.A,6022,OMP 04
01/06/2020,Cantidad de Comercios Adheridos por Operadora,BEPSA DEL PARAGUAY S.A.E.C.A,6249,OMP 04
01/07/2020,Cantidad de Comercios Adheridos por Operadora,BEPSA DEL PARAGUAY S.A.E.C.A,6436,OMP 04
01/08/2020,Cantidad de Comercios Adheridos por Operadora,BEPSA DEL PARAGUAY S.A.E.C.A,6759,OMP 04
01/09/2020,Cantidad de Comercios Adheridos por Operadora,BEPSA DEL PARAGUAY S.A.E.C.A,6970,OMP 04
01/10/2020,Cantidad de Comercios Adheridos por Operadora,BEPSA DEL PARAGUAY S.A.E.C.A,7138,OMP 04
01/11/2020,Cantidad de Comercios Adheridos por Operadora,BEPSA DEL PARAGUAY S.A.E.C.A,7351,OMP 04
01/12/2020,Cantidad de Comercios Adheridos por Operadora,BEPSA DEL PARAGUAY S.A.E.C.A,7325,OMP 04
01/01/2021,Cantidad de Comercios Adheridos por Operadora,BEPSA DEL PARAGUAY S.A.E.C.A,7493,OMP 04
01/02/2021,Cantidad de Comercios Adheridos por Operadora,BEPSA DEL PARAGUAY S.A.E.C.A,7612,OMP 04
01/03/2021,Cantidad de Comercios Adheridos por Operadora,BEPSA DEL PARAGUAY S.A.E.C.A,7675,OMP 04
01/04/2021,Cantidad de Comercios Adheridos por Operadora,BEPSA DEL PARAGUAY S.A.E.C.A,7733,OMP 04
01/05/2021,Cantidad de Comercios Adheridos por Operadora,BEPSA DEL PARAGUAY S.A.E.C.A,7843,OMP 04
01/06/2021,Cantidad de Comercios Adheridos por Operadora,BEPSA DEL PARAGUAY S.A.E.C.A,7996,OMP 04
01/07/2021,Cantidad de Comercios Adheridos por Operadora,BEPSA DEL PARAGUAY S.A.E.C.A,8135,OMP 04
01/08/2021,Cantidad de Comercios Adheridos por Operadora,BEPSA DEL PARAGUAY S.A.E.C.A,8268,OMP 04
01/09/2021,Cantidad de Comercios Adheridos por Operadora,BEPSA DEL PARAGUAY S.A.E.C.A,8470,OMP 04
01/10/2021,Cantidad de Comercios Adheridos por Operadora,BEPSA DEL PARAGUAY S.A.E.C.A,8680,OMP 04
01/11/2021,Cantidad de Comercios Adheridos por Operadora,BEPSA DEL PARAGUAY S.A.E.C.A,8927,OMP 04
01/12/2021,Cantidad de Comercios Adheridos por Operadora,BEPSA DEL PARAGUAY S.A.E.C.A,9378,OMP 04
01/01/2022,Cantidad de Comercios Adheridos por Operadora,BEPSA DEL PARAGUAY S.A.E.C.A,9662,OMP 04
01/02/2022,Cantidad de Comercios Adheridos por Operadora,BEPSA DEL PARAGUAY S.A.E.C.A,10037,OMP 04
01/03/2022,Cantidad de Comercios Adheridos por Operadora,BEPSA DEL PARAGUAY S.A.E.C.A,10479,OMP 04
01/04/2022,Cantidad de Comercios Adheridos por Operadora,BEPSA DEL PARAGUAY S.A.E.C.A,10866,OMP 04
01/05/2022,Cantidad de Comercios Adheridos por Operadora,BEPSA DEL PARAGUAY S.A.E.C.A,11263,OMP 04
01/06/2022,Cantidad de Comercios Adheridos por Operadora,BEPSA DEL PARAGUAY S.A.E.C.A,11607,OMP 04
01/07/2022,Cantidad de Comercios Adheridos por Operadora,BEPSA DEL PARAGUAY S.A.E.C.A,11829,OMP 04
01/08/2022,Cantidad de Comercios Adheridos por Operadora,BEPSA DEL PARAGUAY S.A.E.C.A,12065,OMP 04
01/09/2022,Cantidad de Comercios Adheridos por Operadora,BEPSA DEL PARAGUAY S.A.E.C.A,12315,OMP 04
01/10/2022,Cantidad de Comercios Adheridos por Operadora,BEPSA DEL PARAGUAY S.A.E.C.A,12575,OMP 04
01/11/2022,Cantidad de Comercios Adheridos por Operadora,BEPSA DEL PARAGUAY S.A.E.C.A,12876,OMP 04
01/12/2022,Cantidad de Comercios Adheridos por Operadora,BEPSA DEL PARAGUAY S.A.E.C.A,13076,OMP 04
01/01/2023,Cantidad de Comercios Adheridos por Operadora,BEPSA DEL PARAGUAY S.A.E.C.A,13135,OMP 04
01/02/2023,Cantidad de Comercios Adheridos por Operadora,BEPSA DEL PARAGUAY S.A.E.C.A,13317,OMP 04
01/03/2023,Cantidad de Comercios Adheridos por Operadora,BEPSA DEL PARAGUAY S.A.E.C.A,13492,OMP 04
01/04/2023,Cantidad de Comercios Adheridos por Operadora,BEPSA DEL PARAGUAY S.A.E.C.A,13703,OMP 04
01/05/2023,Cantidad de Comercios Adheridos por Operadora,BEPSA DEL PARAGUAY S.A.E.C.A,13802,OMP 04
01/06/2023,Cantidad de Comercios Adheridos por Operadora,BEPSA DEL PARAGUAY S.A.E.C.A,13992,OMP 04
01/07/2023,Cantidad de Comercios Adheridos por Operadora,BEPSA DEL PARAGUAY S.A.E.C.A,14297,OMP 04
01/08/2023,Cantidad de Comercios Adheridos por Operadora,BEPSA DEL PARAGUAY S.A.E.C.A,14581,OMP 04
01/09/2023,Cantidad de Comercios Adheridos por Operadora,BEPSA DEL PARAGUAY S.A.E.C.A,14788,OMP 04
01/10/2023,Cantidad de Comercios Adheridos por Operadora,BEPSA DEL PARAGUAY S.A.E.C.A,15102,OMP 04
01/11/2023,Cantidad de Comercios Adheridos por Operadora,BEPSA DEL PARAGUAY S.A.E.C.A,15352,OMP 04
01/12/2023,Cantidad de Comercios Adheridos por Operadora,BEPSA DEL PARAGUAY S.A.E.C.A,15644,OMP 04
01/01/2024,Cantidad de Comercios Adheridos por Operadora,BEPSA DEL PARAGUAY S.A.E.C.A,15887,OMP 04
01/02/2024,Cantidad de Comercios Adheridos por Operadora,BEPSA DEL PARAGUAY S.A.E.C.A,16207,OMP 04
01/03/2024,Cantidad de Comercios Adheridos por Operadora,BEPSA DEL PARAGUAY S.A.E.C.A,16558,OMP 04
01/04/2024,Cantidad de Comercios Adheridos por Operadora,BEPSA DEL PARAGUAY S.A.E.C.A,17108,OMP 04
01/05/2024,Cantidad de Comercios Adheridos por Operadora,BEPSA DEL PARAGUAY S.A.E.C.A,17629,OMP 04
01/06/2024,Cantidad de Comercios Adheridos por Operadora,BEPSA DEL PARAGUAY S.A.E.C.A,18195,OMP 04
01/07/2024,Cantidad de Comercios Adheridos por Operadora,BEPSA DEL PARAGUAY S.A.E.C.A,18789,OMP 04
01/08/2024,Cantidad de Comercios Adheridos por Operadora,BEPSA DEL PARAGUAY S.A.E.C.A,19421,OMP 04
01/09/2024,Cantidad de Comercios Adheridos por Operadora,BEPSA DEL PARAGUAY S.A.E.C.A,19834,OMP 04
01/10/2024,Cantidad de Comercios Adheridos por Operadora,BEPSA DEL PARAGUAY S.A.E.C.A,20082,OMP 04
01/11/2024,Cantidad de Comercios Adheridos por Operadora,BEPSA DEL PARAGUAY S.A.E.C.A,20255,OMP 04
01/12/2024,Cantidad de Comercios Adheridos por Operadora,BEPSA DEL PARAGUAY S.A.E.C.A,20414,OMP 04
01/01/2025,Cantidad de Comercios Adheridos por Operadora,BEPSA DEL PARAGUAY S.A.E.C.A,20360,OMP 04
01/02/2025,Cantidad de Comercios Adheridos por Operadora,BEPSA DEL PARAGUAY S.A.E.C.A,20552,OMP 04
01/03/2025,Cantidad de Comercios Adheridos por Operadora,BEPSA DEL PARAGUAY S.A.E.C.A,20814,OMP 04
01/04/2025,Cantidad de Comercios Adheridos por Operadora,BEPSA DEL PARAGUAY S.A.E.C.A,21071,OMP 04
01/05/2025,Cantidad de Comercios Adheridos por Operadora,BEPSA DEL PARAGUAY S.A.E.C.A,21443,OMP 04
01/06/2025,Cantidad de Comercios Adheridos por Operadora,BEPSA DEL PARAGUAY S.A.E.C.A,21804,OMP 04
01/07/2025,Cantidad de Comercios Adheridos por Operadora,BEPSA DEL PARAGUAY S.A.E.C.A,22193,OMP 04
01/08/2025,Cantidad de Comercios Adheridos por Operadora,BEPSA DEL PARAGUAY S.A.E.C.A,22680,OMP 04
01/09/2025,Cantidad de Comercios Adheridos por Operadora,BEPSA DEL PARAGUAY S.A.E.C.A,23219,OMP 04
01/10/2025,Cantidad de Comercios Adheridos por Operadora,BEPSA DEL PARAGUAY S.A.E.C.A,23931,OMP 04
01/11/2025,Cantidad de Comercios Adheridos por Operadora,BEPSA DEL PARAGUAY S.A.E.C.A,24615,OMP 04
01/12/2025,Cantidad de Comercios Adheridos por Operadora,BEPSA DEL PARAGUAY S.A.E.C.A,25094,OMP 04
01/01/2026,Cantidad de Comercios Adheridos por Operadora,BEPSA DEL PARAGUAY S.A.E.C.A,25067,OMP 04
01/02/2026,Cantidad de Comercios Adheridos por Operadora,BEPSA DEL PARAGUAY S.A.E.C.A,25521,OMP 04
01/03/2026,Cantidad de Comercios Adheridos por Operadora,BEPSA DEL PARAGUAY S.A.E.C.A,25909,OMP 04
01/04/2026,Cantidad de Comercios Adheridos por Operadora,BEPSA DEL PARAGUAY S.A.E.C.A,26290,OMP 04
01/05/2026,Cantidad de Comercios Adheridos por Operadora,BEPSA DEL PARAGUAY S.A.E.C.A,26620,OMP 04
01/06/2026,Cantidad de Comercios Adheridos por Operadora,BEPSA DEL PARAGUAY S.A.E.C.A,26992,OMP 04
01/01/2018,Cantidad de Comercios Adheridos por Operadora,CABAL,18079,OMP 04
01/02/2018,Cantidad de Comercios Adheridos por Operadora,CABAL,18247,OMP 04
01/03/2018,Cantidad de Comercios Adheridos por Operadora,CABAL,18532,OMP 04
01/04/2018,Cantidad de Comercios Adheridos por Operadora,CABAL,18798,OMP 04
01/05/2018,Cantidad de Comercios Adheridos por Operadora,CABAL,19105,OMP 04
01/06/2018,Cantidad de Comercios Adheridos por Operadora,CABAL,19431,OMP 04
01/07/2018,Cantidad de Comercios Adheridos por Operadora,CABAL,19830,OMP 04
01/08/2018,Cantidad de Comercios Adheridos por Operadora,CABAL,20295,OMP 04
01/09/2018,Cantidad de Comercios Adheridos por Operadora,CABAL,20699,OMP 04
01/10/2018,Cantidad de Comercios Adheridos por Operadora,CABAL,21139,OMP 04
01/11/2018,Cantidad de Comercios Adheridos por Operadora,CABAL,21648,OMP 04
01/12/2018,Cantidad de Comercios Adheridos por Operadora,CABAL,21985,OMP 04
01/01/2019,Cantidad de Comercios Adheridos por Operadora,CABAL,22269,OMP 04
01/02/2019,Cantidad de Comercios Adheridos por Operadora,CABAL,22587,OMP 04
01/03/2019,Cantidad de Comercios Adheridos por Operadora,CABAL,23007,OMP 04
01/04/2019,Cantidad de Comercios Adheridos por Operadora,CABAL,23458,OMP 04
01/05/2019,Cantidad de Comercios Adheridos por Operadora,CABAL,23897,OMP 04
01/06/2019,Cantidad de Comercios Adheridos por Operadora,CABAL,24265,OMP 04
01/07/2019,Cantidad de Comercios Adheridos por Operadora,CABAL,24661,OMP 04
01/08/2019,Cantidad de Comercios Adheridos por Operadora,CABAL,25055,OMP 04
01/09/2019,Cantidad de Comercios Adheridos por Operadora,CABAL,25451,OMP 04
01/10/2019,Cantidad de Comercios Adheridos por Operadora,CABAL,26010,OMP 04
01/11/2019,Cantidad de Comercios Adheridos por Operadora,CABAL,26472,OMP 04
01/12/2019,Cantidad de Comercios Adheridos por Operadora,CABAL,26790,OMP 04
01/01/2020,Cantidad de Comercios Adheridos por Operadora,CABAL,27164,OMP 04
01/02/2020,Cantidad de Comercios Adheridos por Operadora,CABAL,27464,OMP 04
01/03/2020,Cantidad de Comercios Adheridos por Operadora,CABAL,27771,OMP 04
01/04/2020,Cantidad de Comercios Adheridos por Operadora,CABAL,27824,OMP 04
01/05/2020,Cantidad de Comercios Adheridos por Operadora,CABAL,27993,OMP 04
01/06/2020,Cantidad de Comercios Adheridos por Operadora,CABAL,28438,OMP 04
01/07/2020,Cantidad de Comercios Adheridos por Operadora,CABAL,28797,OMP 04
01/08/2020,Cantidad de Comercios Adheridos por Operadora,CABAL,29092,OMP 04
01/09/2020,Cantidad de Comercios Adheridos por Operadora,CABAL,29312,OMP 04
01/10/2020,Cantidad de Comercios Adheridos por Operadora,CABAL,29735,OMP 04
01/11/2020,Cantidad de Comercios Adheridos por Operadora,CABAL,30028,OMP 04
01/12/2020,Cantidad de Comercios Adheridos por Operadora,CABAL,30292,OMP 04
01/01/2021,Cantidad de Comercios Adheridos por Operadora,CABAL,30683,OMP 04
01/02/2021,Cantidad de Comercios Adheridos por Operadora,CABAL,31007,OMP 04
01/03/2021,Cantidad de Comercios Adheridos por Operadora,CABAL,31278,OMP 04
01/04/2021,Cantidad de Comercios Adheridos por Operadora,CABAL,31578,OMP 04
01/05/2021,Cantidad de Comercios Adheridos por Operadora,CABAL,31999,OMP 04
01/06/2021,Cantidad de Comercios Adheridos por Operadora,CABAL,32453,OMP 04
01/07/2021,Cantidad de Comercios Adheridos por Operadora,CABAL,32655,OMP 04
01/08/2021,Cantidad de Comercios Adheridos por Operadora,CABAL,33479,OMP 04
01/09/2021,Cantidad de Comercios Adheridos por Operadora,CABAL,34091,OMP 04
01/10/2021,Cantidad de Comercios Adheridos por Operadora,CABAL,34547,OMP 04
01/11/2021,Cantidad de Comercios Adheridos por Operadora,CABAL,34605,OMP 04
01/12/2021,Cantidad de Comercios Adheridos por Operadora,CABAL,35632,OMP 04
01/01/2022,Cantidad de Comercios Adheridos por Operadora,CABAL,36254,OMP 04
01/02/2022,Cantidad de Comercios Adheridos por Operadora,CABAL,36672,OMP 04
01/03/2022,Cantidad de Comercios Adheridos por Operadora,CABAL,37122,OMP 04
01/04/2022,Cantidad de Comercios Adheridos por Operadora,CABAL,37756,OMP 04
01/05/2022,Cantidad de Comercios Adheridos por Operadora,CABAL,38326,OMP 04
01/06/2022,Cantidad de Comercios Adheridos por Operadora,CABAL,38943,OMP 04
01/07/2022,Cantidad de Comercios Adheridos por Operadora,CABAL,39415,OMP 04
01/08/2022,Cantidad de Comercios Adheridos por Operadora,CABAL,40023,OMP 04
01/09/2022,Cantidad de Comercios Adheridos por Operadora,CABAL,40522,OMP 04
01/10/2022,Cantidad de Comercios Adheridos por Operadora,CABAL,41024,OMP 04
01/11/2022,Cantidad de Comercios Adheridos por Operadora,CABAL,41515,OMP 04
01/12/2022,Cantidad de Comercios Adheridos por Operadora,CABAL,41976,OMP 04
01/01/2023,Cantidad de Comercios Adheridos por Operadora,CABAL,42456,OMP 04
01/02/2023,Cantidad de Comercios Adheridos por Operadora,CABAL,42736,OMP 04
01/03/2023,Cantidad de Comercios Adheridos por Operadora,CABAL,43416,OMP 04
01/04/2023,Cantidad de Comercios Adheridos por Operadora,CABAL,43880,OMP 04
01/05/2023,Cantidad de Comercios Adheridos por Operadora,CABAL,44448,OMP 04
01/06/2023,Cantidad de Comercios Adheridos por Operadora,CABAL,44799,OMP 04
01/07/2023,Cantidad de Comercios Adheridos por Operadora,CABAL,45418,OMP 04
01/08/2023,Cantidad de Comercios Adheridos por Operadora,CABAL,46062,OMP 04
01/09/2023,Cantidad de Comercios Adheridos por Operadora,CABAL,46884,OMP 04
01/10/2023,Cantidad de Comercios Adheridos por Operadora,CABAL,47678,OMP 04
01/11/2023,Cantidad de Comercios Adheridos por Operadora,CABAL,48634,OMP 04
01/12/2023,Cantidad de Comercios Adheridos por Operadora,CABAL,49139,OMP 04
01/01/2024,Cantidad de Comercios Adheridos por Operadora,CABAL,49766,OMP 04
01/02/2024,Cantidad de Comercios Adheridos por Operadora,CABAL,50298,OMP 04
01/03/2024,Cantidad de Comercios Adheridos por Operadora,CABAL,51182,OMP 04
01/04/2024,Cantidad de Comercios Adheridos por Operadora,CABAL,51757,OMP 04
01/05/2024,Cantidad de Comercios Adheridos por Operadora,CABAL,52396,OMP 04
01/06/2024,Cantidad de Comercios Adheridos por Operadora,CABAL,52899,OMP 04
01/07/2024,Cantidad de Comercios Adheridos por Operadora,CABAL,53553,OMP 04
01/08/2024,Cantidad de Comercios Adheridos por Operadora,CABAL,54076,OMP 04
01/09/2024,Cantidad de Comercios Adheridos por Operadora,CABAL,54745,OMP 04
01/10/2024,Cantidad de Comercios Adheridos por Operadora,CABAL,55645,OMP 04
01/11/2024,Cantidad de Comercios Adheridos por Operadora,CABAL,56510,OMP 04
01/12/2024,Cantidad de Comercios Adheridos por Operadora,CABAL,56915,OMP 04
01/01/2025,Cantidad de Comercios Adheridos por Operadora,CABAL,57237,OMP 04
01/02/2025,Cantidad de Comercios Adheridos por Operadora,CABAL,67536,OMP 04
01/03/2025,Cantidad de Comercios Adheridos por Operadora,CABAL,68676,OMP 04
01/04/2025,Cantidad de Comercios Adheridos por Operadora,CABAL,69456,OMP 04
01/05/2025,Cantidad de Comercios Adheridos por Operadora,CABAL,70323,OMP 04
01/06/2025,Cantidad de Comercios Adheridos por Operadora,CABAL,71017,OMP 04
01/07/2025,Cantidad de Comercios Adheridos por Operadora,CABAL,72218,OMP 04
01/08/2025,Cantidad de Comercios Adheridos por Operadora,CABAL,72999,OMP 04
01/09/2025,Cantidad de Comercios Adheridos por Operadora,CABAL,73943,OMP 04
01/10/2025,Cantidad de Comercios Adheridos por Operadora,CABAL,75053,OMP 04
01/11/2025,Cantidad de Comercios Adheridos por Operadora,CABAL,75887,OMP 04
01/12/2025,Cantidad de Comercios Adheridos por Operadora,CABAL,76327,OMP 04
01/01/2026,Cantidad de Comercios Adheridos por Operadora,CABAL,77167,OMP 04
01/02/2026,Cantidad de Comercios Adheridos por Operadora,CABAL,78197,OMP 04
01/03/2026,Cantidad de Comercios Adheridos por Operadora,CABAL,79013,OMP 04
01/04/2026,Cantidad de Comercios Adheridos por Operadora,CABAL,79358,OMP 04
01/05/2026,Cantidad de Comercios Adheridos por Operadora,CABAL,79758,OMP 04
01/06/2026,Cantidad de Comercios Adheridos por Operadora,CABAL,80097,OMP 04
01/01/2018,Cantidad de Comercios Adheridos por Operadora,PANAL,18598,OMP 04
01/02/2018,Cantidad de Comercios Adheridos por Operadora,PANAL,18766,OMP 04
01/03/2018,Cantidad de Comercios Adheridos por Operadora,PANAL,19060,OMP 04
01/04/2018,Cantidad de Comercios Adheridos por Operadora,PANAL,19340,OMP 04
01/05/2018,Cantidad de Comercios Adheridos por Operadora,PANAL,19633,OMP 04
01/06/2018,Cantidad de Comercios Adheridos por Operadora,PANAL,19964,OMP 04
01/07/2018,Cantidad de Comercios Adheridos por Operadora,PANAL,20367,OMP 04
01/08/2018,Cantidad de Comercios Adheridos por Operadora,PANAL,20829,OMP 04
01/09/2018,Cantidad de Comercios Adheridos por Operadora,PANAL,21243,OMP 04
01/10/2018,Cantidad de Comercios Adheridos por Operadora,PANAL,21707,OMP 04
01/11/2018,Cantidad de Comercios Adheridos por Operadora,PANAL,22238,OMP 04
01/12/2018,Cantidad de Comercios Adheridos por Operadora,PANAL,22563,OMP 04
01/01/2019,Cantidad de Comercios Adheridos por Operadora,PANAL,22841,OMP 04
01/02/2019,Cantidad de Comercios Adheridos por Operadora,PANAL,23161,OMP 04
01/03/2019,Cantidad de Comercios Adheridos por Operadora,PANAL,23589,OMP 04
01/04/2019,Cantidad de Comercios Adheridos por Operadora,PANAL,24042,OMP 04
01/05/2019,Cantidad de Comercios Adheridos por Operadora,PANAL,24492,OMP 04
01/06/2019,Cantidad de Comercios Adheridos por Operadora,PANAL,24863,OMP 04
01/07/2019,Cantidad de Comercios Adheridos por Operadora,PANAL,25261,OMP 04
01/08/2019,Cantidad de Comercios Adheridos por Operadora,PANAL,25662,OMP 04
01/09/2019,Cantidad de Comercios Adheridos por Operadora,PANAL,26061,OMP 04
01/10/2019,Cantidad de Comercios Adheridos por Operadora,PANAL,26619,OMP 04
01/11/2019,Cantidad de Comercios Adheridos por Operadora,PANAL,27079,OMP 04
01/12/2019,Cantidad de Comercios Adheridos por Operadora,PANAL,27417,OMP 04
01/01/2020,Cantidad de Comercios Adheridos por Operadora,PANAL,27778,OMP 04
01/02/2020,Cantidad de Comercios Adheridos por Operadora,PANAL,28048,OMP 04
01/03/2020,Cantidad de Comercios Adheridos por Operadora,PANAL,28369,OMP 04
01/04/2020,Cantidad de Comercios Adheridos por Operadora,PANAL,28422,OMP 04
01/05/2020,Cantidad de Comercios Adheridos por Operadora,PANAL,28604,OMP 04
01/06/2020,Cantidad de Comercios Adheridos por Operadora,PANAL,29047,OMP 04
01/07/2020,Cantidad de Comercios Adheridos por Operadora,PANAL,29412,OMP 04
01/08/2020,Cantidad de Comercios Adheridos por Operadora,PANAL,29723,OMP 04
01/09/2020,Cantidad de Comercios Adheridos por Operadora,PANAL,29927,OMP 04
01/10/2020,Cantidad de Comercios Adheridos por Operadora,PANAL,30358,OMP 04
01/11/2020,Cantidad de Comercios Adheridos por Operadora,PANAL,30653,OMP 04
01/12/2020,Cantidad de Comercios Adheridos por Operadora,PANAL,30924,OMP 04
01/01/2021,Cantidad de Comercios Adheridos por Operadora,PANAL,31256,OMP 04
01/02/2021,Cantidad de Comercios Adheridos por Operadora,PANAL,31637,OMP 04
01/03/2021,Cantidad de Comercios Adheridos por Operadora,PANAL,31904,OMP 04
01/04/2021,Cantidad de Comercios Adheridos por Operadora,PANAL,32209,OMP 04
01/05/2021,Cantidad de Comercios Adheridos por Operadora,PANAL,32630,OMP 04
01/06/2021,Cantidad de Comercios Adheridos por Operadora,PANAL,33036,OMP 04
01/07/2021,Cantidad de Comercios Adheridos por Operadora,PANAL,33694,OMP 04
01/08/2021,Cantidad de Comercios Adheridos por Operadora,PANAL,34097,OMP 04
01/09/2021,Cantidad de Comercios Adheridos por Operadora,PANAL,34705,OMP 04
01/10/2021,Cantidad de Comercios Adheridos por Operadora,PANAL,35160,OMP 04
01/11/2021,Cantidad de Comercios Adheridos por Operadora,PANAL,35716,OMP 04
01/12/2021,Cantidad de Comercios Adheridos por Operadora,PANAL,36299,OMP 04
01/01/2022,Cantidad de Comercios Adheridos por Operadora,PANAL,36873,OMP 04
01/02/2022,Cantidad de Comercios Adheridos por Operadora,PANAL,37251,OMP 04
01/03/2022,Cantidad de Comercios Adheridos por Operadora,PANAL,37732,OMP 04
01/04/2022,Cantidad de Comercios Adheridos por Operadora,PANAL,38366,OMP 04
01/05/2022,Cantidad de Comercios Adheridos por Operadora,PANAL,38957,OMP 04
01/06/2022,Cantidad de Comercios Adheridos por Operadora,PANAL,39533,OMP 04
01/07/2022,Cantidad de Comercios Adheridos por Operadora,PANAL,40012,OMP 04
01/08/2022,Cantidad de Comercios Adheridos por Operadora,PANAL,40624,OMP 04
01/09/2022,Cantidad de Comercios Adheridos por Operadora,PANAL,41187,OMP 04
01/10/2022,Cantidad de Comercios Adheridos por Operadora,PANAL,41649,OMP 04
01/11/2022,Cantidad de Comercios Adheridos por Operadora,PANAL,42091,OMP 04
01/12/2022,Cantidad de Comercios Adheridos por Operadora,PANAL,42565,OMP 04
01/01/2023,Cantidad de Comercios Adheridos por Operadora,PANAL,43044,OMP 04
01/02/2023,Cantidad de Comercios Adheridos por Operadora,PANAL,43367,OMP 04
01/03/2023,Cantidad de Comercios Adheridos por Operadora,PANAL,44029,OMP 04
01/04/2023,Cantidad de Comercios Adheridos por Operadora,PANAL,44496,OMP 04
01/05/2023,Cantidad de Comercios Adheridos por Operadora,PANAL,45062,OMP 04
01/06/2023,Cantidad de Comercios Adheridos por Operadora,PANAL,45439,OMP 04
01/07/2023,Cantidad de Comercios Adheridos por Operadora,PANAL,46034,OMP 04
01/08/2023,Cantidad de Comercios Adheridos por Operadora,PANAL,46691,OMP 04
01/09/2023,Cantidad de Comercios Adheridos por Operadora,PANAL,47546,OMP 04
01/10/2023,Cantidad de Comercios Adheridos por Operadora,PANAL,48376,OMP 04
01/11/2023,Cantidad de Comercios Adheridos por Operadora,PANAL,49275,OMP 04
01/12/2023,Cantidad de Comercios Adheridos por Operadora,PANAL,49846,OMP 04
01/01/2024,Cantidad de Comercios Adheridos por Operadora,PANAL,50420,OMP 04
01/02/2024,Cantidad de Comercios Adheridos por Operadora,PANAL,50967,OMP 04
01/03/2024,Cantidad de Comercios Adheridos por Operadora,PANAL,51531,OMP 04
01/04/2024,Cantidad de Comercios Adheridos por Operadora,PANAL,52374,OMP 04
01/05/2024,Cantidad de Comercios Adheridos por Operadora,PANAL,53000,OMP 04
01/06/2024,Cantidad de Comercios Adheridos por Operadora,PANAL,53515,OMP 04
01/07/2024,Cantidad de Comercios Adheridos por Operadora,PANAL,54155,OMP 04
01/08/2024,Cantidad de Comercios Adheridos por Operadora,PANAL,54654,OMP 04
01/09/2024,Cantidad de Comercios Adheridos por Operadora,PANAL,55201,OMP 04
01/10/2024,Cantidad de Comercios Adheridos por Operadora,PANAL,55990,OMP 04
01/11/2024,Cantidad de Comercios Adheridos por Operadora,PANAL,56652,OMP 04
01/12/2024,Cantidad de Comercios Adheridos por Operadora,PANAL,57156,OMP 04
01/01/2025,Cantidad de Comercios Adheridos por Operadora,PANAL,57441,OMP 04
01/02/2025,Cantidad de Comercios Adheridos por Operadora,PANAL,67817,OMP 04
01/03/2025,Cantidad de Comercios Adheridos por Operadora,PANAL,68951,OMP 04
01/04/2025,Cantidad de Comercios Adheridos por Operadora,PANAL,69748,OMP 04
01/05/2025,Cantidad de Comercios Adheridos por Operadora,PANAL,70612,OMP 04
01/06/2025,Cantidad de Comercios Adheridos por Operadora,PANAL,71286,OMP 04
01/07/2025,Cantidad de Comercios Adheridos por Operadora,PANAL,72436,OMP 04
01/08/2025,Cantidad de Comercios Adheridos por Operadora,PANAL,73134,OMP 04
01/09/2025,Cantidad de Comercios Adheridos por Operadora,PANAL,74153,OMP 04
01/10/2025,Cantidad de Comercios Adheridos por Operadora,PANAL,75220,OMP 04
01/11/2025,Cantidad de Comercios Adheridos por Operadora,PANAL,75919,OMP 04
01/12/2025,Cantidad de Comercios Adheridos por Operadora,PANAL,76350,OMP 04
01/01/2026,Cantidad de Comercios Adheridos por Operadora,PANAL,77157,OMP 04
01/02/2026,Cantidad de Comercios Adheridos por Operadora,PANAL,77991,OMP 04
01/03/2026,Cantidad de Comercios Adheridos por Operadora,PANAL,78825,OMP 04
01/04/2026,Cantidad de Comercios Adheridos por Operadora,PANAL,79162,OMP 04
01/05/2026,Cantidad de Comercios Adheridos por Operadora,PANAL,79565,OMP 04
01/06/2026,Cantidad de Comercios Adheridos por Operadora,PANAL,79873,OMP 04
01/01/2018,Cantidad de Comercios Adheridos por Operadora,PROCARD S.A.,1110,OMP 04
01/02/2018,Cantidad de Comercios Adheridos por Operadora,PROCARD S.A.,1124,OMP 04
01/03/2018,Cantidad de Comercios Adheridos por Operadora,PROCARD S.A.,1158,OMP 04
01/04/2018,Cantidad de Comercios Adheridos por Operadora,PROCARD S.A.,1266,OMP 04
01/05/2018,Cantidad de Comercios Adheridos por Operadora,PROCARD S.A.,1338,OMP 04
01/06/2018,Cantidad de Comercios Adheridos por Operadora,PROCARD S.A.,1390,OMP 04
01/07/2018,Cantidad de Comercios Adheridos por Operadora,PROCARD S.A.,1424,OMP 04
01/08/2018,Cantidad de Comercios Adheridos por Operadora,PROCARD S.A.,1381,OMP 04
01/09/2018,Cantidad de Comercios Adheridos por Operadora,PROCARD S.A.,1367,OMP 04
01/10/2018,Cantidad de Comercios Adheridos por Operadora,PROCARD S.A.,1358,OMP 04
01/11/2018,Cantidad de Comercios Adheridos por Operadora,PROCARD S.A.,1362,OMP 04
01/12/2018,Cantidad de Comercios Adheridos por Operadora,PROCARD S.A.,1414,OMP 04
01/01/2019,Cantidad de Comercios Adheridos por Operadora,PROCARD S.A.,1417,OMP 04
01/02/2019,Cantidad de Comercios Adheridos por Operadora,PROCARD S.A.,1453,OMP 04
01/03/2019,Cantidad de Comercios Adheridos por Operadora,PROCARD S.A.,1456,OMP 04
01/04/2019,Cantidad de Comercios Adheridos por Operadora,PROCARD S.A.,1460,OMP 04
01/05/2019,Cantidad de Comercios Adheridos por Operadora,PROCARD S.A.,1452,OMP 04
01/06/2019,Cantidad de Comercios Adheridos por Operadora,PROCARD S.A.,1447,OMP 04
01/07/2019,Cantidad de Comercios Adheridos por Operadora,PROCARD S.A.,1433,OMP 04
01/08/2019,Cantidad de Comercios Adheridos por Operadora,PROCARD S.A.,1408,OMP 04
01/09/2019,Cantidad de Comercios Adheridos por Operadora,PROCARD S.A.,1381,OMP 04
01/10/2019,Cantidad de Comercios Adheridos por Operadora,PROCARD S.A.,1373,OMP 04
01/11/2019,Cantidad de Comercios Adheridos por Operadora,PROCARD S.A.,1364,OMP 04
01/12/2019,Cantidad de Comercios Adheridos por Operadora,PROCARD S.A.,1337,OMP 04
01/01/2020,Cantidad de Comercios Adheridos por Operadora,PROCARD S.A.,1317,OMP 04
01/02/2020,Cantidad de Comercios Adheridos por Operadora,PROCARD S.A.,1295,OMP 04
01/03/2020,Cantidad de Comercios Adheridos por Operadora,PROCARD S.A.,1304,OMP 04
01/04/2020,Cantidad de Comercios Adheridos por Operadora,PROCARD S.A.,1316,OMP 04
01/05/2020,Cantidad de Comercios Adheridos por Operadora,PROCARD S.A.,1268,OMP 04
01/06/2020,Cantidad de Comercios Adheridos por Operadora,PROCARD S.A.,1277,OMP 04
01/07/2020,Cantidad de Comercios Adheridos por Operadora,PROCARD S.A.,1264,OMP 04
01/08/2020,Cantidad de Comercios Adheridos por Operadora,PROCARD S.A.,1258,OMP 04
01/09/2020,Cantidad de Comercios Adheridos por Operadora,PROCARD S.A.,1275,OMP 04
01/10/2020,Cantidad de Comercios Adheridos por Operadora,PROCARD S.A.,1273,OMP 04
01/11/2020,Cantidad de Comercios Adheridos por Operadora,PROCARD S.A.,1217,OMP 04
01/12/2020,Cantidad de Comercios Adheridos por Operadora,PROCARD S.A.,1190,OMP 04
01/01/2021,Cantidad de Comercios Adheridos por Operadora,PROCARD S.A.,1180,OMP 04
01/02/2021,Cantidad de Comercios Adheridos por Operadora,PROCARD S.A.,1182,OMP 04
01/03/2021,Cantidad de Comercios Adheridos por Operadora,PROCARD S.A.,1153,OMP 04
01/04/2021,Cantidad de Comercios Adheridos por Operadora,PROCARD S.A.,1041,OMP 04
01/05/2021,Cantidad de Comercios Adheridos por Operadora,PROCARD S.A.,994,OMP 04
01/06/2021,Cantidad de Comercios Adheridos por Operadora,PROCARD S.A.,991,OMP 04
01/07/2021,Cantidad de Comercios Adheridos por Operadora,PROCARD S.A.,981,OMP 04
01/08/2021,Cantidad de Comercios Adheridos por Operadora,PROCARD S.A.,960,OMP 04
01/09/2021,Cantidad de Comercios Adheridos por Operadora,PROCARD S.A.,945,OMP 04
01/10/2021,Cantidad de Comercios Adheridos por Operadora,PROCARD S.A.,929,OMP 04
01/11/2021,Cantidad de Comercios Adheridos por Operadora,PROCARD S.A.,902,OMP 04
01/12/2021,Cantidad de Comercios Adheridos por Operadora,PROCARD S.A.,889,OMP 04
01/01/2022,Cantidad de Comercios Adheridos por Operadora,PROCARD S.A.,818,OMP 04
01/02/2022,Cantidad de Comercios Adheridos por Operadora,PROCARD S.A.,768,OMP 04
01/03/2022,Cantidad de Comercios Adheridos por Operadora,PROCARD S.A.,680,OMP 04
01/04/2022,Cantidad de Comercios Adheridos por Operadora,PROCARD S.A.,655,OMP 04
01/05/2022,Cantidad de Comercios Adheridos por Operadora,PROCARD S.A.,576,OMP 04
01/06/2022,Cantidad de Comercios Adheridos por Operadora,PROCARD S.A.,541,OMP 04
01/07/2022,Cantidad de Comercios Adheridos por Operadora,PROCARD S.A.,491,OMP 04
01/08/2022,Cantidad de Comercios Adheridos por Operadora,PROCARD S.A.,480,OMP 04
01/09/2022,Cantidad de Comercios Adheridos por Operadora,PROCARD S.A.,473,OMP 04
01/10/2022,Cantidad de Comercios Adheridos por Operadora,PROCARD S.A.,472,OMP 04
01/11/2022,Cantidad de Comercios Adheridos por Operadora,PROCARD S.A.,466,OMP 04
01/12/2022,Cantidad de Comercios Adheridos por Operadora,PROCARD S.A.,465,OMP 04
01/01/2023,Cantidad de Comercios Adheridos por Operadora,PROCARD S.A.,441,OMP 04
01/02/2023,Cantidad de Comercios Adheridos por Operadora,PROCARD S.A.,342,OMP 04
01/03/2023,Cantidad de Comercios Adheridos por Operadora,PROCARD S.A.,260,OMP 04
01/04/2023,Cantidad de Comercios Adheridos por Operadora,PROCARD S.A.,236,OMP 04
01/05/2023,Cantidad de Comercios Adheridos por Operadora,PROCARD S.A.,258,OMP 04
01/06/2023,Cantidad de Comercios Adheridos por Operadora,PROCARD S.A.,253,OMP 04
01/07/2023,Cantidad de Comercios Adheridos por Operadora,PROCARD S.A.,223,OMP 04
01/08/2023,Cantidad de Comercios Adheridos por Operadora,PROCARD S.A.,224,OMP 04
01/09/2023,Cantidad de Comercios Adheridos por Operadora,PROCARD S.A.,223,OMP 04
01/10/2023,Cantidad de Comercios Adheridos por Operadora,PROCARD S.A.,212,OMP 04
01/11/2023,Cantidad de Comercios Adheridos por Operadora,PROCARD S.A.,217,OMP 04
01/12/2023,Cantidad de Comercios Adheridos por Operadora,PROCARD S.A.,215,OMP 04
01/01/2024,Cantidad de Comercios Adheridos por Operadora,PROCARD S.A.,68,OMP 04
01/02/2024,Cantidad de Comercios Adheridos por Operadora,PROCARD S.A.,73,OMP 04
01/03/2024,Cantidad de Comercios Adheridos por Operadora,PROCARD S.A.,79,OMP 04
01/04/2024,Cantidad de Comercios Adheridos por Operadora,PROCARD S.A.,97,OMP 04
01/05/2024,Cantidad de Comercios Adheridos por Operadora,PROCARD S.A.,107,OMP 04
01/06/2024,Cantidad de Comercios Adheridos por Operadora,PROCARD S.A.,123,OMP 04
01/07/2024,Cantidad de Comercios Adheridos por Operadora,PROCARD S.A.,127,OMP 04
01/08/2024,Cantidad de Comercios Adheridos por Operadora,PROCARD S.A.,135,OMP 04
01/09/2024,Cantidad de Comercios Adheridos por Operadora,PROCARD S.A.,130,OMP 04
01/10/2024,Cantidad de Comercios Adheridos por Operadora,PROCARD S.A.,147,OMP 04
01/11/2024,Cantidad de Comercios Adheridos por Operadora,PROCARD S.A.,152,OMP 04
01/12/2024,Cantidad de Comercios Adheridos por Operadora,PROCARD S.A.,153,OMP 04
01/01/2025,Cantidad de Comercios Adheridos por Operadora,PROCARD S.A.,172,OMP 04
01/02/2025,Cantidad de Comercios Adheridos por Operadora,PROCARD S.A.,175,OMP 04
01/03/2025,Cantidad de Comercios Adheridos por Operadora,PROCARD S.A.,175,OMP 04
01/04/2025,Cantidad de Comercios Adheridos por Operadora,PROCARD S.A.,174,OMP 04
01/05/2025,Cantidad de Comercios Adheridos por Operadora,PROCARD S.A.,170,OMP 04
01/06/2025,Cantidad de Comercios Adheridos por Operadora,PROCARD S.A.,181,OMP 04
01/07/2025,Cantidad de Comercios Adheridos por Operadora,PROCARD S.A.,182,OMP 04
01/08/2025,Cantidad de Comercios Adheridos por Operadora,PROCARD S.A.,184,OMP 04
01/09/2025,Cantidad de Comercios Adheridos por Operadora,PROCARD S.A.,156,OMP 04
01/10/2025,Cantidad de Comercios Adheridos por Operadora,PROCARD S.A.,178,OMP 04
01/11/2025,Cantidad de Comercios Adheridos por Operadora,PROCARD S.A.,171,OMP 04
01/12/2025,Cantidad de Comercios Adheridos por Operadora,PROCARD S.A.,169,OMP 04
01/01/2026,Cantidad de Comercios Adheridos por Operadora,PROCARD S.A.,169,OMP 04
01/02/2026,Cantidad de Comercios Adheridos por Operadora,PROCARD S.A.,159,OMP 04
01/03/2026,Cantidad de Comercios Adheridos por Operadora,PROCARD S.A.,156,OMP 04
01/04/2026,Cantidad de Comercios Adheridos por Operadora,PROCARD S.A.,159,OMP 04
01/05/2026,Cantidad de Comercios Adheridos por Operadora,PROCARD S.A.,161,OMP 04
01/06/2026,Cantidad de Comercios Adheridos por Operadora,PROCARD S.A.,156,OMP 04
01/08/2024,Cantidad de Comercios Adheridos por Operadora,UPAY,1,OMP 04
01/09/2024,Cantidad de Comercios Adheridos por Operadora,UPAY,34,OMP 04
01/10/2024,Cantidad de Comercios Adheridos por Operadora,UPAY,147,OMP 04
01/11/2024,Cantidad de Comercios Adheridos por Operadora,UPAY,338,OMP 04
01/12/2024,Cantidad de Comercios Adheridos por Operadora,UPAY,1655,OMP 04
01/01/2025,Cantidad de Comercios Adheridos por Operadora,UPAY,4388,OMP 04
01/02/2025,Cantidad de Comercios Adheridos por Operadora,UPAY,7282,OMP 04
01/03/2025,Cantidad de Comercios Adheridos por Operadora,UPAY,8593,OMP 04
01/04/2025,Cantidad de Comercios Adheridos por Operadora,UPAY,8797,OMP 04
01/05/2025,Cantidad de Comercios Adheridos por Operadora,UPAY,8959,OMP 04
01/06/2025,Cantidad de Comercios Adheridos por Operadora,UPAY,9168,OMP 04
01/07/2025,Cantidad de Comercios Adheridos por Operadora,UPAY,12007,OMP 04
01/08/2025,Cantidad de Comercios Adheridos por Operadora,UPAY,15332,OMP 04
01/09/2025,Cantidad de Comercios Adheridos por Operadora,UPAY,18764,OMP 04
01/10/2025,Cantidad de Comercios Adheridos por Operadora,UPAY,22317,OMP 04
01/11/2025,Cantidad de Comercios Adheridos por Operadora,UPAY,24652,OMP 04
01/12/2025,Cantidad de Comercios Adheridos por Operadora,UPAY,26111,OMP 04
01/01/2026,Cantidad de Comercios Adheridos por Operadora,UPAY,27857,OMP 04
01/02/2026,Cantidad de Comercios Adheridos por Operadora,UPAY,29337,OMP 04
01/03/2026,Cantidad de Comercios Adheridos por Operadora,UPAY,30774,OMP 04
01/04/2026,Cantidad de Comercios Adheridos por Operadora,UPAY,32729,OMP 04
01/05/2026,Cantidad de Comercios Adheridos por Operadora,UPAY,34505,OMP 04
01/06/2026,Cantidad de Comercios Adheridos por Operadora,UPAY,35985,OMP 04
01/01/2018,Cantidad de POS por Operadora,BANCARD S.A.,35296,OMP 04
01/02/2018,Cantidad de POS por Operadora,BANCARD S.A.,35633,OMP 04
01/03/2018,Cantidad de POS por Operadora,BANCARD S.A.,36378,OMP 04
01/04/2018,Cantidad de POS por Operadora,BANCARD S.A.,36902,OMP 04
01/05/2018,Cantidad de POS por Operadora,BANCARD S.A.,37363,OMP 04
01/06/2018,Cantidad de POS por Operadora,BANCARD S.A.,37640,OMP 04
01/07/2018,Cantidad de POS por Operadora,BANCARD S.A.,38130,OMP 04
01/08/2018,Cantidad de POS por Operadora,BANCARD S.A.,38441,OMP 04
01/09/2018,Cantidad de POS por Operadora,BANCARD S.A.,38817,OMP 04
01/10/2018,Cantidad de POS por Operadora,BANCARD S.A.,39279,OMP 04
01/11/2018,Cantidad de POS por Operadora,BANCARD S.A.,39553,OMP 04
01/12/2018,Cantidad de POS por Operadora,BANCARD S.A.,40256,OMP 04
01/01/2019,Cantidad de POS por Operadora,BANCARD S.A.,40293,OMP 04
01/02/2019,Cantidad de POS por Operadora,BANCARD S.A.,40718,OMP 04
01/03/2019,Cantidad de POS por Operadora,BANCARD S.A.,41049,OMP 04
01/04/2019,Cantidad de POS por Operadora,BANCARD S.A.,41025,OMP 04
01/05/2019,Cantidad de POS por Operadora,BANCARD S.A.,41262,OMP 04
01/06/2019,Cantidad de POS por Operadora,BANCARD S.A.,41303,OMP 04
01/07/2019,Cantidad de POS por Operadora,BANCARD S.A.,41769,OMP 04
01/08/2019,Cantidad de POS por Operadora,BANCARD S.A.,41916,OMP 04
01/09/2019,Cantidad de POS por Operadora,BANCARD S.A.,42126,OMP 04
01/10/2019,Cantidad de POS por Operadora,BANCARD S.A.,42909,OMP 04
01/11/2019,Cantidad de POS por Operadora,BANCARD S.A.,43393,OMP 04
01/12/2019,Cantidad de POS por Operadora,BANCARD S.A.,43948,OMP 04
01/01/2020,Cantidad de POS por Operadora,BANCARD S.A.,43655,OMP 04
01/02/2020,Cantidad de POS por Operadora,BANCARD S.A.,43784,OMP 04
01/03/2020,Cantidad de POS por Operadora,BANCARD S.A.,44302,OMP 04
01/04/2020,Cantidad de POS por Operadora,BANCARD S.A.,46000,OMP 04
01/05/2020,Cantidad de POS por Operadora,BANCARD S.A.,47289,OMP 04
01/06/2020,Cantidad de POS por Operadora,BANCARD S.A.,47249,OMP 04
01/07/2020,Cantidad de POS por Operadora,BANCARD S.A.,46653,OMP 04
01/08/2020,Cantidad de POS por Operadora,BANCARD S.A.,46737,OMP 04
01/09/2020,Cantidad de POS por Operadora,BANCARD S.A.,46674,OMP 04
01/10/2020,Cantidad de POS por Operadora,BANCARD S.A.,47111,OMP 04
01/11/2020,Cantidad de POS por Operadora,BANCARD S.A.,47456,OMP 04
01/12/2020,Cantidad de POS por Operadora,BANCARD S.A.,48307,OMP 04
01/01/2021,Cantidad de POS por Operadora,BANCARD S.A.,48783,OMP 04
01/02/2021,Cantidad de POS por Operadora,BANCARD S.A.,49465,OMP 04
01/03/2021,Cantidad de POS por Operadora,BANCARD S.A.,49590,OMP 04
01/04/2021,Cantidad de POS por Operadora,BANCARD S.A.,49801,OMP 04
01/05/2021,Cantidad de POS por Operadora,BANCARD S.A.,50072,OMP 04
01/06/2021,Cantidad de POS por Operadora,BANCARD S.A.,50574,OMP 04
01/07/2021,Cantidad de POS por Operadora,BANCARD S.A.,50998,OMP 04
01/08/2021,Cantidad de POS por Operadora,BANCARD S.A.,51209,OMP 04
01/09/2021,Cantidad de POS por Operadora,BANCARD S.A.,51077,OMP 04
01/10/2021,Cantidad de POS por Operadora,BANCARD S.A.,51373,OMP 04
01/11/2021,Cantidad de POS por Operadora,BANCARD S.A.,51783,OMP 04
01/12/2021,Cantidad de POS por Operadora,BANCARD S.A.,53002,OMP 04
01/01/2022,Cantidad de POS por Operadora,BANCARD S.A.,52932,OMP 04
01/02/2022,Cantidad de POS por Operadora,BANCARD S.A.,53419,OMP 04
01/03/2022,Cantidad de POS por Operadora,BANCARD S.A.,53834,OMP 04
01/04/2022,Cantidad de POS por Operadora,BANCARD S.A.,54122,OMP 04
01/05/2022,Cantidad de POS por Operadora,BANCARD S.A.,54441,OMP 04
01/06/2022,Cantidad de POS por Operadora,BANCARD S.A.,54806,OMP 04
01/07/2022,Cantidad de POS por Operadora,BANCARD S.A.,55348,OMP 04
01/08/2022,Cantidad de POS por Operadora,BANCARD S.A.,55730,OMP 04
01/09/2022,Cantidad de POS por Operadora,BANCARD S.A.,56726,OMP 04
01/10/2022,Cantidad de POS por Operadora,BANCARD S.A.,57492,OMP 04
01/11/2022,Cantidad de POS por Operadora,BANCARD S.A.,58438,OMP 04
01/12/2022,Cantidad de POS por Operadora,BANCARD S.A.,59772,OMP 04
01/01/2023,Cantidad de POS por Operadora,BANCARD S.A.,60385,OMP 04
01/02/2023,Cantidad de POS por Operadora,BANCARD S.A.,61207,OMP 04
01/03/2023,Cantidad de POS por Operadora,BANCARD S.A.,61805,OMP 04
01/04/2023,Cantidad de POS por Operadora,BANCARD S.A.,62479,OMP 04
01/05/2023,Cantidad de POS por Operadora,BANCARD S.A.,63268,OMP 04
01/06/2023,Cantidad de POS por Operadora,BANCARD S.A.,64523,OMP 04
01/07/2023,Cantidad de POS por Operadora,BANCARD S.A.,65561,OMP 04
01/08/2023,Cantidad de POS por Operadora,BANCARD S.A.,67020,OMP 04
01/09/2023,Cantidad de POS por Operadora,BANCARD S.A.,68594,OMP 04
01/10/2023,Cantidad de POS por Operadora,BANCARD S.A.,70118,OMP 04
01/11/2023,Cantidad de POS por Operadora,BANCARD S.A.,71621,OMP 04
01/12/2023,Cantidad de POS por Operadora,BANCARD S.A.,73221,OMP 04
01/01/2024,Cantidad de POS por Operadora,BANCARD S.A.,74192,OMP 04
01/02/2024,Cantidad de POS por Operadora,BANCARD S.A.,75374,OMP 04
01/03/2024,Cantidad de POS por Operadora,BANCARD S.A.,76365,OMP 04
01/04/2024,Cantidad de POS por Operadora,BANCARD S.A.,77768,OMP 04
01/05/2024,Cantidad de POS por Operadora,BANCARD S.A.,78994,OMP 04
01/06/2024,Cantidad de POS por Operadora,BANCARD S.A.,80087,OMP 04
01/07/2024,Cantidad de POS por Operadora,BANCARD S.A.,81285,OMP 04
01/08/2024,Cantidad de POS por Operadora,BANCARD S.A.,82688,OMP 04
01/09/2024,Cantidad de POS por Operadora,BANCARD S.A.,85446,OMP 04
01/10/2024,Cantidad de POS por Operadora,BANCARD S.A.,88809,OMP 04
01/11/2024,Cantidad de POS por Operadora,BANCARD S.A.,92433,OMP 04
01/12/2024,Cantidad de POS por Operadora,BANCARD S.A.,94662,OMP 04
01/01/2025,Cantidad de POS por Operadora,BANCARD S.A.,95947,OMP 04
01/02/2025,Cantidad de POS por Operadora,BANCARD S.A.,97404,OMP 04
01/03/2025,Cantidad de POS por Operadora,BANCARD S.A.,98861,OMP 04
01/04/2025,Cantidad de POS por Operadora,BANCARD S.A.,100321,OMP 04
01/05/2025,Cantidad de POS por Operadora,BANCARD S.A.,101855,OMP 04
01/06/2025,Cantidad de POS por Operadora,BANCARD S.A.,102895,OMP 04
01/07/2025,Cantidad de POS por Operadora,BANCARD S.A.,104057,OMP 04
01/08/2025,Cantidad de POS por Operadora,BANCARD S.A.,105531,OMP 04
01/09/2025,Cantidad de POS por Operadora,BANCARD S.A.,106915,OMP 04
01/10/2025,Cantidad de POS por Operadora,BANCARD S.A.,108513,OMP 04
01/11/2025,Cantidad de POS por Operadora,BANCARD S.A.,110451,OMP 04
01/12/2025,Cantidad de POS por Operadora,BANCARD S.A.,112078,OMP 04
01/01/2026,Cantidad de POS por Operadora,BANCARD S.A.,114141,OMP 04
01/02/2026,Cantidad de POS por Operadora,BANCARD S.A.,113531,OMP 04
01/03/2026,Cantidad de POS por Operadora,BANCARD S.A.,115395,OMP 04
01/04/2026,Cantidad de POS por Operadora,BANCARD S.A.,117007,OMP 04
01/05/2026,Cantidad de POS por Operadora,BANCARD S.A.,118307,OMP 04
01/06/2026,Cantidad de POS por Operadora,BANCARD S.A.,119702,OMP 04
01/01/2018,Cantidad de POS por Operadora,BEPSA DEL PARAGUAY S.A.E.C.A,7114,OMP 04
01/02/2018,Cantidad de POS por Operadora,BEPSA DEL PARAGUAY S.A.E.C.A,7205,OMP 04
01/03/2018,Cantidad de POS por Operadora,BEPSA DEL PARAGUAY S.A.E.C.A,7182,OMP 04
01/04/2018,Cantidad de POS por Operadora,BEPSA DEL PARAGUAY S.A.E.C.A,7161,OMP 04
01/05/2018,Cantidad de POS por Operadora,BEPSA DEL PARAGUAY S.A.E.C.A,7147,OMP 04
01/06/2018,Cantidad de POS por Operadora,BEPSA DEL PARAGUAY S.A.E.C.A,7065,OMP 04
01/07/2018,Cantidad de POS por Operadora,BEPSA DEL PARAGUAY S.A.E.C.A,7039,OMP 04
01/08/2018,Cantidad de POS por Operadora,BEPSA DEL PARAGUAY S.A.E.C.A,7052,OMP 04
01/09/2018,Cantidad de POS por Operadora,BEPSA DEL PARAGUAY S.A.E.C.A,7011,OMP 04
01/10/2018,Cantidad de POS por Operadora,BEPSA DEL PARAGUAY S.A.E.C.A,6955,OMP 04
01/11/2018,Cantidad de POS por Operadora,BEPSA DEL PARAGUAY S.A.E.C.A,6873,OMP 04
01/12/2018,Cantidad de POS por Operadora,BEPSA DEL PARAGUAY S.A.E.C.A,6979,OMP 04
01/01/2019,Cantidad de POS por Operadora,BEPSA DEL PARAGUAY S.A.E.C.A,6932,OMP 04
01/02/2019,Cantidad de POS por Operadora,BEPSA DEL PARAGUAY S.A.E.C.A,6901,OMP 04
01/03/2019,Cantidad de POS por Operadora,BEPSA DEL PARAGUAY S.A.E.C.A,6879,OMP 04
01/04/2019,Cantidad de POS por Operadora,BEPSA DEL PARAGUAY S.A.E.C.A,6925,OMP 04
01/05/2019,Cantidad de POS por Operadora,BEPSA DEL PARAGUAY S.A.E.C.A,6905,OMP 04
01/06/2019,Cantidad de POS por Operadora,BEPSA DEL PARAGUAY S.A.E.C.A,6916,OMP 04
01/07/2019,Cantidad de POS por Operadora,BEPSA DEL PARAGUAY S.A.E.C.A,6953,OMP 04
01/08/2019,Cantidad de POS por Operadora,BEPSA DEL PARAGUAY S.A.E.C.A,6973,OMP 04
01/09/2019,Cantidad de POS por Operadora,BEPSA DEL PARAGUAY S.A.E.C.A,7084,OMP 04
01/10/2019,Cantidad de POS por Operadora,BEPSA DEL PARAGUAY S.A.E.C.A,7182,OMP 04
01/11/2019,Cantidad de POS por Operadora,BEPSA DEL PARAGUAY S.A.E.C.A,7242,OMP 04
01/12/2019,Cantidad de POS por Operadora,BEPSA DEL PARAGUAY S.A.E.C.A,7334,OMP 04
01/01/2020,Cantidad de POS por Operadora,BEPSA DEL PARAGUAY S.A.E.C.A,7362,OMP 04
01/02/2020,Cantidad de POS por Operadora,BEPSA DEL PARAGUAY S.A.E.C.A,7368,OMP 04
01/03/2020,Cantidad de POS por Operadora,BEPSA DEL PARAGUAY S.A.E.C.A,7375,OMP 04
01/04/2020,Cantidad de POS por Operadora,BEPSA DEL PARAGUAY S.A.E.C.A,7742,OMP 04
01/05/2020,Cantidad de POS por Operadora,BEPSA DEL PARAGUAY S.A.E.C.A,8413,OMP 04
01/06/2020,Cantidad de POS por Operadora,BEPSA DEL PARAGUAY S.A.E.C.A,8722,OMP 04
01/07/2020,Cantidad de POS por Operadora,BEPSA DEL PARAGUAY S.A.E.C.A,8784,OMP 04
01/08/2020,Cantidad de POS por Operadora,BEPSA DEL PARAGUAY S.A.E.C.A,9163,OMP 04
01/09/2020,Cantidad de POS por Operadora,BEPSA DEL PARAGUAY S.A.E.C.A,9412,OMP 04
01/10/2020,Cantidad de POS por Operadora,BEPSA DEL PARAGUAY S.A.E.C.A,9576,OMP 04
01/11/2020,Cantidad de POS por Operadora,BEPSA DEL PARAGUAY S.A.E.C.A,9842,OMP 04
01/12/2020,Cantidad de POS por Operadora,BEPSA DEL PARAGUAY S.A.E.C.A,10053,OMP 04
01/01/2021,Cantidad de POS por Operadora,BEPSA DEL PARAGUAY S.A.E.C.A,10173,OMP 04
01/02/2021,Cantidad de POS por Operadora,BEPSA DEL PARAGUAY S.A.E.C.A,10227,OMP 04
01/03/2021,Cantidad de POS por Operadora,BEPSA DEL PARAGUAY S.A.E.C.A,10204,OMP 04
01/04/2021,Cantidad de POS por Operadora,BEPSA DEL PARAGUAY S.A.E.C.A,10238,OMP 04
01/05/2021,Cantidad de POS por Operadora,BEPSA DEL PARAGUAY S.A.E.C.A,10309,OMP 04
01/06/2021,Cantidad de POS por Operadora,BEPSA DEL PARAGUAY S.A.E.C.A,10466,OMP 04
01/07/2021,Cantidad de POS por Operadora,BEPSA DEL PARAGUAY S.A.E.C.A,10533,OMP 04
01/08/2021,Cantidad de POS por Operadora,BEPSA DEL PARAGUAY S.A.E.C.A,10805,OMP 04
01/09/2021,Cantidad de POS por Operadora,BEPSA DEL PARAGUAY S.A.E.C.A,11125,OMP 04
01/10/2021,Cantidad de POS por Operadora,BEPSA DEL PARAGUAY S.A.E.C.A,11378,OMP 04
01/11/2021,Cantidad de POS por Operadora,BEPSA DEL PARAGUAY S.A.E.C.A,11832,OMP 04
01/12/2021,Cantidad de POS por Operadora,BEPSA DEL PARAGUAY S.A.E.C.A,12732,OMP 04
01/01/2022,Cantidad de POS por Operadora,BEPSA DEL PARAGUAY S.A.E.C.A,13101,OMP 04
01/02/2022,Cantidad de POS por Operadora,BEPSA DEL PARAGUAY S.A.E.C.A,13512,OMP 04
01/03/2022,Cantidad de POS por Operadora,BEPSA DEL PARAGUAY S.A.E.C.A,14124,OMP 04
01/04/2022,Cantidad de POS por Operadora,BEPSA DEL PARAGUAY S.A.E.C.A,14635,OMP 04
01/05/2022,Cantidad de POS por Operadora,BEPSA DEL PARAGUAY S.A.E.C.A,15057,OMP 04
01/06/2022,Cantidad de POS por Operadora,BEPSA DEL PARAGUAY S.A.E.C.A,15454,OMP 04
01/07/2022,Cantidad de POS por Operadora,BEPSA DEL PARAGUAY S.A.E.C.A,15765,OMP 04
01/08/2022,Cantidad de POS por Operadora,BEPSA DEL PARAGUAY S.A.E.C.A,16040,OMP 04
01/09/2022,Cantidad de POS por Operadora,BEPSA DEL PARAGUAY S.A.E.C.A,16415,OMP 04
01/10/2022,Cantidad de POS por Operadora,BEPSA DEL PARAGUAY S.A.E.C.A,16773,OMP 04
01/11/2022,Cantidad de POS por Operadora,BEPSA DEL PARAGUAY S.A.E.C.A,17193,OMP 04
01/12/2022,Cantidad de POS por Operadora,BEPSA DEL PARAGUAY S.A.E.C.A,17471,OMP 04
01/01/2023,Cantidad de POS por Operadora,BEPSA DEL PARAGUAY S.A.E.C.A,17521,OMP 04
01/02/2023,Cantidad de POS por Operadora,BEPSA DEL PARAGUAY S.A.E.C.A,17828,OMP 04
01/03/2023,Cantidad de POS por Operadora,BEPSA DEL PARAGUAY S.A.E.C.A,17987,OMP 04
01/04/2023,Cantidad de POS por Operadora,BEPSA DEL PARAGUAY S.A.E.C.A,18189,OMP 04
01/05/2023,Cantidad de POS por Operadora,BEPSA DEL PARAGUAY S.A.E.C.A,18292,OMP 04
01/06/2023,Cantidad de POS por Operadora,BEPSA DEL PARAGUAY S.A.E.C.A,18486,OMP 04
01/07/2023,Cantidad de POS por Operadora,BEPSA DEL PARAGUAY S.A.E.C.A,18983,OMP 04
01/08/2023,Cantidad de POS por Operadora,BEPSA DEL PARAGUAY S.A.E.C.A,19310,OMP 04
01/09/2023,Cantidad de POS por Operadora,BEPSA DEL PARAGUAY S.A.E.C.A,19554,OMP 04
01/10/2023,Cantidad de POS por Operadora,BEPSA DEL PARAGUAY S.A.E.C.A,19860,OMP 04
01/11/2023,Cantidad de POS por Operadora,BEPSA DEL PARAGUAY S.A.E.C.A,20261,OMP 04
01/12/2023,Cantidad de POS por Operadora,BEPSA DEL PARAGUAY S.A.E.C.A,20658,OMP 04
01/01/2024,Cantidad de POS por Operadora,BEPSA DEL PARAGUAY S.A.E.C.A,20991,OMP 04
01/02/2024,Cantidad de POS por Operadora,BEPSA DEL PARAGUAY S.A.E.C.A,21297,OMP 04
01/03/2024,Cantidad de POS por Operadora,BEPSA DEL PARAGUAY S.A.E.C.A,21747,OMP 04
01/04/2024,Cantidad de POS por Operadora,BEPSA DEL PARAGUAY S.A.E.C.A,22471,OMP 04
01/05/2024,Cantidad de POS por Operadora,BEPSA DEL PARAGUAY S.A.E.C.A,23085,OMP 04
01/06/2024,Cantidad de POS por Operadora,BEPSA DEL PARAGUAY S.A.E.C.A,23780,OMP 04
01/07/2024,Cantidad de POS por Operadora,BEPSA DEL PARAGUAY S.A.E.C.A,24793,OMP 04
01/08/2024,Cantidad de POS por Operadora,BEPSA DEL PARAGUAY S.A.E.C.A,25594,OMP 04
01/09/2024,Cantidad de POS por Operadora,BEPSA DEL PARAGUAY S.A.E.C.A,25961,OMP 04
01/10/2024,Cantidad de POS por Operadora,BEPSA DEL PARAGUAY S.A.E.C.A,26234,OMP 04
01/11/2024,Cantidad de POS por Operadora,BEPSA DEL PARAGUAY S.A.E.C.A,26461,OMP 04
01/12/2024,Cantidad de POS por Operadora,BEPSA DEL PARAGUAY S.A.E.C.A,26681,OMP 04
01/01/2025,Cantidad de POS por Operadora,BEPSA DEL PARAGUAY S.A.E.C.A,26728,OMP 04
01/02/2025,Cantidad de POS por Operadora,BEPSA DEL PARAGUAY S.A.E.C.A,26783,OMP 04
01/03/2025,Cantidad de POS por Operadora,BEPSA DEL PARAGUAY S.A.E.C.A,27026,OMP 04
01/04/2025,Cantidad de POS por Operadora,BEPSA DEL PARAGUAY S.A.E.C.A,27293,OMP 04
01/05/2025,Cantidad de POS por Operadora,BEPSA DEL PARAGUAY S.A.E.C.A,27596,OMP 04
01/06/2025,Cantidad de POS por Operadora,BEPSA DEL PARAGUAY S.A.E.C.A,28074,OMP 04
01/07/2025,Cantidad de POS por Operadora,BEPSA DEL PARAGUAY S.A.E.C.A,28638,OMP 04
01/08/2025,Cantidad de POS por Operadora,BEPSA DEL PARAGUAY S.A.E.C.A,29202,OMP 04
01/09/2025,Cantidad de POS por Operadora,BEPSA DEL PARAGUAY S.A.E.C.A,30034,OMP 04
01/10/2025,Cantidad de POS por Operadora,BEPSA DEL PARAGUAY S.A.E.C.A,31062,OMP 04
01/11/2025,Cantidad de POS por Operadora,BEPSA DEL PARAGUAY S.A.E.C.A,31964,OMP 04
01/12/2025,Cantidad de POS por Operadora,BEPSA DEL PARAGUAY S.A.E.C.A,32552,OMP 04
01/01/2026,Cantidad de POS por Operadora,BEPSA DEL PARAGUAY S.A.E.C.A,32591,OMP 04
01/02/2026,Cantidad de POS por Operadora,BEPSA DEL PARAGUAY S.A.E.C.A,33051,OMP 04
01/03/2026,Cantidad de POS por Operadora,BEPSA DEL PARAGUAY S.A.E.C.A,33580,OMP 04
01/04/2026,Cantidad de POS por Operadora,BEPSA DEL PARAGUAY S.A.E.C.A,34115,OMP 04
01/05/2026,Cantidad de POS por Operadora,BEPSA DEL PARAGUAY S.A.E.C.A,34485,OMP 04
01/06/2026,Cantidad de POS por Operadora,BEPSA DEL PARAGUAY S.A.E.C.A,34781,OMP 04
01/01/2018,Cantidad de POS por Operadora,PROCARD S.A.,2006,OMP 04
01/02/2018,Cantidad de POS por Operadora,PROCARD S.A.,2006,OMP 04
01/03/2018,Cantidad de POS por Operadora,PROCARD S.A.,2037,OMP 04
01/04/2018,Cantidad de POS por Operadora,PROCARD S.A.,2232,OMP 04
01/05/2018,Cantidad de POS por Operadora,PROCARD S.A.,2294,OMP 04
01/06/2018,Cantidad de POS por Operadora,PROCARD S.A.,2411,OMP 04
01/07/2018,Cantidad de POS por Operadora,PROCARD S.A.,2411,OMP 04
01/08/2018,Cantidad de POS por Operadora,PROCARD S.A.,2485,OMP 04
01/09/2018,Cantidad de POS por Operadora,PROCARD S.A.,2531,OMP 04
01/10/2018,Cantidad de POS por Operadora,PROCARD S.A.,2531,OMP 04
01/11/2018,Cantidad de POS por Operadora,PROCARD S.A.,2531,OMP 04
01/12/2018,Cantidad de POS por Operadora,PROCARD S.A.,2576,OMP 04
01/01/2019,Cantidad de POS por Operadora,PROCARD S.A.,2577,OMP 04
01/02/2019,Cantidad de POS por Operadora,PROCARD S.A.,2627,OMP 04
01/03/2019,Cantidad de POS por Operadora,PROCARD S.A.,2627,OMP 04
01/04/2019,Cantidad de POS por Operadora,PROCARD S.A.,2627,OMP 04
01/05/2019,Cantidad de POS por Operadora,PROCARD S.A.,2627,OMP 04
01/06/2019,Cantidad de POS por Operadora,PROCARD S.A.,2627,OMP 04
01/07/2019,Cantidad de POS por Operadora,PROCARD S.A.,2663,OMP 04
01/08/2019,Cantidad de POS por Operadora,PROCARD S.A.,2689,OMP 04
01/09/2019,Cantidad de POS por Operadora,PROCARD S.A.,2739,OMP 04
01/10/2019,Cantidad de POS por Operadora,PROCARD S.A.,2939,OMP 04
01/11/2019,Cantidad de POS por Operadora,PROCARD S.A.,2939,OMP 04
01/12/2019,Cantidad de POS por Operadora,PROCARD S.A.,2989,OMP 04
01/01/2020,Cantidad de POS por Operadora,PROCARD S.A.,2989,OMP 04
01/02/2020,Cantidad de POS por Operadora,PROCARD S.A.,2989,OMP 04
01/03/2020,Cantidad de POS por Operadora,PROCARD S.A.,2989,OMP 04
01/04/2020,Cantidad de POS por Operadora,PROCARD S.A.,2989,OMP 04
01/05/2020,Cantidad de POS por Operadora,PROCARD S.A.,2996,OMP 04
01/06/2020,Cantidad de POS por Operadora,PROCARD S.A.,2996,OMP 04
01/07/2020,Cantidad de POS por Operadora,PROCARD S.A.,2996,OMP 04
01/08/2020,Cantidad de POS por Operadora,PROCARD S.A.,2996,OMP 04
01/09/2020,Cantidad de POS por Operadora,PROCARD S.A.,2996,OMP 04
01/10/2020,Cantidad de POS por Operadora,PROCARD S.A.,2996,OMP 04
01/11/2020,Cantidad de POS por Operadora,PROCARD S.A.,2996,OMP 04
01/12/2020,Cantidad de POS por Operadora,PROCARD S.A.,2996,OMP 04
01/01/2021,Cantidad de POS por Operadora,PROCARD S.A.,2996,OMP 04
01/02/2021,Cantidad de POS por Operadora,PROCARD S.A.,2996,OMP 04
01/03/2021,Cantidad de POS por Operadora,PROCARD S.A.,2996,OMP 04
01/04/2021,Cantidad de POS por Operadora,PROCARD S.A.,2996,OMP 04
01/05/2021,Cantidad de POS por Operadora,PROCARD S.A.,3046,OMP 04
01/06/2021,Cantidad de POS por Operadora,PROCARD S.A.,3046,OMP 04
01/07/2021,Cantidad de POS por Operadora,PROCARD S.A.,3046,OMP 04
01/08/2021,Cantidad de POS por Operadora,PROCARD S.A.,3145,OMP 04
01/09/2021,Cantidad de POS por Operadora,PROCARD S.A.,3145,OMP 04
01/10/2021,Cantidad de POS por Operadora,PROCARD S.A.,3145,OMP 04
01/11/2021,Cantidad de POS por Operadora,PROCARD S.A.,3145,OMP 04
01/12/2021,Cantidad de POS por Operadora,PROCARD S.A.,3592,OMP 04
01/01/2022,Cantidad de POS por Operadora,PROCARD S.A.,3592,OMP 04
01/02/2022,Cantidad de POS por Operadora,PROCARD S.A.,3592,OMP 04
01/03/2022,Cantidad de POS por Operadora,PROCARD S.A.,3592,OMP 04
01/04/2022,Cantidad de POS por Operadora,PROCARD S.A.,3592,OMP 04
01/05/2022,Cantidad de POS por Operadora,PROCARD S.A.,3592,OMP 04
01/06/2022,Cantidad de POS por Operadora,PROCARD S.A.,3592,OMP 04
01/07/2022,Cantidad de POS por Operadora,PROCARD S.A.,3592,OMP 04
01/08/2022,Cantidad de POS por Operadora,PROCARD S.A.,3592,OMP 04
01/09/2022,Cantidad de POS por Operadora,PROCARD S.A.,3592,OMP 04
01/10/2022,Cantidad de POS por Operadora,PROCARD S.A.,3592,OMP 04
01/11/2022,Cantidad de POS por Operadora,PROCARD S.A.,3592,OMP 04
01/12/2022,Cantidad de POS por Operadora,PROCARD S.A.,3592,OMP 04
01/01/2023,Cantidad de POS por Operadora,PROCARD S.A.,3592,OMP 04
01/02/2023,Cantidad de POS por Operadora,PROCARD S.A.,3592,OMP 04
01/03/2023,Cantidad de POS por Operadora,PROCARD S.A.,3612,OMP 04
01/04/2023,Cantidad de POS por Operadora,PROCARD S.A.,3896,OMP 04
01/05/2023,Cantidad de POS por Operadora,PROCARD S.A.,4190,OMP 04
01/06/2023,Cantidad de POS por Operadora,PROCARD S.A.,4189,OMP 04
01/07/2023,Cantidad de POS por Operadora,PROCARD S.A.,4090,OMP 04
01/08/2023,Cantidad de POS por Operadora,PROCARD S.A.,3938,OMP 04
01/09/2023,Cantidad de POS por Operadora,PROCARD S.A.,3938,OMP 04
01/10/2023,Cantidad de POS por Operadora,PROCARD S.A.,3938,OMP 04
01/11/2023,Cantidad de POS por Operadora,PROCARD S.A.,3938,OMP 04
01/12/2023,Cantidad de POS por Operadora,PROCARD S.A.,3938,OMP 04
01/01/2024,Cantidad de POS por Operadora,PROCARD S.A.,82,OMP 04
01/02/2024,Cantidad de POS por Operadora,PROCARD S.A.,95,OMP 04
01/03/2024,Cantidad de POS por Operadora,PROCARD S.A.,101,OMP 04
01/04/2024,Cantidad de POS por Operadora,PROCARD S.A.,124,OMP 04
01/05/2024,Cantidad de POS por Operadora,PROCARD S.A.,132,OMP 04
01/06/2024,Cantidad de POS por Operadora,PROCARD S.A.,154,OMP 04
01/07/2024,Cantidad de POS por Operadora,PROCARD S.A.,168,OMP 04
01/08/2024,Cantidad de POS por Operadora,PROCARD S.A.,177,OMP 04
01/09/2024,Cantidad de POS por Operadora,PROCARD S.A.,173,OMP 04
01/10/2024,Cantidad de POS por Operadora,PROCARD S.A.,191,OMP 04
01/11/2024,Cantidad de POS por Operadora,PROCARD S.A.,199,OMP 04
01/12/2024,Cantidad de POS por Operadora,PROCARD S.A.,202,OMP 04
01/01/2025,Cantidad de POS por Operadora,PROCARD S.A.,229,OMP 04
01/02/2025,Cantidad de POS por Operadora,PROCARD S.A.,233,OMP 04
01/03/2025,Cantidad de POS por Operadora,PROCARD S.A.,231,OMP 04
01/04/2025,Cantidad de POS por Operadora,PROCARD S.A.,243,OMP 04
01/05/2025,Cantidad de POS por Operadora,PROCARD S.A.,268,OMP 04
01/06/2025,Cantidad de POS por Operadora,PROCARD S.A.,286,OMP 04
01/07/2025,Cantidad de POS por Operadora,PROCARD S.A.,289,OMP 04
01/08/2025,Cantidad de POS por Operadora,PROCARD S.A.,291,OMP 04
01/09/2025,Cantidad de POS por Operadora,PROCARD S.A.,179,OMP 04
01/10/2025,Cantidad de POS por Operadora,PROCARD S.A.,283,OMP 04
01/11/2025,Cantidad de POS por Operadora,PROCARD S.A.,280,OMP 04
01/12/2025,Cantidad de POS por Operadora,PROCARD S.A.,268,OMP 04
01/01/2026,Cantidad de POS por Operadora,PROCARD S.A.,228,OMP 04
01/02/2026,Cantidad de POS por Operadora,PROCARD S.A.,269,OMP 04
01/03/2026,Cantidad de POS por Operadora,PROCARD S.A.,204,OMP 04
01/04/2026,Cantidad de POS por Operadora,PROCARD S.A.,264,OMP 04
01/05/2026,Cantidad de POS por Operadora,PROCARD S.A.,265,OMP 04
01/06/2026,Cantidad de POS por Operadora,PROCARD S.A.,202,OMP 04
01/08/2024,Cantidad de POS por Operadora,UPAY,1,OMP 04
01/09/2024,Cantidad de POS por Operadora,UPAY,50,OMP 04
01/10/2024,Cantidad de POS por Operadora,UPAY,184,OMP 04
01/11/2024,Cantidad de POS por Operadora,UPAY,445,OMP 04
01/12/2024,Cantidad de POS por Operadora,UPAY,2655,OMP 04
01/01/2025,Cantidad de POS por Operadora,UPAY,5704,OMP 04
01/02/2025,Cantidad de POS por Operadora,UPAY,7910,OMP 04
01/03/2025,Cantidad de POS por Operadora,UPAY,8830,OMP 04
01/04/2025,Cantidad de POS por Operadora,UPAY,9034,OMP 04
01/05/2025,Cantidad de POS por Operadora,UPAY,9291,OMP 04
01/06/2025,Cantidad de POS por Operadora,UPAY,9356,OMP 04
01/07/2025,Cantidad de POS por Operadora,UPAY,12607,OMP 04
01/08/2025,Cantidad de POS por Operadora,UPAY,16322,OMP 04
01/09/2025,Cantidad de POS por Operadora,UPAY,19267,OMP 04
01/10/2025,Cantidad de POS por Operadora,UPAY,23358,OMP 04
01/11/2025,Cantidad de POS por Operadora,UPAY,25619,OMP 04
01/12/2025,Cantidad de POS por Operadora,UPAY,27627,OMP 04
01/01/2026,Cantidad de POS por Operadora,UPAY,30147,OMP 04
01/02/2026,Cantidad de POS por Operadora,UPAY,31939,OMP 04
01/03/2026,Cantidad de POS por Operadora,UPAY,33063,OMP 04
01/04/2026,Cantidad de POS por Operadora,UPAY,34360,OMP 04
01/05/2026,Cantidad de POS por Operadora,UPAY,35131,OMP 04
01/06/2026,Cantidad de POS por Operadora,UPAY,36091,OMP 04
01/01/2018,Extracciones en ATM,Cantidad,3330877,OMP 04
01/02/2018,Extracciones en ATM,Cantidad,3511077,OMP 04
01/03/2018,Extracciones en ATM,Cantidad,3972244,OMP 04
01/04/2018,Extracciones en ATM,Cantidad,3554581,OMP 04
01/05/2018,Extracciones en ATM,Cantidad,3612300,OMP 04
01/06/2018,Extracciones en ATM,Cantidad,3604996,OMP 04
01/07/2018,Extracciones en ATM,Cantidad,3617372,OMP 04
01/08/2018,Extracciones en ATM,Cantidad,3652184,OMP 04
01/09/2018,Extracciones en ATM,Cantidad,3646415,OMP 04
01/10/2018,Extracciones en ATM,Cantidad,3683213,OMP 04
01/11/2018,Extracciones en ATM,Cantidad,3829112,OMP 04
01/12/2018,Extracciones en ATM,Cantidad,5159251,OMP 04
01/01/2019,Extracciones en ATM,Cantidad,3614595,OMP 04
01/02/2019,Extracciones en ATM,Cantidad,3653130,OMP 04
01/03/2019,Extracciones en ATM,Cantidad,4268038,OMP 04
01/04/2019,Extracciones en ATM,Cantidad,3537482,OMP 04
01/05/2019,Extracciones en ATM,Cantidad,3960663,OMP 04
01/06/2019,Extracciones en ATM,Cantidad,3693995,OMP 04
01/07/2019,Extracciones en ATM,Cantidad,3849690,OMP 04
01/08/2019,Extracciones en ATM,Cantidad,3968451,OMP 04
01/09/2019,Extracciones en ATM,Cantidad,3833619,OMP 04
01/10/2019,Extracciones en ATM,Cantidad,4004514,OMP 04
01/11/2019,Extracciones en ATM,Cantidad,4148994,OMP 04
01/12/2019,Extracciones en ATM,Cantidad,5425203,OMP 04
01/01/2020,Extracciones en ATM,Cantidad,3813002,OMP 04
01/02/2020,Extracciones en ATM,Cantidad,3957116,OMP 04
01/03/2020,Extracciones en ATM,Cantidad,3451883,OMP 04
01/04/2020,Extracciones en ATM,Cantidad,2839787,OMP 04
01/05/2020,Extracciones en ATM,Cantidad,3521893,OMP 04
01/06/2020,Extracciones en ATM,Cantidad,3299364,OMP 04
01/07/2020,Extracciones en ATM,Cantidad,3699382,OMP 04
01/08/2020,Extracciones en ATM,Cantidad,3568673,OMP 04
01/09/2020,Extracciones en ATM,Cantidad,3404726,OMP 04
01/10/2020,Extracciones en ATM,Cantidad,3956794,OMP 04
01/11/2020,Extracciones en ATM,Cantidad,3603118,OMP 04
01/12/2020,Extracciones en ATM,Cantidad,5230486,OMP 04
01/01/2021,Extracciones en ATM,Cantidad,3726731,OMP 04
01/02/2021,Extracciones en ATM,Cantidad,3716414,OMP 04
01/03/2021,Extracciones en ATM,Cantidad,3846740,OMP 04
01/04/2021,Extracciones en ATM,Cantidad,3522809,OMP 04
01/05/2021,Extracciones en ATM,Cantidad,3749488,OMP 04
01/06/2021,Extracciones en ATM,Cantidad,3607309,OMP 04
01/07/2021,Extracciones en ATM,Cantidad,4188982,OMP 04
01/08/2021,Extracciones en ATM,Cantidad,4031126.7,OMP 04
01/09/2021,Extracciones en ATM,Cantidad,4268470,OMP 04
01/10/2021,Extracciones en ATM,Cantidad,4651756,OMP 04
01/11/2021,Extracciones en ATM,Cantidad,4495633,OMP 04
01/12/2021,Extracciones en ATM,Cantidad,6502483,OMP 04
01/01/2022,Extracciones en ATM,Cantidad,4324535,OMP 04
01/02/2022,Extracciones en ATM,Cantidad,4580021,OMP 04
01/03/2022,Extracciones en ATM,Cantidad,4591715,OMP 04
01/04/2022,Extracciones en ATM,Cantidad,4723813,OMP 04
01/05/2022,Extracciones en ATM,Cantidad,4437819,OMP 04
01/06/2022,Extracciones en ATM,Cantidad,4396884,OMP 04
01/07/2022,Extracciones en ATM,Cantidad,4975790,OMP 04
01/08/2022,Extracciones en ATM,Cantidad,4653786,OMP 04
01/09/2022,Extracciones en ATM,Cantidad,4432987,OMP 04
01/10/2022,Extracciones en ATM,Cantidad,4885713,OMP 04
01/11/2022,Extracciones en ATM,Cantidad,4231963,OMP 04
01/12/2022,Extracciones en ATM,Cantidad,5665685,OMP 04
01/01/2023,Extracciones en ATM,Cantidad,4053915,OMP 04
01/02/2023,Extracciones en ATM,Cantidad,3987810,OMP 04
01/03/2023,Extracciones en ATM,Cantidad,4436119,OMP 04
01/04/2023,Extracciones en ATM,Cantidad,4139084,OMP 04
01/05/2023,Extracciones en ATM,Cantidad,4080001,OMP 04
01/06/2023,Extracciones en ATM,Cantidad,4227846,OMP 04
01/07/2023,Extracciones en ATM,Cantidad,4317472,OMP 04
01/08/2023,Extracciones en ATM,Cantidad,4238376,OMP 04
01/09/2023,Extracciones en ATM,Cantidad,4316622,OMP 04
01/10/2023,Extracciones en ATM,Cantidad,4218392,OMP 04
01/11/2023,Extracciones en ATM,Cantidad,4372421,OMP 04
01/12/2023,Extracciones en ATM,Cantidad,5677972,OMP 04
01/01/2024,Extracciones en ATM,Cantidad,4089359,OMP 04
01/02/2024,Extracciones en ATM,Cantidad,4109455,OMP 04
01/03/2024,Extracciones en ATM,Cantidad,4328036,OMP 04
01/04/2024,Extracciones en ATM,Cantidad,4022232,OMP 04
01/05/2024,Extracciones en ATM,Cantidad,4065290,OMP 04
01/06/2024,Extracciones en ATM,Cantidad,4041824,OMP 04
01/07/2024,Extracciones en ATM,Cantidad,3837023,OMP 04
01/08/2024,Extracciones en ATM,Cantidad,4026736,OMP 04
01/09/2024,Extracciones en ATM,Cantidad,4091731,OMP 04
01/10/2024,Extracciones en ATM,Cantidad,3854191,OMP 04
01/11/2024,Extracciones en ATM,Cantidad,4026557,OMP 04
01/12/2024,Extracciones en ATM,Cantidad,5004452,OMP 04
01/01/2025,Extracciones en ATM,Cantidad,3694921,OMP 04
01/02/2025,Extracciones en ATM,Cantidad,3484645,OMP 04
01/03/2025,Extracciones en ATM,Cantidad,3895960,OMP 04
01/04/2025,Extracciones en ATM,Cantidad,3572231,OMP 04
01/05/2025,Extracciones en ATM,Cantidad,3887085,OMP 04
01/06/2025,Extracciones en ATM,Cantidad,4199735,OMP 04
01/07/2025,Extracciones en ATM,Cantidad,4510221,OMP 04
01/08/2025,Extracciones en ATM,Cantidad,4413589,OMP 04
01/09/2025,Extracciones en ATM,Cantidad,4246249,OMP 04
01/10/2025,Extracciones en ATM,Cantidad,4407832,OMP 04
01/11/2025,Extracciones en ATM,Cantidad,4327536,OMP 04
01/12/2025,Extracciones en ATM,Cantidad,5440058,OMP 04
01/01/2026,Extracciones en ATM,Cantidad,4086527,OMP 04
01/02/2026,Extracciones en ATM,Cantidad,3882849,OMP 04
01/03/2026,Extracciones en ATM,Cantidad,4168401,OMP 04
01/04/2026,Extracciones en ATM,Cantidad,3705704,OMP 04
01/05/2026,Extracciones en ATM,Cantidad,3872508,OMP 04
01/06/2026,Extracciones en ATM,Cantidad,3495609,OMP 04
01/01/2018,Extracciones en ATM,Monto,2372548431550,OMP 04
01/02/2018,Extracciones en ATM,Monto,2563380952350,OMP 04
01/03/2018,Extracciones en ATM,Monto,2877150868050,OMP 04
01/04/2018,Extracciones en ATM,Monto,2550992983150,OMP 04
01/05/2018,Extracciones en ATM,Monto,2597100112400,OMP 04
01/06/2018,Extracciones en ATM,Monto,2612501118250,OMP 04
01/07/2018,Extracciones en ATM,Monto,2593512789300,OMP 04
01/08/2018,Extracciones en ATM,Monto,2608638535250,OMP 04
01/09/2018,Extracciones en ATM,Monto,2594578683200,OMP 04
01/10/2018,Extracciones en ATM,Monto,2618414665300,OMP 04
01/11/2018,Extracciones en ATM,Monto,2778649455108,OMP 04
01/12/2018,Extracciones en ATM,Monto,4329152860050,OMP 04
01/01/2019,Extracciones en ATM,Monto,2578100569500,OMP 04
01/02/2019,Extracciones en ATM,Monto,2634921157200,OMP 04
01/03/2019,Extracciones en ATM,Monto,3062062433400,OMP 04
01/04/2019,Extracciones en ATM,Monto,2520934554500,OMP 04
01/05/2019,Extracciones en ATM,Monto,2813705774350,OMP 04
01/06/2019,Extracciones en ATM,Monto,2645117810450,OMP 04
01/07/2019,Extracciones en ATM,Monto,2698867675850,OMP 04
01/08/2019,Extracciones en ATM,Monto,2834268781600,OMP 04
01/09/2019,Extracciones en ATM,Monto,2678211026200,OMP 04
01/10/2019,Extracciones en ATM,Monto,2819891779100,OMP 04
01/11/2019,Extracciones en ATM,Monto,2987512019700,OMP 04
01/12/2019,Extracciones en ATM,Monto,4571681602450,OMP 04
01/01/2020,Extracciones en ATM,Monto,2742333952915,OMP 04
01/02/2020,Extracciones en ATM,Monto,2913575478650,OMP 04
01/03/2020,Extracciones en ATM,Monto,2639243017900,OMP 04
01/04/2020,Extracciones en ATM,Monto,2224108706250,OMP 04
01/05/2020,Extracciones en ATM,Monto,2850387540950,OMP 04
01/06/2020,Extracciones en ATM,Monto,2654332206850,OMP 04
01/07/2020,Extracciones en ATM,Monto,2961520068350,OMP 04
01/08/2020,Extracciones en ATM,Monto,2931247022700,OMP 04
01/09/2020,Extracciones en ATM,Monto,2725282145300,OMP 04
01/10/2020,Extracciones en ATM,Monto,3135726565100,OMP 04
01/11/2020,Extracciones en ATM,Monto,2912303533718,OMP 04
01/12/2020,Extracciones en ATM,Monto,4632239747850,OMP 04
01/01/2021,Extracciones en ATM,Monto,2890336722000,OMP 04
01/02/2021,Extracciones en ATM,Monto,2909084558800,OMP 04
01/03/2021,Extracciones en ATM,Monto,3081935109150,OMP 04
01/04/2021,Extracciones en ATM,Monto,2740422615450,OMP 04
01/05/2021,Extracciones en ATM,Monto,2934432002350,OMP 04
01/06/2021,Extracciones en ATM,Monto,2758031682950,OMP 04
01/07/2021,Extracciones en ATM,Monto,3219676229050,OMP 04
01/08/2021,Extracciones en ATM,Monto,3042293542545,OMP 04
01/09/2021,Extracciones en ATM,Monto,3200841054600,OMP 04
01/10/2021,Extracciones en ATM,Monto,3551641849800,OMP 04
01/11/2021,Extracciones en ATM,Monto,3463800763300,OMP 04
01/12/2021,Extracciones en ATM,Monto,5634717179550,OMP 04
01/01/2022,Extracciones en ATM,Monto,3307853291000,OMP 04
01/02/2022,Extracciones en ATM,Monto,3464583413550,OMP 04
01/03/2022,Extracciones en ATM,Monto,3486920940600,OMP 04
01/04/2022,Extracciones en ATM,Monto,3576067720050,OMP 04
01/05/2022,Extracciones en ATM,Monto,3305171247197,OMP 04
01/06/2022,Extracciones en ATM,Monto,3238686364600,OMP 04
01/07/2022,Extracciones en ATM,Monto,3715424659100,OMP 04
01/08/2022,Extracciones en ATM,Monto,3414078278000,OMP 04
01/09/2022,Extracciones en ATM,Monto,3289690735600,OMP 04
01/10/2022,Extracciones en ATM,Monto,3588609152000,OMP 04
01/11/2022,Extracciones en ATM,Monto,3608812344000,OMP 04
01/12/2022,Extracciones en ATM,Monto,5766438710950,OMP 04
01/01/2023,Extracciones en ATM,Monto,3436459194500,OMP 04
01/02/2023,Extracciones en ATM,Monto,3521916782700,OMP 04
01/03/2023,Extracciones en ATM,Monto,3787909764200,OMP 04
01/04/2023,Extracciones en ATM,Monto,3609667129400,OMP 04
01/05/2023,Extracciones en ATM,Monto,3408822168200,OMP 04
01/06/2023,Extracciones en ATM,Monto,3569137841700,OMP 04
01/07/2023,Extracciones en ATM,Monto,3697916747700,OMP 04
01/08/2023,Extracciones en ATM,Monto,3578907921700,OMP 04
01/09/2023,Extracciones en ATM,Monto,3680762600200,OMP 04
01/10/2023,Extracciones en ATM,Monto,3527445267300,OMP 04
01/11/2023,Extracciones en ATM,Monto,3725349735200,OMP 04
01/12/2023,Extracciones en ATM,Monto,5717462756350,OMP 04
01/01/2024,Extracciones en ATM,Monto,3499072827200,OMP 04
01/02/2024,Extracciones en ATM,Monto,3575718793285,OMP 04
01/03/2024,Extracciones en ATM,Monto,3812935048860,OMP 04
01/04/2024,Extracciones en ATM,Monto,3360158169292,OMP 04
01/05/2024,Extracciones en ATM,Monto,3467321518129,OMP 04
01/06/2024,Extracciones en ATM,Monto,3460502043596,OMP 04
01/07/2024,Extracciones en ATM,Monto,3311087365935,OMP 04
01/08/2024,Extracciones en ATM,Monto,3448308615519,OMP 04
01/09/2024,Extracciones en ATM,Monto,3409140051720,OMP 04
01/10/2024,Extracciones en ATM,Monto,3234211541836,OMP 04
01/11/2024,Extracciones en ATM,Monto,3476057520467,OMP 04
01/12/2024,Extracciones en ATM,Monto,4928905620205,OMP 04
01/01/2025,Extracciones en ATM,Monto,3258722390424,OMP 04
01/02/2025,Extracciones en ATM,Monto,3043429938297,OMP 04
01/03/2025,Extracciones en ATM,Monto,3417401303756,OMP 04
01/04/2025,Extracciones en ATM,Monto,3083100845943,OMP 04
01/05/2025,Extracciones en ATM,Monto,3299984251250,OMP 04
01/06/2025,Extracciones en ATM,Monto,3057393316162,OMP 04
01/07/2025,Extracciones en ATM,Monto,3293302843243,OMP 04
01/08/2025,Extracciones en ATM,Monto,3237862522207,OMP 04
01/09/2025,Extracciones en ATM,Monto,3082374057188,OMP 04
01/10/2025,Extracciones en ATM,Monto,3207948605509,OMP 04
01/11/2025,Extracciones en ATM,Monto,3232543799844,OMP 04
01/12/2025,Extracciones en ATM,Monto,4664842542740,OMP 04
01/01/2026,Extracciones en ATM,Monto,3090892431976,OMP 04
01/02/2026,Extracciones en ATM,Monto,2933377622226,OMP 04
01/03/2026,Extracciones en ATM,Monto,3148185381062,OMP 04
01/04/2026,Extracciones en ATM,Monto,2752209881274,OMP 04
01/05/2026,Extracciones en ATM,Monto,2655955958853,OMP 04
01/06/2026,Extracciones en ATM,Monto,2619758474355,OMP 04
01/01/2018,Total QR,Cantidad,0,OMP 04
01/02/2018,Total QR,Cantidad,0,OMP 04
01/03/2018,Total QR,Cantidad,0,OMP 04
01/04/2018,Total QR,Cantidad,0,OMP 04
01/05/2018,Total QR,Cantidad,0,OMP 04
01/06/2018,Total QR,Cantidad,0,OMP 04
01/07/2018,Total QR,Cantidad,0,OMP 04
01/08/2018,Total QR,Cantidad,0,OMP 04
01/09/2018,Total QR,Cantidad,0,OMP 04
01/10/2018,Total QR,Cantidad,0,OMP 04
01/11/2018,Total QR,Cantidad,0,OMP 04
01/12/2018,Total QR,Cantidad,0,OMP 04
01/01/2019,Total QR,Cantidad,0,OMP 04
01/02/2019,Total QR,Cantidad,0,OMP 04
01/03/2019,Total QR,Cantidad,0,OMP 04
01/04/2019,Total QR,Cantidad,0,OMP 04
01/05/2019,Total QR,Cantidad,0,OMP 04
01/06/2019,Total QR,Cantidad,0,OMP 04
01/07/2019,Total QR,Cantidad,0,OMP 04
01/08/2019,Total QR,Cantidad,0,OMP 04
01/09/2019,Total QR,Cantidad,0,OMP 04
01/10/2019,Total QR,Cantidad,0,OMP 04
01/11/2019,Total QR,Cantidad,0,OMP 04
01/12/2019,Total QR,Cantidad,0,OMP 04
01/01/2020,Total QR,Cantidad,0,OMP 04
01/02/2020,Total QR,Cantidad,0,OMP 04
01/03/2020,Total QR,Cantidad,0,OMP 04
01/04/2020,Total QR,Cantidad,0,OMP 04
01/05/2020,Total QR,Cantidad,0,OMP 04
01/06/2020,Total QR,Cantidad,0,OMP 04
01/07/2020,Total QR,Cantidad,0,OMP 04
01/08/2020,Total QR,Cantidad,0,OMP 04
01/09/2020,Total QR,Cantidad,0,OMP 04
01/10/2020,Total QR,Cantidad,0,OMP 04
01/11/2020,Total QR,Cantidad,0,OMP 04
01/12/2020,Total QR,Cantidad,0,OMP 04
01/01/2021,Total QR,Cantidad,0,OMP 04
01/02/2021,Total QR,Cantidad,0,OMP 04
01/03/2021,Total QR,Cantidad,0,OMP 04
01/04/2021,Total QR,Cantidad,0,OMP 04
01/05/2021,Total QR,Cantidad,0,OMP 04
01/06/2021,Total QR,Cantidad,0,OMP 04
01/07/2021,Total QR,Cantidad,0,OMP 04
01/08/2021,Total QR,Cantidad,0,OMP 04
01/09/2021,Total QR,Cantidad,0,OMP 04
01/10/2021,Total QR,Cantidad,0,OMP 04
01/11/2021,Total QR,Cantidad,0,OMP 04
01/12/2021,Total QR,Cantidad,0,OMP 04
01/01/2022,Total QR,Cantidad,305453,OMP 04
01/02/2022,Total QR,Cantidad,386004,OMP 04
01/03/2022,Total QR,Cantidad,517119,OMP 04
01/04/2022,Total QR,Cantidad,529780,OMP 04
01/05/2022,Total QR,Cantidad,691914,OMP 04
01/06/2022,Total QR,Cantidad,789631,OMP 04
01/07/2022,Total QR,Cantidad,985291,OMP 04
01/08/2022,Total QR,Cantidad,1170905,OMP 04
01/09/2022,Total QR,Cantidad,1277617,OMP 04
01/10/2022,Total QR,Cantidad,1499205,OMP 04
01/11/2022,Total QR,Cantidad,1673051,OMP 04
01/12/2022,Total QR,Cantidad,2264129,OMP 04
01/01/2023,Total QR,Cantidad,2050220,OMP 04
01/02/2023,Total QR,Cantidad,2048152,OMP 04
01/03/2023,Total QR,Cantidad,2517129,OMP 04
01/04/2023,Total QR,Cantidad,2502401,OMP 04
01/05/2023,Total QR,Cantidad,2917074,OMP 04
01/06/2023,Total QR,Cantidad,2966647,OMP 04
01/07/2023,Total QR,Cantidad,3334117,OMP 04
01/08/2023,Total QR,Cantidad,3717989,OMP 04
01/09/2023,Total QR,Cantidad,4054712,OMP 04
01/10/2023,Total QR,Cantidad,4550994,OMP 04
01/11/2023,Total QR,Cantidad,4857780,OMP 04
01/12/2023,Total QR,Cantidad,5990158,OMP 04
01/01/2024,Total QR,Cantidad,5840918,OMP 04
01/02/2024,Total QR,Cantidad,6104363,OMP 04
01/03/2024,Total QR,Cantidad,6816850,OMP 04
01/04/2024,Total QR,Cantidad,7165878,OMP 04
01/05/2024,Total QR,Cantidad,7713362,OMP 04
01/06/2024,Total QR,Cantidad,8214408,OMP 04
01/07/2024,Total QR,Cantidad,9304393,OMP 04
01/08/2024,Total QR,Cantidad,10381302,OMP 04
01/09/2024,Total QR,Cantidad,10640103,OMP 04
01/10/2024,Total QR,Cantidad,11462234,OMP 04
01/11/2024,Total QR,Cantidad,11954560,OMP 04
01/12/2024,Total QR,Cantidad,13465716,OMP 04
01/01/2025,Total QR,Cantidad,12514900,OMP 04
01/02/2025,Total QR,Cantidad,12249366,OMP 04
01/03/2025,Total QR,Cantidad,13894958,OMP 04
01/04/2025,Total QR,Cantidad,13303460,OMP 04
01/05/2025,Total QR,Cantidad,14815069,OMP 04
01/06/2025,Total QR,Cantidad,14494648,OMP 04
01/07/2025,Total QR,Cantidad,16300482,OMP 04
01/08/2025,Total QR,Cantidad,17392499,OMP 04
01/09/2025,Total QR,Cantidad,17606199,OMP 04
01/10/2025,Total QR,Cantidad,19243731,OMP 04
01/11/2025,Total QR,Cantidad,19881809,OMP 04
01/12/2025,Total QR,Cantidad,22779270,OMP 04
01/01/2026,Total QR,Cantidad,21240045,OMP 04
01/02/2026,Total QR,Cantidad,20922586,OMP 04
01/03/2026,Total QR,Cantidad,24061390,OMP 04
01/04/2026,Total QR,Cantidad,23057542,OMP 04
01/05/2026,Total QR,Cantidad,25154241,OMP 04
01/06/2026,Total QR,Cantidad,24520350,OMP 04
01/01/2018,Total QR,Monto,0,OMP 04
01/02/2018,Total QR,Monto,0,OMP 04
01/03/2018,Total QR,Monto,0,OMP 04
01/04/2018,Total QR,Monto,0,OMP 04
01/05/2018,Total QR,Monto,0,OMP 04
01/06/2018,Total QR,Monto,0,OMP 04
01/07/2018,Total QR,Monto,0,OMP 04
01/08/2018,Total QR,Monto,0,OMP 04
01/09/2018,Total QR,Monto,0,OMP 04
01/10/2018,Total QR,Monto,0,OMP 04
01/11/2018,Total QR,Monto,0,OMP 04
01/12/2018,Total QR,Monto,0,OMP 04
01/01/2019,Total QR,Monto,0,OMP 04
01/02/2019,Total QR,Monto,0,OMP 04
01/03/2019,Total QR,Monto,0,OMP 04
01/04/2019,Total QR,Monto,0,OMP 04
01/05/2019,Total QR,Monto,0,OMP 04
01/06/2019,Total QR,Monto,0,OMP 04
01/07/2019,Total QR,Monto,0,OMP 04
01/08/2019,Total QR,Monto,0,OMP 04
01/09/2019,Total QR,Monto,0,OMP 04
01/10/2019,Total QR,Monto,0,OMP 04
01/11/2019,Total QR,Monto,0,OMP 04
01/12/2019,Total QR,Monto,0,OMP 04
01/01/2020,Total QR,Monto,0,OMP 04
01/02/2020,Total QR,Monto,0,OMP 04
01/03/2020,Total QR,Monto,0,OMP 04
01/04/2020,Total QR,Monto,0,OMP 04
01/05/2020,Total QR,Monto,0,OMP 04
01/06/2020,Total QR,Monto,0,OMP 04
01/07/2020,Total QR,Monto,0,OMP 04
01/08/2020,Total QR,Monto,0,OMP 04
01/09/2020,Total QR,Monto,0,OMP 04
01/10/2020,Total QR,Monto,0,OMP 04
01/11/2020,Total QR,Monto,0,OMP 04
01/12/2020,Total QR,Monto,0,OMP 04
01/01/2021,Total QR,Monto,0,OMP 04
01/02/2021,Total QR,Monto,0,OMP 04
01/03/2021,Total QR,Monto,0,OMP 04
01/04/2021,Total QR,Monto,0,OMP 04
01/05/2021,Total QR,Monto,0,OMP 04
01/06/2021,Total QR,Monto,0,OMP 04
01/07/2021,Total QR,Monto,0,OMP 04
01/08/2021,Total QR,Monto,0,OMP 04
01/09/2021,Total QR,Monto,0,OMP 04
01/10/2021,Total QR,Monto,0,OMP 04
01/11/2021,Total QR,Monto,0,OMP 04
01/12/2021,Total QR,Monto,0,OMP 04
01/01/2022,Total QR,Monto,45069719361,OMP 04
01/02/2022,Total QR,Monto,59080829296,OMP 04
01/03/2022,Total QR,Monto,78351962915,OMP 04
01/04/2022,Total QR,Monto,82387655128,OMP 04
01/05/2022,Total QR,Monto,114140412711,OMP 04
01/06/2022,Total QR,Monto,126474067365,OMP 04
01/07/2022,Total QR,Monto,139573417370,OMP 04
01/08/2022,Total QR,Monto,166702227401,OMP 04
01/09/2022,Total QR,Monto,176335070416,OMP 04
01/10/2022,Total QR,Monto,201792994373,OMP 04
01/11/2022,Total QR,Monto,235177800021,OMP 04
01/12/2022,Total QR,Monto,363754235505,OMP 04
01/01/2023,Total QR,Monto,286474982942,OMP 04
01/02/2023,Total QR,Monto,289127674458,OMP 04
01/03/2023,Total QR,Monto,333523279749,OMP 04
01/04/2023,Total QR,Monto,328283332626,OMP 04
01/05/2023,Total QR,Monto,396501016511,OMP 04
01/06/2023,Total QR,Monto,393208202647,OMP 04
01/07/2023,Total QR,Monto,427131710064,OMP 04
01/08/2023,Total QR,Monto,459215802682,OMP 04
01/09/2023,Total QR,Monto,489294388198,OMP 04
01/10/2023,Total QR,Monto,542739962616,OMP 04
01/11/2023,Total QR,Monto,595200575513,OMP 04
01/12/2023,Total QR,Monto,843449961855,OMP 04
01/01/2024,Total QR,Monto,722585431531,OMP 04
01/02/2024,Total QR,Monto,738462957591,OMP 04
01/03/2024,Total QR,Monto,773839686808,OMP 04
01/04/2024,Total QR,Monto,829251950204,OMP 04
01/05/2024,Total QR,Monto,908609120014,OMP 04
01/06/2024,Total QR,Monto,924452563900,OMP 04
01/07/2024,Total QR,Monto,1047547775116,OMP 04
01/08/2024,Total QR,Monto,1132561798481,OMP 04
01/09/2024,Total QR,Monto,1145870830006,OMP 04
01/10/2024,Total QR,Monto,1248296387845,OMP 04
01/11/2024,Total QR,Monto,1340690755873,OMP 04
01/12/2024,Total QR,Monto,1778646296257,OMP 04
01/01/2025,Total QR,Monto,1438043259991.5,OMP 04
01/02/2025,Total QR,Monto,1393096286226,OMP 04
01/03/2025,Total QR,Monto,1525034366678,OMP 04
01/04/2025,Total QR,Monto,1482931451231,OMP 04
01/05/2025,Total QR,Monto,1658912285911,OMP 04
01/06/2025,Total QR,Monto,1656257380873,OMP 04
01/07/2025,Total QR,Monto,1820871921962,OMP 04
01/08/2025,Total QR,Monto,1881188364461,OMP 04
01/09/2025,Total QR,Monto,1907878960561,OMP 04
01/10/2025,Total QR,Monto,2057269591548,OMP 04
01/11/2025,Total QR,Monto,2162486812718,OMP 04
01/12/2025,Total QR,Monto,2830614359134,OMP 04
01/01/2026,Total QR,Monto,2315744291609,OMP 04
01/02/2026,Total QR,Monto,2250198921033,OMP 04
01/03/2026,Total QR,Monto,2538083291625,OMP 04
01/04/2026,Total QR,Monto,2407893274585,OMP 04
01/05/2026,Total QR,Monto,2665746191618,OMP 04
01/06/2026,Total QR,Monto,2521851420816,OMP 04
